Liquid Conductivity,Total Concentration,CPP,section,stick,x_lo,x_hi,y_lo,y_hi,default_color,effective_center_x,effective_center_y,top_depth,bottom_depth,mid_depth,top_angle,side_angle,top_depth_adj,bottom_depth_adj,mid_depth_adj,concentration_<12,concentration_<10,concentration_<9,concentration_<8,concentration_<6,concentration_<4
1.93,0.0,,230_4,stick1,0.0,0.03,0.0,0.032,5.0,0.015,0.016,156.81280683082113,156.81280683082113,156.81280683082113,27.81977619748942,30.452979490761543,156.8301290937004,156.8301290937004,156.8301290937004,0.0,0.0,0.0,0.0,0.0,0.0
1.94,0.0,,230_4,stick1,0.0,0.03,0.0,0.032,5.0,0.015,0.016,156.81330633313766,156.81330633313766,156.81330633313766,27.81977619748942,30.452979490761543,156.83062859601694,156.83062859601694,156.83062859601694,0.0,0.0,0.0,0.0,0.0,0.0
1.94,0.0,,230_4,stick1,0.0,0.03,0.0,0.032,5.0,0.015,0.016,156.81360352685743,156.81360352685743,156.81360352685743,27.81977619748942,30.452979490761543,156.8309257897367,156.8309257897367,156.8309257897367,0.0,0.0,0.0,0.0,0.0,0.0
1.94,0.0,,230_4,stick1,0.0,0.03,0.0,0.032,5.0,0.015,0.016,156.81400992739532,156.81400992739532,156.81400992739532,27.81977619748942,30.452979490761543,156.8313321902746,156.8313321902746,156.8313321902746,0.0,0.0,0.0,0.0,0.0,0.0
1.94,0.0,,230_4,stick1,0.0,0.03,0.0,0.032,5.0,0.015,0.016,156.81440556134504,156.81440556134504,156.81440556134504,27.81977619748942,30.452979490761543,156.83172782422432,156.83172782422432,156.83172782422432,0.0,0.0,0.0,0.0,0.0,0.0
1.94,0.0,,230_4,stick1,0.0,0.03,0.0,0.032,5.0,0.015,0.016,156.8147081185381,156.8147081185381,156.8147081185381,27.81977619748942,30.452979490761543,156.83203038141738,156.83203038141738,156.83203038141738,0.0,0.0,0.0,0.0,0.0,0.0
1.94,0.0,,230_4,stick1,0.0,0.03,0.0,0.032,5.0,0.015,0.016,156.8151083432192,156.8151083432192,156.8151083432192,27.81977619748942,30.452979490761543,156.83243060609848,156.83243060609848,156.83243060609848,0.0,0.0,0.0,0.0,0.0,0.0
1.93,0.0,,230_4,stick1,0.0,0.03,0.0,0.032,5.0,0.015,0.016,156.81540455372524,156.81540455372524,156.81540455372524,27.81977619748942,30.452979490761543,156.83272681660452,156.83272681660452,156.83272681660452,0.0,0.0,0.0,0.0,0.0,0.0
1.93,0.0,,230_4,stick1,0.0,0.03,0.0,0.032,5.0,0.015,0.016,156.81580574938312,156.81580574938312,156.81580574938312,27.81977619748942,30.452979490761543,156.8331280122624,156.8331280122624,156.8331280122624,0.0,0.0,0.0,0.0,0.0,0.0
1.92,0.0,,230_4,stick1,0.0,0.03,0.0,0.032,5.0,0.015,0.016,156.81620410834165,156.81620410834165,156.81620410834165,27.81977619748942,30.452979490761543,156.83352637122093,156.83352637122093,156.83352637122093,0.0,0.0,0.0,0.0,0.0,0.0
1.92,0.0,,230_4,stick1,0.0,0.03,0.0,0.032,5.0,0.015,0.016,156.8165029441907,156.8165029441907,156.8165029441907,27.81977619748942,30.452979490761543,156.83382520706996,156.83382520706996,156.83382520706996,0.0,0.0,0.0,0.0,0.0,0.0
1.93,0.0,,230_4,stick1,0.0,0.03,0.0,0.032,5.0,0.015,0.016,156.816805295287,156.816805295287,156.816805295287,27.81977619748942,30.452979490761543,156.83412755816627,156.83412755816627,156.83412755816627,0.0,0.0,0.0,0.0,0.0,0.0
1.93,0.0,,230_4,stick1,0.0,0.03,0.0,0.032,5.0,0.015,0.016,156.8171985542146,156.8171985542146,156.8171985542146,27.81977619748942,30.452979490761543,156.83452081709387,156.83452081709387,156.83452081709387,0.0,0.0,0.0,0.0,0.0,0.0
1.93,0.0,,230_4,stick1,0.0,0.03,0.0,0.032,5.0,0.015,0.016,156.81760255141222,156.81760255141222,156.81760255141222,27.81977619748942,30.452979490761543,156.8349248142915,156.8349248142915,156.8349248142915,0.0,0.0,0.0,0.0,0.0,0.0
1.92,0.0,,230_4,stick1,0.0,0.03,0.0,0.032,5.0,0.015,0.016,156.8179084620831,156.8179084620831,156.8179084620831,27.81977619748942,30.452979490761543,156.83523072496237,156.83523072496237,156.83523072496237,0.0,0.0,0.0,0.0,0.0,0.0
1.9,0.0,,230_4,stick1,0.0,0.03,0.0,0.032,5.0,0.015,0.016,156.8182314112099,156.8182314112099,156.8182314112099,27.81977619748942,30.452979490761543,156.83555367408917,156.83555367408917,156.83555367408917,0.0,0.0,0.0,0.0,0.0,0.0
1.88,0.0,,230_4,stick1,0.0,0.03,0.0,0.032,5.0,0.015,0.016,156.81861736187153,156.81861736187153,156.81861736187153,27.81977619748942,30.452979490761543,156.8359396247508,156.8359396247508,156.8359396247508,0.0,0.0,0.0,0.0,0.0,0.0
1.87,0.0,,230_4,stick1,0.0,0.03,0.0,0.032,5.0,0.015,0.016,156.81901842288448,156.81901842288448,156.81901842288448,27.81977619748942,30.452979490761543,156.83634068576376,156.83634068576376,156.83634068576376,0.0,0.0,0.0,0.0,0.0,0.0
1.87,91.5518320178783,6.91823899371069,230_4,stick1,0.0,0.03,0.0,0.032,5.0,0.015,0.016,156.81935545432856,156.81935545432856,156.81935545432856,27.81977619748942,30.452979490761543,156.83667771720783,156.83667771720783,156.83667771720783,160.0,159.0,158.0,158.0,155.0,148.0
1.83,395.793323654223,5.01392757660167,230_4,stick1,0.0,0.03,0.0,0.032,5.0,0.015,0.016,156.8197280442203,156.8197280442203,156.8197280442203,27.81977619748942,30.452979490761543,156.8370503070996,156.8370503070996,156.8370503070996,722.0,718.0,718.0,715.0,707.0,682.0
1.85,623.438001426163,4.56989247311828,230_4,stick1,0.0,0.03,0.0,0.032,5.0,0.015,0.016,156.820088386674,156.820088386674,156.820088386674,27.81977619748942,30.452979490761543,156.83741064955328,156.83741064955328,156.83741064955328,745.0,744.0,743.0,740.0,734.0,710.0
1.85,296.866758798896,4.98154981549815,230_4,stick1,0.0,0.03,0.0,0.032,5.0,0.015,0.016,156.8204018705558,156.8204018705558,156.8204018705558,27.81977619748942,30.452979490761543,156.83772413343507,156.83772413343507,156.83772413343507,544.0,542.0,542.0,539.0,534.0,515.0
1.83,323.879976979719,5.77181208053691,230_4,stick1,0.0,0.03,0.0,0.032,5.0,0.015,0.016,156.82071516642287,156.82071516642287,156.82071516642287,27.81977619748942,30.452979490761543,156.83803742930215,156.83803742930215,156.83803742930215,746.0,745.0,745.0,741.0,734.0,702.0
1.8,234.083054336351,4.37017994858612,230_4,stick1,0.0,0.03,0.0,0.032,5.0,0.015,0.016,156.82105120703162,156.82105120703162,156.82105120703162,27.81977619748942,30.452979490761543,156.8383734699109,156.8383734699109,156.8383734699109,778.0,778.0,778.0,777.0,774.0,744.0
1.83,299.526885100618,5.68862275449102,230_4,stick1,0.0,0.03,0.0,0.032,5.0,0.015,0.016,156.8214424091818,156.8214424091818,156.8214424091818,27.81977619748942,30.452979490761543,156.83876467206107,156.83876467206107,156.83876467206107,670.0,668.0,666.0,664.0,658.0,630.0
1.81,396.886900027781,4.69613259668508,230_4,stick1,0.0,0.03,0.0,0.032,5.0,0.015,0.016,156.8217391779075,156.8217391779075,156.8217391779075,27.81977619748942,30.452979490761543,156.83906144078676,156.83906144078676,156.83906144078676,725.0,724.0,721.0,717.0,711.0,690.0
1.84,231.550905675184,3.81558028616852,230_4,stick1,0.0,0.03,0.0,0.032,5.0,0.015,0.016,156.82203695808272,156.82203695808272,156.82203695808272,27.81977619748942,30.452979490761543,156.839359220962,156.839359220962,156.839359220962,630.0,629.0,628.0,624.0,621.0,605.0
2.04,434.233322441116,5.0761421319797,230_4,stick1,0.0,0.03,0.0,0.032,5.0,0.015,0.016,156.82234897546508,156.82234897546508,156.82234897546508,27.81977619748942,30.452979490761543,156.83967123834435,156.83967123834435,156.83967123834435,789.0,788.0,787.0,784.0,779.0,748.0
2.38,357.357558854471,4.73047304730473,230_4,stick1,0.0,0.03,0.0,0.032,5.0,0.015,0.016,156.82280163167758,156.82280163167758,156.82280163167758,27.81977619748942,30.452979490761543,156.84012389455685,156.84012389455685,156.84012389455685,911.0,909.0,907.0,905.0,898.0,866.0
2.72,381.668208860556,5.22006141248721,230_4,stick1,0.0,0.03,0.0,0.032,5.0,0.015,0.016,156.82366835286044,156.82366835286044,156.82366835286044,27.81977619748942,30.452979490761543,156.8409906157397,156.8409906157397,156.8409906157397,1960.0,1954.0,1949.0,1937.0,1919.0,1852.0
2.69,323.47581675699,4.21052631578947,230_4,stick1,0.0,0.03,0.0,0.032,5.0,0.015,0.016,156.8240511836953,156.8240511836953,156.8240511836953,27.81977619748942,30.452979490761543,156.84137344657458,156.84137344657458,156.84137344657458,951.0,950.0,948.0,946.0,937.0,910.0
2.62,397.428689840766,4.90196078431373,230_4,stick1,0.0,0.03,0.0,0.032,5.0,0.015,0.016,156.82434333428492,156.82434333428492,156.82434333428492,27.81977619748942,30.452979490761543,156.8416655971642,156.8416655971642,156.8416655971642,715.0,714.0,714.0,706.0,699.0,679.0
2.61,381.731684369467,5.10083036773428,230_4,stick1,0.0,0.03,0.0,0.032,5.0,0.015,0.016,156.82464820773234,156.82464820773234,156.82464820773234,27.81977619748942,30.452979490761543,156.8419704706116,156.8419704706116,156.8419704706116,844.0,843.0,842.0,842.0,826.0,800.0
2.45,352.39680656227,6.61040787623066,230_4,stick1,0.0,0.03,0.0,0.032,5.0,0.015,0.016,156.8249463993275,156.8249463993275,156.8249463993275,27.81977619748942,30.452979490761543,156.84226866220678,156.84226866220678,156.84226866220678,711.0,711.0,710.0,708.0,697.0,664.0
2.39,510.403719406923,5.0,230_4,stick1,0.0,0.03,0.0,0.032,5.0,0.015,0.016,156.8252455870639,156.8252455870639,156.8252455870639,27.81977619748942,30.452979490761543,156.84256784994318,156.84256784994318,156.84256784994318,841.0,840.0,837.0,833.0,820.0,798.0
2.28,408.278869054681,5.17435320584927,230_4,stick1,0.0,0.03,0.0,0.032,5.0,0.015,0.016,156.82556192150489,156.82556192150489,156.82556192150489,27.81977619748942,30.452979490761543,156.84288418438416,156.84288418438416,156.84288418438416,892.0,889.0,886.0,885.0,879.0,843.0
2.24,338.591590784885,5.1487414187643,230_4,stick1,0.0,0.03,0.0,0.032,5.0,0.015,0.016,156.82593013777156,156.82593013777156,156.82593013777156,27.81977619748942,30.452979490761543,156.84325240065084,156.84325240065084,156.84325240065084,875.0,874.0,873.0,870.0,864.0,829.0
2.17,304.766094287875,4.89208633093525,230_4,stick1,0.0,0.03,0.0,0.032,5.0,0.015,0.016,156.82616047232497,156.82616047232497,156.82616047232497,27.81977619748942,30.452979490761543,156.84348273520425,156.84348273520425,156.84348273520425,695.0,695.0,693.0,689.0,683.0,661.0
2.14,502.760279161221,3.87243735763098,230_4,stick1,0.0,0.03,0.0,0.032,5.0,0.015,0.016,156.82653956536464,156.82653956536464,156.82653956536464,27.81977619748942,30.452979490761543,156.84386182824392,156.84386182824392,156.84386182824392,879.0,878.0,876.0,874.0,872.0,844.0
2.11,370.374584405811,4.95867768595041,230_4,stick1,0.0,0.03,0.0,0.032,5.0,0.015,0.016,156.82678539082264,156.82678539082264,156.82678539082264,27.81977619748942,30.452979490761543,156.8441076537019,156.8441076537019,156.8441076537019,847.0,847.0,845.0,842.0,834.0,805.0
2.0,311.012447670565,4.19501133786848,230_4,stick1,0.0,0.03,0.0,0.032,5.0,0.015,0.016,156.82707939317598,156.82707939317598,156.82707939317598,27.81977619748942,30.452979490761543,156.84440165605525,156.84440165605525,156.84440165605525,883.0,882.0,879.0,878.0,875.0,845.0
2.0,398.273877285772,4.63276836158192,230_4,stick1,0.0,0.03,0.0,0.032,5.0,0.015,0.016,156.827380420868,156.827380420868,156.827380420868,27.81977619748942,30.452979490761543,156.84470268374727,156.84470268374727,156.84470268374727,886.0,885.0,885.0,882.0,871.0,844.0
1.97,248.031570645244,3.83663366336634,230_4,stick1,0.0,0.03,0.0,0.032,5.0,0.015,0.016,156.82767640880948,156.82767640880948,156.82767640880948,27.81977619748942,30.452979490761543,156.84499867168876,156.84499867168876,156.84499867168876,811.0,808.0,807.0,806.0,801.0,777.0
2.0,384.493069905141,4.34258142340169,230_4,stick1,0.0,0.03,0.0,0.032,5.0,0.015,0.016,156.8279773270889,156.8279773270889,156.8279773270889,27.81977619748942,30.452979490761543,156.84529958996816,156.84529958996816,156.84529958996816,831.0,829.0,829.0,825.0,813.0,793.0
1.97,285.615920172577,4.59183673469388,230_4,stick1,0.0,0.03,0.0,0.032,5.0,0.015,0.016,156.82828475786133,156.82828475786133,156.82828475786133,27.81977619748942,30.452979490761543,156.8456070207406,156.8456070207406,156.8456070207406,786.0,784.0,783.0,781.0,773.0,748.0
1.94,387.217449759568,4.79302832244009,230_4,stick1,0.0,0.03,0.0,0.032,5.0,0.015,0.016,156.82857576111599,156.82857576111599,156.82857576111599,27.81977619748942,30.452979490761543,156.84589802399526,156.84589802399526,156.84589802399526,919.0,918.0,917.0,913.0,902.0,874.0
1.94,274.359159209288,3.30672748004561,230_4,stick1,0.0,0.03,0.0,0.032,5.0,0.015,0.016,156.82896329902184,156.82896329902184,156.82896329902184,27.81977619748942,30.452979490761543,156.8462855619011,156.8462855619011,156.8462855619011,878.0,877.0,875.0,874.0,866.0,848.0
1.95,596.490434582772,5.13059701492537,230_4,stick1,0.0,0.03,0.0,0.032,5.0,0.015,0.016,156.8293488977096,156.8293488977096,156.8293488977096,27.81977619748942,30.452979490761543,156.84667116058887,156.84667116058887,156.84667116058887,1072.0,1072.0,1070.0,1063.0,1054.0,1017.0
1.96,357.867678396471,4.375,230_4,stick1,0.0,0.03,0.0,0.032,5.0,0.015,0.016,156.8296494757915,156.8296494757915,156.8296494757915,27.81977619748942,30.452979490761543,156.8469717386708,156.8469717386708,156.8469717386708,801.0,800.0,799.0,794.0,788.0,765.0
1.9,291.861151061386,4.16666666666667,230_4,stick1,0.0,0.03,0.0,0.032,5.0,0.015,0.016,156.82995071192204,156.82995071192204,156.82995071192204,27.81977619748942,30.452979490761543,156.8472729748013,156.8472729748013,156.8472729748013,888.0,888.0,887.0,885.0,878.0,851.0
1.86,294.339903901014,3.69515011547344,230_4,stick1,0.0,0.03,0.0,0.032,5.0,0.015,0.016,156.83024976884818,156.83024976884818,156.83024976884818,27.81977619748942,30.452979490761543,156.84757203172745,156.84757203172745,156.84757203172745,866.0,866.0,863.0,862.0,859.0,834.0
1.87,357.382149827908,5.73333333333333,230_4,stick1,0.0,0.03,0.0,0.032,5.0,0.015,0.016,156.830564164676,156.830564164676,156.830564164676,27.81977619748942,30.452979490761543,156.84788642755527,156.84788642755527,156.84788642755527,752.0,750.0,750.0,747.0,737.0,707.0
1.91,348.322783917402,4.47247706422018,230_4,stick1,0.0,0.03,0.0,0.032,5.0,0.015,0.016,156.8309468617109,156.8309468617109,156.8309468617109,27.81977619748942,30.452979490761543,156.8482691245902,156.8482691245902,156.8482691245902,872.0,872.0,870.0,868.0,862.0,833.0
1.83,393.277373178903,5.61167227833895,230_4,stick1,0.0,0.03,0.0,0.032,5.0,0.015,0.016,156.83125291827182,156.83125291827182,156.83125291827182,27.81977619748942,30.452979490761543,156.8485751811511,156.8485751811511,156.8485751811511,893.0,891.0,891.0,889.0,877.0,841.0
1.82,370.543901256949,4.00485436893204,230_4,stick1,0.0,0.03,0.0,0.032,5.0,0.015,0.016,156.83155328484395,156.83155328484395,156.83155328484395,27.81977619748942,30.452979490761543,156.84887554772322,156.84887554772322,156.84887554772322,825.0,824.0,822.0,820.0,816.0,791.0
1.88,457.385986458089,5.25700934579439,230_4,stick1,0.0,0.03,0.0,0.032,5.0,0.015,0.016,156.83186697208237,156.83186697208237,156.83186697208237,27.81977619748942,30.452979490761543,156.84918923496164,156.84918923496164,156.84918923496164,856.0,856.0,856.0,849.0,839.0,811.0
1.83,307.180877315358,4.51895043731778,230_4,stick1,0.0,0.03,0.0,0.032,5.0,0.015,0.016,156.83226310661578,156.83226310661578,156.83226310661578,27.81977619748942,30.452979490761543,156.84958536949506,156.84958536949506,156.84958536949506,687.0,686.0,685.0,679.0,673.0,655.0
1.82,403.703821627131,5.13126491646778,230_4,stick1,0.0,0.03,0.0,0.032,5.0,0.015,0.016,156.8326483814514,156.8326483814514,156.8326483814514,27.81977619748942,30.452979490761543,156.84997064433068,156.84997064433068,156.84997064433068,838.0,838.0,836.0,830.0,825.0,795.0
1.87,391.522619202876,5.851755526658,230_4,stick1,0.0,0.03,0.0,0.032,5.0,0.015,0.016,156.83294501112218,156.83294501112218,156.83294501112218,27.81977619748942,30.452979490761543,156.85026727400145,156.85026727400145,156.85026727400145,770.0,769.0,769.0,763.0,751.0,724.0
1.87,465.032694353154,5.52208835341365,230_4,stick1,0.0,0.03,0.0,0.032,5.0,0.015,0.016,156.83324786094536,156.83324786094536,156.83324786094536,27.81977619748942,30.452979490761543,156.85057012382464,156.85057012382464,156.85057012382464,997.0,996.0,991.0,988.0,977.0,941.0
1.86,599.332751467089,5.3030303030303,230_4,stick1,0.0,0.03,0.0,0.032,5.0,0.015,0.016,156.8335501819484,156.8335501819484,156.8335501819484,27.81977619748942,30.452979490761543,156.85087244482767,156.85087244482767,156.85087244482767,926.0,924.0,921.0,913.0,903.0,875.0
1.87,390.678533654323,4.41501103752759,230_4,stick1,0.0,0.03,0.0,0.032,5.0,0.015,0.016,156.833864304824,156.833864304824,156.833864304824,27.81977619748942,30.452979490761543,156.85118656770328,156.85118656770328,156.85118656770328,907.0,906.0,903.0,899.0,888.0,866.0
1.86,417.356936826676,5.75079872204473,230_4,stick1,0.0,0.03,0.0,0.032,5.0,0.015,0.016,156.83425354038476,156.83425354038476,156.83425354038476,27.81977619748942,30.452979490761543,156.85157580326404,156.85157580326404,156.85157580326404,940.0,939.0,937.0,935.0,924.0,885.0
1.85,577.377352274905,5.96685082872928,230_4,stick1,0.0,0.03,0.0,0.032,5.0,0.015,0.016,156.83455554311186,156.83455554311186,156.83455554311186,27.81977619748942,30.452979490761543,156.85187780599114,156.85187780599114,156.85187780599114,908.0,905.0,901.0,895.0,880.0,851.0
1.85,535.334279459454,6.10687022900763,230_4,stick1,0.0,0.03,0.0,0.032,5.0,0.015,0.016,156.83478044767702,156.83478044767702,156.83478044767702,27.81977619748942,30.452979490761543,156.8521027105563,156.8521027105563,156.8521027105563,655.0,655.0,654.0,648.0,635.0,615.0
1.82,396.527362581518,5.98404255319149,230_4,stick1,0.0,0.03,0.0,0.032,5.0,0.015,0.016,156.8351817148776,156.8351817148776,156.8351817148776,27.81977619748942,30.452979490761543,156.85250397775687,156.85250397775687,156.85250397775687,753.0,752.0,749.0,744.0,731.0,707.0
1.85,474.023130032831,4.99500499500499,230_4,stick1,0.0,0.03,0.0,0.032,5.0,0.015,0.016,156.83548492838074,156.83548492838074,156.83548492838074,27.81977619748942,30.452979490761543,156.85280719126,156.85280719126,156.85280719126,1005.0,1001.0,1000.0,994.0,974.0,951.0
1.85,619.590027226736,4.24374319912949,230_4,stick1,0.0,0.03,0.0,0.032,5.0,0.015,0.016,156.83578604782602,156.83578604782602,156.83578604782602,27.81977619748942,30.452979490761543,156.8531083107053,156.8531083107053,156.8531083107053,921.0,919.0,916.0,911.0,903.0,880.0
1.83,481.281139545986,5.57620817843866,230_4,stick1,0.0,0.03,0.0,0.032,5.0,0.015,0.016,156.8361819339932,156.8361819339932,156.8361819339932,27.81977619748942,30.452979490761543,156.85350419687248,156.85350419687248,156.85350419687248,808.0,807.0,804.0,800.0,791.0,762.0
1.82,443.341448799055,5.82627118644068,230_4,stick1,0.0,0.03,0.0,0.032,5.0,0.015,0.016,156.83648326851235,156.83648326851235,156.83648326851235,27.81977619748942,30.452979490761543,156.85380553139163,156.85380553139163,156.85380553139163,947.0,944.0,942.0,938.0,922.0,889.0
1.79,380.668988226783,5.53459119496855,230_4,stick1,0.0,0.03,0.0,0.032,5.0,0.015,0.016,156.83677982841826,156.83677982841826,156.83677982841826,27.81977619748942,30.452979490761543,156.85410209129753,156.85410209129753,156.85410209129753,795.0,795.0,793.0,790.0,784.0,751.0
1.82,416.99849807347,4.47154471544715,230_4,stick1,0.0,0.03,0.0,0.032,5.0,0.015,0.016,156.83708630710163,156.83708630710163,156.83708630710163,27.81977619748942,30.452979490761543,156.8544085699809,156.8544085699809,156.8544085699809,987.0,984.0,983.0,976.0,966.0,940.0
1.79,490.208318368874,5.06329113924051,230_4,stick1,0.0,0.03,0.0,0.032,5.0,0.015,0.016,156.83747706264086,156.83747706264086,156.83747706264086,27.81977619748942,30.452979490761543,156.85479932552013,156.85479932552013,156.85479932552013,1029.0,1027.0,1026.0,1016.0,1008.0,975.0
1.82,520.5152892841,5.44444444444444,230_4,stick1,0.0,0.03,0.0,0.032,5.0,0.015,0.016,156.83778614464163,156.83778614464163,156.83778614464163,27.81977619748942,30.452979490761543,156.8551084075209,156.8551084075209,156.8551084075209,902.0,900.0,894.0,884.0,878.0,851.0
1.81,484.359744885839,4.8155737704918,230_4,stick1,0.0,0.03,0.0,0.032,5.0,0.015,0.016,156.83817639999788,156.83817639999788,156.83817639999788,27.81977619748942,30.452979490761543,156.85549866287715,156.85549866287715,156.85549866287715,977.0,976.0,972.0,968.0,959.0,929.0
1.78,403.329352657385,4.36991869918699,230_4,stick1,0.0,0.03,0.0,0.032,5.0,0.015,0.016,156.838387396558,156.838387396558,156.838387396558,27.81977619748942,30.452979490761543,156.85570965943728,156.85570965943728,156.85570965943728,987.0,984.0,982.0,972.0,968.0,941.0
1.8,584.621166577497,5.98859315589354,230_4,stick1,0.0,0.03,0.0,0.032,5.0,0.015,0.016,156.83877980343252,156.83877980343252,156.83877980343252,27.81977619748942,30.452979490761543,156.8561020663118,156.8561020663118,156.8561020663118,1054.0,1052.0,1050.0,1042.0,1024.0,989.0
1.73,645.514089026555,5.35549399815328,230_4,stick1,0.0,0.03,0.0,0.032,5.0,0.015,0.016,156.83908534292053,156.83908534292053,156.83908534292053,27.81977619748942,30.452979490761543,156.8564076057998,156.8564076057998,156.8564076057998,1090.0,1083.0,1081.0,1075.0,1066.0,1025.0
1.79,476.680085298702,5.49707602339181,230_4,stick1,0.0,0.03,0.0,0.032,5.0,0.015,0.016,156.83957758866543,156.83957758866543,156.83957758866543,27.81977619748942,30.452979490761543,156.8568998515447,156.8568998515447,156.8568998515447,860.0,855.0,849.0,840.0,834.0,808.0
1.79,627.467141153518,6.81586978636826,230_4,stick1,0.0,0.03,0.0,0.032,5.0,0.015,0.016,156.83988431500435,156.83988431500435,156.83988431500435,27.81977619748942,30.452979490761543,156.85720657788363,156.85720657788363,156.85720657788363,985.0,983.0,977.0,973.0,959.0,916.0
1.75,394.114261296425,5.63549160671463,230_4,stick1,0.0,0.03,0.0,0.032,5.0,0.015,0.016,156.84026825158068,156.84026825158068,156.84026825158068,27.81977619748942,30.452979490761543,156.85759051445996,156.85759051445996,156.85759051445996,837.0,834.0,828.0,822.0,811.0,787.0
1.71,540.160280752409,5.2914798206278,230_4,stick1,0.0,0.03,0.0,0.032,5.0,0.015,0.016,156.8406577509275,156.8406577509275,156.8406577509275,27.81977619748942,30.452979490761543,156.85798001380678,156.85798001380678,156.85798001380678,1121.0,1115.0,1110.0,1105.0,1094.0,1056.0
1.74,512.96413486748,5.8891454965358,230_4,stick1,0.0,0.03,0.0,0.032,5.0,0.015,0.016,156.8409633050836,156.8409633050836,156.8409633050836,27.81977619748942,30.452979490761543,156.85828556796287,156.85828556796287,156.85828556796287,868.0,866.0,864.0,862.0,852.0,815.0
1.74,412.274973379382,5.93654042988741,230_4,stick1,0.0,0.03,0.0,0.032,5.0,0.015,0.016,156.84136617557695,156.84136617557695,156.84136617557695,27.81977619748942,30.452979490761543,156.85868843845623,156.85868843845623,156.85868843845623,979.0,977.0,973.0,969.0,961.0,919.0
1.74,411.283045678901,4.18994413407821,230_4,stick1,0.0,0.03,0.0,0.032,5.0,0.015,0.016,156.84171583249002,156.84171583249002,156.84171583249002,27.81977619748942,30.452979490761543,156.8590380953693,156.8590380953693,156.8590380953693,1079.0,1074.0,1070.0,1068.0,1061.0,1029.0
1.66,340.394784646701,5.72916666666667,230_4,stick1,0.0,0.03,0.0,0.032,5.0,0.015,0.016,156.84214128671948,156.84214128671948,156.84214128671948,27.81977619748942,30.452979490761543,156.85946354959876,156.85946354959876,156.85946354959876,769.0,768.0,766.0,761.0,751.0,724.0
1.66,644.532448355811,6.68549905838041,230_4,stick1,0.0,0.03,0.0,0.032,5.0,0.015,0.016,156.84247135562362,156.84247135562362,156.84247135562362,27.81977619748942,30.452979490761543,156.8597936185029,156.8597936185029,156.8597936185029,1065.0,1062.0,1055.0,1047.0,1038.0,991.0
1.67,533.268361688722,5.64681724845996,230_4,stick1,0.0,0.03,0.0,0.032,5.0,0.015,0.016,156.84284557109845,156.84284557109845,156.84284557109845,27.81977619748942,30.452979490761543,156.86016783397773,156.86016783397773,156.86016783397773,977.0,974.0,971.0,963.0,954.0,919.0
1.69,555.637824888397,6.86845168800931,230_4,stick1,0.0,0.03,0.0,0.032,5.0,0.015,0.016,156.8431800103383,156.8431800103383,156.8431800103383,27.81977619748942,30.452979490761543,156.86050227321758,156.86050227321758,156.86050227321758,860.0,859.0,851.0,847.0,835.0,800.0
1.66,437.010143843162,5.1819184123484,230_4,stick1,0.0,0.03,0.0,0.032,5.0,0.015,0.016,156.8435988096671,156.8435988096671,156.8435988096671,27.81977619748942,30.452979490761543,156.86092107254638,156.86092107254638,156.86092107254638,908.0,907.0,901.0,897.0,890.0,860.0
1.65,359.679207190165,5.68862275449102,230_4,stick1,0.0,0.03,0.0,0.032,5.0,0.015,0.016,156.84398232364694,156.84398232364694,156.84398232364694,27.81977619748942,30.452979490761543,156.86130458652622,156.86130458652622,156.86130458652622,673.0,668.0,665.0,659.0,649.0,630.0
1.64,580.375577194382,5.74488802336904,230_4,stick1,0.0,0.03,0.0,0.032,5.0,0.015,0.016,156.84434303829545,156.84434303829545,156.84434303829545,27.81977619748942,30.452979490761543,156.86166530117472,156.86166530117472,156.86166530117472,1032.0,1027.0,1024.0,1018.0,1005.0,968.0
1.63,308.855219598947,5.18867924528302,230_4,stick1,0.0,0.03,0.0,0.032,5.0,0.015,0.016,156.84462227280662,156.84462227280662,156.84462227280662,27.81977619748942,30.452979490761543,156.8619445356859,156.8619445356859,156.8619445356859,640.0,636.0,633.0,630.0,624.0,603.0
1.62,342.131335534957,5.03432494279176,230_4,stick1,0.0,0.03,0.0,0.032,5.0,0.015,0.016,156.8450091868056,156.8450091868056,156.8450091868056,27.81977619748942,30.452979490761543,156.8623314496849,156.8623314496849,156.8623314496849,876.0,874.0,873.0,871.0,863.0,830.0
1.62,577.194703309764,5.36130536130536,230_4,stick1,0.0,0.03,0.0,0.032,5.0,0.015,0.016,156.8453868587459,156.8453868587459,156.8453868587459,27.81977619748942,30.452979490761543,156.8627091216252,156.8627091216252,156.8627091216252,860.0,858.0,856.0,850.0,841.0,812.0
1.61,499.79509978856,5.58086560364465,230_4,stick1,0.0,0.03,0.0,0.032,5.0,0.015,0.016,156.84568647230023,156.84568647230023,156.84568647230023,27.81977619748942,30.452979490761543,156.8630087351795,156.8630087351795,156.8630087351795,882.0,878.0,876.0,872.0,864.0,829.0
1.61,387.593060298584,5.05836575875486,230_4,stick1,0.0,0.03,0.0,0.032,5.0,0.015,0.016,156.84604623836967,156.84604623836967,156.84604623836967,27.81977619748942,30.452979490761543,156.86336850124894,156.86336850124894,156.86336850124894,775.0,771.0,767.0,765.0,756.0,732.0
1.57,313.990750682006,4.51206715634837,230_4,stick1,0.0,0.03,0.0,0.032,5.0,0.015,0.016,156.84644472415573,156.84644472415573,156.84644472415573,27.81977619748942,30.452979490761543,156.863766987035,156.863766987035,156.863766987035,955.0,953.0,952.0,950.0,944.0,910.0
1.59,435.351501209618,4.60526315789474,230_4,stick1,0.0,0.03,0.0,0.032,5.0,0.015,0.016,156.84684719792352,156.84684719792352,156.84684719792352,27.81977619748942,30.452979490761543,156.8641694608028,156.8641694608028,156.8641694608028,915.0,912.0,908.0,905.0,900.0,870.0
1.62,604.05883056116,5.67066521264995,230_4,stick1,0.0,0.03,0.0,0.032,5.0,0.015,0.016,156.84724755724778,156.84724755724778,156.84724755724778,27.81977619748942,30.452979490761543,156.86456982012706,156.86456982012706,156.86456982012706,918.0,917.0,913.0,908.0,898.0,865.0
1.62,404.503979342019,4.88505747126437,230_4,stick1,0.0,0.03,0.0,0.032,5.0,0.015,0.016,156.84764571237238,156.84764571237238,156.84764571237238,27.81977619748942,30.452979490761543,156.86496797525166,156.86496797525166,156.86496797525166,696.0,696.0,694.0,689.0,682.0,662.0
1.62,394.054872055306,5.40216086434574,230_4,stick1,0.0,0.03,0.0,0.032,5.0,0.015,0.016,156.84798530379217,156.84798530379217,156.84798530379217,27.81977619748942,30.452979490761543,156.86530756667145,156.86530756667145,156.86530756667145,835.0,833.0,831.0,825.0,816.0,788.0
1.59,544.623658171327,7.13489409141583,230_4,stick1,0.0,0.03,0.0,0.032,5.0,0.015,0.016,156.84834803009696,156.84834803009696,156.84834803009696,27.81977619748942,30.452979490761543,156.86567029297623,156.86567029297623,156.86567029297623,900.0,897.0,893.0,887.0,877.0,833.0
1.59,418.261450318806,5.92885375494071,230_4,stick1,0.0,0.03,0.0,0.032,5.0,0.015,0.016,156.84871495099077,156.84871495099077,156.84871495099077,27.81977619748942,30.452979490761543,156.86603721387004,156.86603721387004,156.86603721387004,763.0,759.0,759.0,756.0,747.0,714.0
1.61,351.738256450768,6.25,230_4,stick1,0.0,0.03,0.0,0.032,5.0,0.015,0.016,156.8490542836253,156.8490542836253,156.8490542836253,27.81977619748942,30.452979490761543,156.86637654650457,156.86637654650457,156.86637654650457,881.0,880.0,880.0,876.0,867.0,825.0
1.6,357.06575269487,5.17435320584927,230_4,stick1,0.0,0.03,0.0,0.032,5.0,0.015,0.016,156.8494524241416,156.8494524241416,156.8494524241416,27.81977619748942,30.452979490761543,156.86677468702086,156.86677468702086,156.86677468702086,892.0,889.0,888.0,883.0,874.0,843.0
1.57,569.386766875861,4.84359233097881,230_4,stick1,0.0,0.03,0.0,0.032,5.0,0.015,0.016,156.84981897557984,156.84981897557984,156.84981897557984,27.81977619748942,30.452979490761543,156.8671412384591,156.8671412384591,156.8671412384591,993.0,991.0,987.0,979.0,968.0,943.0
1.59,329.405794468353,4.53955901426719,230_4,stick1,0.0,0.03,0.0,0.032,5.0,0.015,0.016,156.85016209815382,156.85016209815382,156.85016209815382,27.81977619748942,30.452979490761543,156.8674843610331,156.8674843610331,156.8674843610331,776.0,771.0,769.0,766.0,759.0,736.0
1.6,506.438672112187,6.55339805825243,230_4,stick1,0.0,0.03,0.0,0.032,5.0,0.015,0.016,156.85052171674533,156.85052171674533,156.85052171674533,27.81977619748942,30.452979490761543,156.8678439796246,156.8678439796246,156.8678439796246,824.0,824.0,820.0,817.0,804.0,770.0
1.58,201.996061416595,3.66197183098592,230_4,stick1,0.0,0.03,0.0,0.032,5.0,0.015,0.016,156.85086120043215,156.85086120043215,156.85086120043215,27.81977619748942,30.452979490761543,156.86818346331142,156.86818346331142,156.86818346331142,711.0,710.0,710.0,709.0,704.0,684.0
1.62,411.374027299533,5.43093270365998,230_4,stick1,0.0,0.03,0.0,0.032,5.0,0.015,0.016,156.85125921769676,156.85125921769676,156.85125921769676,27.81977619748942,30.452979490761543,156.86858148057604,156.86858148057604,156.86858148057604,852.0,847.0,845.0,840.0,828.0,801.0
1.66,392.151291816678,4.89510489510489,230_4,stick1,0.0,0.03,0.0,0.032,5.0,0.015,0.016,156.85161419857465,156.85161419857465,156.85161419857465,27.81977619748942,30.452979490761543,156.86893646145393,156.86893646145393,156.86893646145393,860.0,858.0,855.0,851.0,840.0,816.0
1.72,418.486432075758,6.77966101694915,230_4,stick1,0.0,0.03,0.0,0.032,5.0,0.015,0.016,156.85195810623838,156.85195810623838,156.85195810623838,27.81977619748942,30.452979490761543,156.86928036911766,156.86928036911766,156.86928036911766,890.0,885.0,882.0,881.0,872.0,825.0
1.75,434.177947635216,5.53459119496855,230_4,stick1,0.0,0.03,0.0,0.032,5.0,0.015,0.016,156.85236386785022,156.85236386785022,156.85236386785022,27.81977619748942,30.452979490761543,156.8696861307295,156.8696861307295,156.8696861307295,798.0,795.0,792.0,786.0,779.0,751.0
1.75,496.756548386845,5.04484304932735,230_4,stick1,0.0,0.03,0.0,0.032,5.0,0.015,0.016,156.85272365495746,156.85272365495746,156.85272365495746,27.81977619748942,30.452979490761543,156.87004591783673,156.87004591783673,156.87004591783673,897.0,892.0,887.0,883.0,869.0,847.0
1.89,509.080564569886,5.13552068473609,230_4,stick1,0.0,0.03,0.0,0.032,5.0,0.015,0.016,156.8530658164289,156.8530658164289,156.8530658164289,27.81977619748942,30.452979490761543,156.87038807930819,156.87038807930819,156.87038807930819,702.0,701.0,700.0,695.0,686.0,665.0
2.12,366.085222161025,4.95689655172414,230_4,stick1,0.0,0.03,0.0,0.032,5.0,0.015,0.016,156.85354990677715,156.85354990677715,156.85354990677715,27.81977619748942,30.452979490761543,156.87087216965642,156.87087216965642,156.87087216965642,934.0,928.0,925.0,919.0,912.0,882.0
2.34,311.022076789574,4.73047304730473,230_4,stick1,0.0,0.03,0.0,0.032,5.0,0.015,0.016,156.8539518864688,156.8539518864688,156.8539518864688,27.81977619748942,30.452979490761543,156.87127414934807,156.87127414934807,156.87127414934807,910.0,909.0,907.0,903.0,891.0,866.0
2.53,358.663595351239,5.18672199170125,230_4,stick1,0.0,0.03,0.0,0.032,5.0,0.015,0.016,156.8545866913748,156.8545866913748,156.8545866913748,27.81977619748942,30.452979490761543,156.87190895425408,156.87190895425408,156.87190895425408,972.0,964.0,961.0,952.0,940.0,914.0
2.48,559.18272470739,7.52688172043011,230_4,stick1,0.0,0.03,0.0,0.032,5.0,0.015,0.016,156.8549145606445,156.8549145606445,156.8549145606445,27.81977619748942,30.452979490761543,156.87223682352376,156.87223682352376,156.87223682352376,747.0,744.0,740.0,737.0,727.0,688.0
2.47,364.874778777624,5.625,230_4,stick1,0.0,0.03,0.0,0.032,5.0,0.015,0.016,156.855307833702,156.855307833702,156.855307833702,27.81977619748942,30.452979490761543,156.87263009658128,156.87263009658128,156.87263009658128,802.0,800.0,799.0,791.0,786.0,755.0
2.3,397.53291533225,7.45967741935484,230_4,stick1,0.0,0.03,0.0,0.032,5.0,0.015,0.016,156.85570205931677,156.85570205931677,156.85570205931677,27.81977619748942,30.452979490761543,156.87302432219604,156.87302432219604,156.87302432219604,497.0,496.0,494.0,491.0,482.0,459.0
2.24,235.020593762191,4.31034482758621,230_4,stick1,0.0,0.03,0.0,0.032,5.0,0.015,0.016,156.85605699645893,156.85605699645893,156.85605699645893,27.81977619748942,30.452979490761543,156.8733792593382,156.8733792593382,156.8733792593382,581.0,580.0,579.0,577.0,572.0,555.0
2.21,300.028157127142,4.10509031198686,230_4,stick1,0.0,0.03,0.0,0.032,5.0,0.015,0.016,156.8564154125738,156.8564154125738,156.8564154125738,27.81977619748942,30.452979490761543,156.87373767545307,156.87373767545307,156.87373767545307,613.0,609.0,607.0,602.0,596.0,584.0
2.19,285.83084207897,3.90492359932088,230_4,stick1,0.0,0.03,0.0,0.032,5.0,0.015,0.016,156.85675807706215,156.85675807706215,156.85675807706215,27.81977619748942,30.452979490761543,156.87408033994143,156.87408033994143,156.87408033994143,589.0,589.0,589.0,585.0,580.0,566.0
2.09,222.141013099885,4.28816466552316,230_4,stick1,0.0,0.03,0.0,0.032,5.0,0.015,0.016,156.85706092613037,156.85706092613037,156.85706092613037,27.81977619748942,30.452979490761543,156.87438318900965,156.87438318900965,156.87438318900965,585.0,583.0,582.0,580.0,575.0,558.0
2.04,213.805924956174,5.5,230_4,stick1,0.0,0.03,0.0,0.032,5.0,0.015,0.016,156.85750136316994,156.85750136316994,156.85750136316994,27.81977619748942,30.452979490761543,156.87482362604922,156.87482362604922,156.87482362604922,604.0,600.0,600.0,595.0,587.0,567.0
1.91,241.564671176534,4.71544715447155,230_4,stick1,0.0,0.03,0.0,0.032,5.0,0.015,0.016,156.8579015976324,156.8579015976324,156.8579015976324,27.81977619748942,30.452979490761543,156.87522386051168,156.87522386051168,156.87522386051168,616.0,615.0,614.0,613.0,608.0,586.0
1.87,156.706102442534,5.30120481927711,230_4,stick1,0.0,0.03,0.0,0.032,5.0,0.015,0.016,156.8583035115513,156.8583035115513,156.8583035115513,27.81977619748942,30.452979490761543,156.87562577443057,156.87562577443057,156.87562577443057,418.0,415.0,415.0,414.0,410.0,393.0
1.81,394.510525137916,6.02409638554217,230_4,stick1,0.0,0.03,0.0,0.032,5.0,0.015,0.016,156.85870922529955,156.85870922529955,156.85870922529955,27.81977619748942,30.452979490761543,156.87603148817882,156.87603148817882,156.87603148817882,584.0,581.0,580.0,574.0,570.0,546.0
1.73,300.200592796641,4.94037478705281,230_4,stick1,0.0,0.03,0.0,0.032,5.0,0.015,0.016,156.8591059068577,156.8591059068577,156.8591059068577,27.81977619748942,30.452979490761543,156.87642816973698,156.87642816973698,156.87642816973698,591.0,587.0,585.0,579.0,574.0,558.0
1.77,254.380031492151,6.40776699029126,230_4,stick1,0.0,0.03,0.0,0.032,5.0,0.015,0.016,156.85950034228406,156.85950034228406,156.85950034228406,27.81977619748942,30.452979490761543,156.87682260516334,156.87682260516334,156.87682260516334,517.0,515.0,512.0,511.0,505.0,482.0
1.85,306.856798932401,6.28683693516699,230_4,stick1,0.0,0.03,0.0,0.032,5.0,0.015,0.016,156.85982616730368,156.85982616730368,156.85982616730368,27.81977619748942,30.452979490761543,156.87714843018296,156.87714843018296,156.87714843018296,513.0,509.0,507.0,505.0,495.0,477.0
1.89,226.863802880272,4.76190476190476,230_4,stick1,0.0,0.03,0.0,0.032,5.0,0.015,0.016,156.8601975931876,156.8601975931876,156.8601975931876,27.81977619748942,30.452979490761543,156.87751985606687,156.87751985606687,156.87751985606687,569.0,567.0,566.0,562.0,559.0,540.0
1.8,246.488024977692,5.30612244897959,230_4,stick1,0.0,0.03,0.0,0.032,5.0,0.015,0.016,156.8606019538032,156.8606019538032,156.8606019538032,27.81977619748942,30.452979490761543,156.8779242166825,156.8779242166825,156.8779242166825,491.0,490.0,487.0,484.0,479.0,464.0
1.84,256.430191583411,7.40740740740741,230_4,stick1,0.0,0.03,0.0,0.032,5.0,0.015,0.016,156.86094605472502,156.86094605472502,156.86094605472502,27.81977619748942,30.452979490761543,156.8782683176043,156.8782683176043,156.8782683176043,488.0,486.0,484.0,481.0,474.0,450.0
1.77,249.197009628726,6.58783783783784,230_4,stick1,0.0,0.03,0.0,0.032,5.0,0.015,0.016,156.8614042051794,156.8614042051794,156.8614042051794,27.81977619748942,30.452979490761543,156.8787264680587,156.8787264680587,156.8787264680587,594.0,592.0,591.0,586.0,577.0,553.0
1.73,275.776267497392,5.68383658969805,230_4,stick1,0.0,0.03,0.0,0.032,5.0,0.015,0.016,156.8618007406197,156.8618007406197,156.8618007406197,27.81977619748942,30.452979490761543,156.879123003499,156.879123003499,156.879123003499,565.0,563.0,561.0,560.0,555.0,531.0
1.71,180.185039624838,4.65116279069767,230_4,stick1,0.0,0.03,0.0,0.032,5.0,0.015,0.016,156.86214477292896,156.86214477292896,156.86214477292896,27.81977619748942,30.452979490761543,156.87946703580823,156.87946703580823,156.87946703580823,475.0,473.0,472.0,470.0,469.0,451.0
1.61,182.143343079523,5.03875968992248,230_4,stick1,0.0,0.03,0.0,0.032,5.0,0.015,0.016,156.86251673297548,156.86251673297548,156.86251673297548,27.81977619748942,30.452979490761543,156.87983899585475,156.87983899585475,156.87983899585475,519.0,516.0,516.0,514.0,510.0,490.0
1.53,174.300805970574,4.37158469945355,230_4,stick1,0.0,0.03,0.0,0.032,5.0,0.015,0.016,156.86287212208316,156.86287212208316,156.86287212208316,27.81977619748942,30.452979490761543,156.88019438496244,156.88019438496244,156.88019438496244,367.0,366.0,364.0,362.0,361.0,350.0
1.48,211.072866443538,4.75206611570248,230_4,stick1,0.0,0.03,0.0,0.032,5.0,0.015,0.016,156.86322665765482,156.86322665765482,156.86322665765482,27.81977619748942,30.452979490761543,156.8805489205341,156.8805489205341,156.8805489205341,487.0,484.0,483.0,480.0,477.0,461.0
1.48,188.288670267853,4.64135021097046,230_4,stick1,0.0,0.03,0.0,0.032,5.0,0.015,0.016,156.86362046215402,156.86362046215402,156.86362046215402,27.81977619748942,30.452979490761543,156.8809427250333,156.8809427250333,156.8809427250333,476.0,474.0,474.0,469.0,467.0,452.0
1.5,335.016801808868,6.29213483146067,230_4,stick1,0.0,0.03,0.0,0.032,5.0,0.015,0.016,156.86399534125948,156.86399534125948,156.86399534125948,27.81977619748942,30.452979490761543,156.88131760413876,156.88131760413876,156.88131760413876,449.0,445.0,445.0,442.0,437.0,417.0
1.44,227.169306223187,6.28415300546448,230_4,stick1,0.0,0.03,0.0,0.032,5.0,0.015,0.016,156.86432588036814,156.86432588036814,156.86432588036814,27.81977619748942,30.452979490761543,156.88164814324742,156.88164814324742,156.88164814324742,372.0,366.0,363.0,360.0,355.0,343.0
1.42,186.575737610515,5.49199084668192,230_4,stick1,0.0,0.03,0.0,0.032,5.0,0.015,0.016,156.86472420311335,156.86472420311335,156.86472420311335,27.81977619748942,30.452979490761543,156.88204646599263,156.88204646599263,156.88204646599263,442.0,437.0,437.0,435.0,427.0,413.0
1.41,217.187357261333,6.81818181818182,230_4,stick1,0.0,0.03,0.0,0.032,5.0,0.015,0.016,156.86509525880814,156.86509525880814,156.86509525880814,27.81977619748942,30.452979490761543,156.88241752168742,156.88241752168742,156.88241752168742,399.0,396.0,395.0,394.0,386.0,369.0
1.41,264.190592126101,6.15384615384615,230_4,stick1,0.0,0.03,0.0,0.032,5.0,0.015,0.016,156.86542525055003,156.86542525055003,156.86542525055003,27.81977619748942,30.452979490761543,156.8827475134293,156.8827475134293,156.8827475134293,458.0,455.0,452.0,449.0,440.0,427.0
1.35,225.238169184846,6.66666666666667,230_4,stick1,0.0,0.03,0.0,0.032,5.0,0.015,0.016,156.86579818536254,156.86579818536254,156.86579818536254,27.81977619748942,30.452979490761543,156.8831204482418,156.8831204482418,156.8831204482418,407.0,405.0,404.0,402.0,399.0,378.0
1.36,229.111293521389,3.6117381489842,230_4,stick1,0.0,0.03,0.0,0.032,5.0,0.015,0.016,156.86612593694593,156.86612593694593,156.86612593694593,27.81977619748942,30.452979490761543,156.8834481998252,156.8834481998252,156.8834481998252,445.0,443.0,443.0,439.0,436.0,427.0
1.41,187.934522806896,5.06912442396313,230_4,stick1,0.0,0.03,0.0,0.032,5.0,0.015,0.016,156.8664901351531,156.8664901351531,156.8664901351531,27.81977619748942,30.452979490761543,156.88381239803238,156.88381239803238,156.88381239803238,438.0,434.0,433.0,431.0,429.0,412.0
1.4,220.644652847875,7.73333333333333,230_4,stick1,0.0,0.03,0.0,0.032,5.0,0.015,0.016,156.86682007173084,156.86682007173084,156.86682007173084,27.81977619748942,30.452979490761543,156.88414233461012,156.88414233461012,156.88414233461012,381.0,375.0,373.0,372.0,363.0,346.0
1.36,218.207724932581,5.77319587628866,230_4,stick1,0.0,0.03,0.0,0.032,5.0,0.015,0.016,156.86719715810574,156.86719715810574,156.86719715810574,27.81977619748942,30.452979490761543,156.88451942098501,156.88451942098501,156.88451942098501,489.0,485.0,484.0,483.0,478.0,457.0
1.36,179.40150852519,5.13447432762836,230_4,stick1,0.0,0.03,0.0,0.032,5.0,0.015,0.016,156.86753573253625,156.86753573253625,156.86753573253625,27.81977619748942,30.452979490761543,156.88485799541553,156.88485799541553,156.88485799541553,413.0,409.0,407.0,407.0,401.0,388.0
1.33,284.876309667809,6.93877551020408,230_4,stick1,0.0,0.03,0.0,0.032,5.0,0.015,0.016,156.8678984735295,156.8678984735295,156.8678984735295,27.81977619748942,30.452979490761543,156.88522073640877,156.88522073640877,156.88522073640877,495.0,490.0,487.0,482.0,477.0,456.0
1.3,171.432236884871,4.79616306954436,230_4,stick1,0.0,0.03,0.0,0.032,5.0,0.015,0.016,156.86819544679227,156.86819544679227,156.86819544679227,27.81977619748942,30.452979490761543,156.88551770967155,156.88551770967155,156.88551770967155,421.0,417.0,417.0,413.0,410.0,397.0
1.27,257.004221972678,5.58035714285714,230_4,stick1,0.0,0.03,0.0,0.032,5.0,0.015,0.016,156.86849331766012,156.86849331766012,156.86849331766012,27.81977619748942,30.452979490761543,156.8858155805394,156.8858155805394,156.8858155805394,450.0,448.0,444.0,441.0,440.0,423.0
1.27,137.66223751355,4.76190476190476,230_4,stick1,0.0,0.03,0.0,0.032,5.0,0.015,0.016,156.8688299487473,156.8688299487473,156.8688299487473,27.81977619748942,30.452979490761543,156.88615221162658,156.88615221162658,156.88615221162658,361.0,357.0,356.0,354.0,352.0,340.0
1.21,191.788155483129,4.08653846153846,230_4,stick1,0.0,0.03,0.0,0.032,5.0,0.015,0.016,156.86920385103804,156.86920385103804,156.86920385103804,27.81977619748942,30.452979490761543,156.8865261139173,156.8865261139173,156.8865261139173,419.0,416.0,415.0,413.0,409.0,399.0
1.27,185.103396461693,5.85365853658537,230_4,stick1,0.0,0.03,0.0,0.032,5.0,0.015,0.016,156.8695340632382,156.8695340632382,156.8695340632382,27.81977619748942,30.452979490761543,156.88685632611748,156.88685632611748,156.88685632611748,415.0,410.0,409.0,407.0,403.0,386.0
1.25,171.853036014705,4.375,230_4,stick1,0.0,0.03,0.0,0.032,5.0,0.015,0.016,156.8698956542633,156.8698956542633,156.8698956542633,27.81977619748942,30.452979490761543,156.88721791714258,156.88721791714258,156.88721791714258,484.0,480.0,480.0,478.0,472.0,459.0
1.2,233.719298987122,5.80046403712297,230_4,stick1,0.0,0.03,0.0,0.032,5.0,0.015,0.016,156.870228923547,156.870228923547,156.870228923547,27.81977619748942,30.452979490761543,156.88755118642626,156.88755118642626,156.88755118642626,435.0,431.0,429.0,427.0,422.0,406.0
1.18,215.990903516003,5.68720379146919,230_4,stick1,0.0,0.03,0.0,0.032,5.0,0.015,0.016,156.87059248908307,156.87059248908307,156.87059248908307,27.81977619748942,30.452979490761543,156.88791475196234,156.88791475196234,156.88791475196234,423.0,422.0,420.0,416.0,414.0,398.0
1.22,221.443517335133,5.41237113402062,230_4,stick1,0.0,0.03,0.0,0.032,5.0,0.015,0.016,156.87089507299052,156.87089507299052,156.87089507299052,27.81977619748942,30.452979490761543,156.8882173358698,156.8882173358698,156.8882173358698,393.0,388.0,388.0,385.0,381.0,367.0
1.19,240.421677333455,4.13625304136253,230_4,stick1,0.0,0.03,0.0,0.032,5.0,0.015,0.016,156.87119163504053,156.87119163504053,156.87119163504053,27.81977619748942,30.452979490761543,156.8885138979198,156.8885138979198,156.8885138979198,418.0,411.0,410.0,408.0,407.0,394.0
1.19,215.910320165529,5.08474576271186,230_4,stick1,0.0,0.03,0.0,0.032,5.0,0.015,0.016,156.87152640138615,156.87152640138615,156.87152640138615,27.81977619748942,30.452979490761543,156.88884866426542,156.88884866426542,156.88884866426542,419.0,413.0,412.0,410.0,404.0,392.0
1.23,212.73956088841,7.14285714285714,230_4,stick1,0.0,0.03,0.0,0.032,5.0,0.015,0.016,156.8719242954682,156.8719242954682,156.8719242954682,27.81977619748942,30.452979490761543,156.88924655834748,156.88924655834748,156.88924655834748,394.0,392.0,391.0,388.0,382.0,364.0
1.23,116.117935092934,2.58823529411765,230_4,stick1,0.0,0.03,0.0,0.032,5.0,0.015,0.016,156.8722995752785,156.8722995752785,156.8722995752785,27.81977619748942,30.452979490761543,156.88962183815778,156.88962183815778,156.88962183815778,429.0,425.0,425.0,424.0,420.0,414.0
1.26,254.846681575851,7.2234762979684,230_4,stick1,0.0,0.03,0.0,0.032,5.0,0.015,0.016,156.87262893389376,156.87262893389376,156.87262893389376,27.81977619748942,30.452979490761543,156.88995119677304,156.88995119677304,156.88995119677304,446.0,443.0,441.0,439.0,433.0,411.0
1.26,212.274553149328,4.77326968973747,230_4,stick1,0.0,0.03,0.0,0.032,5.0,0.015,0.016,156.8729997362489,156.8729997362489,156.8729997362489,27.81977619748942,30.452979490761543,156.89032199912816,156.89032199912816,156.89032199912816,422.0,419.0,418.0,415.0,412.0,399.0
1.29,212.877666670033,4.72813238770686,230_4,stick1,0.0,0.03,0.0,0.032,5.0,0.015,0.016,156.87332971153828,156.87332971153828,156.87332971153828,27.81977619748942,30.452979490761543,156.89065197441755,156.89065197441755,156.89065197441755,430.0,423.0,422.0,420.0,415.0,403.0
1.29,193.989054766251,5.22565320665083,230_4,stick1,0.0,0.03,0.0,0.032,5.0,0.015,0.016,156.8737048853349,156.8737048853349,156.8737048853349,27.81977619748942,30.452979490761543,156.89102714821416,156.89102714821416,156.89102714821416,423.0,421.0,418.0,417.0,416.0,399.0
1.39,221.544162517273,3.77733598409543,230_4,stick1,0.0,0.03,0.0,0.032,5.0,0.015,0.016,156.87404185362945,156.87404185362945,156.87404185362945,27.81977619748942,30.452979490761543,156.89136411650873,156.89136411650873,156.89136411650873,505.0,503.0,502.0,498.0,492.0,484.0
1.47,231.972196777194,6.5359477124183,230_4,stick1,0.0,0.03,0.0,0.032,5.0,0.015,0.016,156.87444933758007,156.87444933758007,156.87444933758007,27.81977619748942,30.452979490761543,156.89177160045935,156.89177160045935,156.89177160045935,461.0,459.0,458.0,457.0,448.0,429.0
1.53,202.364305751678,6.65280665280665,230_4,stick1,0.0,0.03,0.0,0.032,5.0,0.015,0.016,156.87480281966495,156.87480281966495,156.87480281966495,27.81977619748942,30.452979490761543,156.89212508254423,156.89212508254423,156.89212508254423,484.0,481.0,481.0,479.0,472.0,449.0
1.54,189.167059753866,3.65853658536585,230_4,stick1,0.0,0.03,0.0,0.032,5.0,0.015,0.016,156.87517029337295,156.87517029337295,156.87517029337295,27.81977619748942,30.452979490761543,156.89249255625222,156.89249255625222,156.89249255625222,496.0,492.0,491.0,488.0,484.0,474.0
1.56,237.57345892587,6.55339805825243,230_4,stick1,0.0,0.03,0.0,0.032,5.0,0.015,0.016,156.87552793179916,156.87552793179916,156.87552793179916,27.81977619748942,30.452979490761543,156.89285019467843,156.89285019467843,156.89285019467843,413.0,412.0,412.0,408.0,398.0,385.0
1.52,226.393953263849,5.1975051975052,230_4,stick1,0.0,0.03,0.0,0.032,5.0,0.015,0.016,156.87587244236997,156.87587244236997,156.87587244236997,27.81977619748942,30.452979490761543,156.89319470524924,156.89319470524924,156.89319470524924,483.0,481.0,480.0,477.0,472.0,456.0
1.5,284.715833516431,6.04651162790698,230_4,stick1,0.0,0.03,0.0,0.032,5.0,0.015,0.016,156.87627491166018,156.87627491166018,156.87627491166018,27.81977619748942,30.452979490761543,156.89359717453945,156.89359717453945,156.89359717453945,431.0,430.0,426.0,424.0,422.0,404.0
1.47,244.577240095929,5.720823798627,230_4,stick1,0.0,0.03,0.0,0.032,5.0,0.015,0.016,156.87662463883944,156.87662463883944,156.87662463883944,27.81977619748942,30.452979490761543,156.89394690171872,156.89394690171872,156.89394690171872,439.0,437.0,436.0,433.0,426.0,412.0
1.45,217.789928206369,5.53359683794466,230_4,stick1,0.0,0.03,0.0,0.032,5.0,0.015,0.016,156.87696770316796,156.87696770316796,156.87696770316796,27.81977619748942,30.452979490761543,156.89428996604724,156.89428996604724,156.89428996604724,509.0,506.0,504.0,503.0,498.0,478.0
1.46,221.619406676328,5.26315789473684,230_4,stick1,0.0,0.03,0.0,0.032,5.0,0.015,0.016,156.8773267256911,156.8773267256911,156.8773267256911,27.81977619748942,30.452979490761543,156.89464898857037,156.89464898857037,156.89464898857037,518.0,513.0,512.0,509.0,504.0,486.0
1.44,193.892469472581,4.88888888888889,230_4,stick1,0.0,0.03,0.0,0.032,5.0,0.015,0.016,156.87767271760362,156.87767271760362,156.87767271760362,27.81977619748942,30.452979490761543,156.8949949804829,156.8949949804829,156.8949949804829,453.0,450.0,449.0,448.0,444.0,428.0
1.45,213.954540702361,4.71014492753623,230_4,stick1,0.0,0.03,0.0,0.032,5.0,0.015,0.016,156.8780417512133,156.8780417512133,156.8780417512133,27.81977619748942,30.452979490761543,156.89536401409256,156.89536401409256,156.89536401409256,556.0,552.0,550.0,549.0,545.0,526.0
1.42,348.557787478668,5.6,230_4,stick1,0.0,0.03,0.0,0.032,5.0,0.015,0.016,156.8782833182336,156.8782833182336,156.8782833182336,27.81977619748942,30.452979490761543,156.89560558111287,156.89560558111287,156.89560558111287,502.0,500.0,497.0,494.0,487.0,472.0
1.4,316.793654998749,6.57084188911704,230_4,stick1,0.0,0.03,0.0,0.032,5.0,0.015,0.016,156.87866510803835,156.87866510803835,156.87866510803835,27.81977619748942,30.452979490761543,156.89598737091762,156.89598737091762,156.89598737091762,490.0,487.0,486.0,482.0,476.0,455.0
1.45,203.588785619998,4.48833034111311,230_4,stick1,0.0,0.03,0.0,0.032,5.0,0.015,0.016,156.87897817686155,156.87897817686155,156.87897817686155,27.81977619748942,30.452979490761543,156.89630043974083,156.89630043974083,156.89630043974083,561.0,557.0,556.0,556.0,551.0,532.0
1.43,172.790723843854,6.77966101694915,230_4,stick1,0.0,0.03,0.0,0.032,5.0,0.015,0.016,156.87936430524115,156.87936430524115,156.87936430524115,27.81977619748942,30.452979490761543,156.89668656812043,156.89668656812043,156.89668656812043,413.0,413.0,413.0,411.0,403.0,385.0
1.46,235.221101553626,3.13807531380753,230_4,stick1,0.0,0.03,0.0,0.032,5.0,0.015,0.016,156.87968441553863,156.87968441553863,156.87968441553863,27.81977619748942,30.452979490761543,156.8970066784179,156.8970066784179,156.8970066784179,481.0,478.0,476.0,475.0,472.0,463.0
1.43,161.901121455129,4.15754923413567,230_4,stick1,0.0,0.03,0.0,0.032,5.0,0.015,0.016,156.88006302737793,156.88006302737793,156.88006302737793,27.81977619748942,30.452979490761543,156.8973852902572,156.8973852902572,156.8973852902572,457.0,457.0,457.0,455.0,452.0,438.0
1.43,181.334952716351,5.17241379310345,230_4,stick1,0.0,0.03,0.0,0.032,5.0,0.015,0.016,156.88036373682206,156.88036373682206,156.88036373682206,27.81977619748942,30.452979490761543,156.89768599970134,156.89768599970134,156.89768599970134,466.0,464.0,463.0,461.0,456.0,440.0
1.43,177.833348048348,4.4362292051756,230_4,stick1,0.0,0.03,0.0,0.032,5.0,0.015,0.016,156.88067941806636,156.88067941806636,156.88067941806636,27.81977619748942,30.452979490761543,156.89800168094564,156.89800168094564,156.89800168094564,543.0,541.0,541.0,539.0,534.0,517.0
1.43,64.4505459823319,0.99009900990099,230_4,stick1,0.0,0.03,0.0,0.032,5.0,0.015,0.016,156.8810539150729,156.8810539150729,156.8810539150729,27.81977619748942,30.452979490761543,156.89837617795217,156.89837617795217,156.89837617795217,405.0,404.0,404.0,404.0,403.0,400.0
1.4,224.142499264123,4.88888888888889,230_4,stick1,0.0,0.03,0.0,0.032,5.0,0.015,0.016,156.88129571204522,156.88129571204522,156.88129571204522,27.81977619748942,30.452979490761543,156.8986179749245,156.8986179749245,156.8986179749245,453.0,450.0,448.0,445.0,440.0,428.0
1.39,201.653095356311,4.7713717693837,230_4,stick1,0.0,0.03,0.0,0.032,5.0,0.015,0.016,156.8816913182636,156.8816913182636,156.8816913182636,27.81977619748942,30.452979490761543,156.89901358114287,156.89901358114287,156.89901358114287,503.0,503.0,502.0,501.0,493.0,479.0
1.39,168.615775360075,5.65217391304348,230_4,stick1,0.0,0.03,0.0,0.032,5.0,0.015,0.016,156.88199710347632,156.88199710347632,156.88199710347632,27.81977619748942,30.452979490761543,156.8993193663556,156.8993193663556,156.8993193663556,460.0,460.0,460.0,457.0,455.0,434.0
1.36,212.570502056839,3.90804597701149,230_4,stick1,0.0,0.03,0.0,0.032,5.0,0.015,0.016,156.88239413787434,156.88239413787434,156.88239413787434,27.81977619748942,30.452979490761543,156.89971640075362,156.89971640075362,156.89971640075362,436.0,435.0,432.0,430.0,426.0,418.0
1.39,221.598182642879,4.29447852760736,230_4,stick1,0.0,0.03,0.0,0.032,5.0,0.015,0.016,156.88269650268825,156.88269650268825,156.88269650268825,27.81977619748942,30.452979490761543,156.90001876556752,156.90001876556752,156.90001876556752,492.0,489.0,489.0,487.0,481.0,468.0
1.39,221.222425088942,4.72972972972973,230_4,stick1,0.0,0.03,0.0,0.032,5.0,0.015,0.016,156.8829984869493,156.8829984869493,156.8829984869493,27.81977619748942,30.452979490761543,156.90032074982858,156.90032074982858,156.90032074982858,447.0,444.0,442.0,441.0,438.0,423.0
1.35,225.100234768485,4.91493383742911,230_4,stick1,0.0,0.03,0.0,0.032,5.0,0.015,0.016,156.88339753333508,156.88339753333508,156.88339753333508,27.81977619748942,30.452979490761543,156.90071979621436,156.90071979621436,156.90071979621436,531.0,529.0,528.0,525.0,521.0,503.0
1.33,299.017057869697,6.35838150289017,230_4,stick1,0.0,0.03,0.0,0.032,5.0,0.015,0.016,156.8837921182706,156.8837921182706,156.8837921182706,27.81977619748942,30.452979490761543,156.90111438114988,156.90111438114988,156.90111438114988,520.0,519.0,519.0,514.0,510.0,486.0
1.31,196.164177284211,4.58515283842795,230_4,stick1,0.0,0.03,0.0,0.032,5.0,0.015,0.016,156.88409978670217,156.88409978670217,156.88409978670217,27.81977619748942,30.452979490761543,156.90142204958144,156.90142204958144,156.90142204958144,460.0,458.0,455.0,454.0,451.0,437.0
1.35,360.305781064229,5.2064631956912,230_4,stick1,0.0,0.03,0.0,0.032,5.0,0.015,0.016,156.8844935467647,156.8844935467647,156.8844935467647,27.81977619748942,30.452979490761543,156.90181580964398,156.90181580964398,156.90181580964398,560.0,557.0,556.0,551.0,546.0,528.0
1.45,155.399819857761,4.87179487179487,230_4,stick1,0.0,0.03,0.0,0.032,5.0,0.015,0.016,156.88489267920752,156.88489267920752,156.88489267920752,27.81977619748942,30.452979490761543,156.9022149420868,156.9022149420868,156.9022149420868,392.0,390.0,389.0,388.0,383.0,371.0
1.56,181.962462047653,5.28375733855186,230_4,stick1,0.0,0.03,0.0,0.032,5.0,0.015,0.016,156.88529737878733,156.88529737878733,156.88529737878733,27.81977619748942,30.452979490761543,156.9026196416666,156.9026196416666,156.9026196416666,512.0,511.0,510.0,510.0,505.0,484.0
1.64,217.981926915101,4.08858603066439,230_4,stick1,0.0,0.03,0.0,0.032,5.0,0.015,0.016,156.88578160058228,156.88578160058228,156.88578160058228,27.81977619748942,30.452979490761543,156.90310386346155,156.90310386346155,156.90310386346155,588.0,587.0,587.0,583.0,579.0,563.0
1.7,246.377598167676,4.38871473354232,230_4,stick1,0.0,0.03,0.0,0.032,5.0,0.015,0.016,156.8862330951765,156.8862330951765,156.8862330951765,27.81977619748942,30.452979490761543,156.90355535805577,156.90355535805577,156.90355535805577,644.0,638.0,637.0,632.0,630.0,610.0
1.64,157.69669076534,4.84739676840215,230_4,stick1,0.0,0.03,0.0,0.032,5.0,0.015,0.016,156.88660250740003,156.88660250740003,156.88660250740003,27.81977619748942,30.452979490761543,156.9039247702793,156.9039247702793,156.9039247702793,562.0,557.0,557.0,555.0,549.0,530.0
1.64,190.684380549659,5.34979423868313,230_4,stick1,0.0,0.03,0.0,0.032,5.0,0.015,0.016,156.8869661811353,156.8869661811353,156.8869661811353,27.81977619748942,30.452979490761543,156.90428844401458,156.90428844401458,156.90428844401458,487.0,486.0,486.0,483.0,478.0,460.0
1.56,237.240534314015,4.92424242424242,230_4,stick1,0.0,0.03,0.0,0.032,5.0,0.015,0.016,156.88735628085715,156.88735628085715,156.88735628085715,27.81977619748942,30.452979490761543,156.90467854373642,156.90467854373642,156.90467854373642,528.0,528.0,527.0,523.0,517.0,502.0
1.53,172.783909811726,5.16528925619835,230_4,stick1,0.0,0.03,0.0,0.032,5.0,0.015,0.016,156.887757042078,156.887757042078,156.887757042078,27.81977619748942,30.452979490761543,156.90507930495727,156.90507930495727,156.90507930495727,485.0,484.0,484.0,481.0,478.0,459.0
1.48,241.858822559118,4.85981308411215,230_4,stick1,0.0,0.03,0.0,0.032,5.0,0.015,0.016,156.88816872798438,156.88816872798438,156.88816872798438,27.81977619748942,30.452979490761543,156.90549099086365,156.90549099086365,156.90549099086365,536.0,535.0,533.0,532.0,526.0,509.0
1.48,169.595637166248,3.76984126984127,230_4,stick1,0.0,0.03,0.0,0.032,5.0,0.015,0.016,156.8884981994699,156.8884981994699,156.8884981994699,27.81977619748942,30.452979490761543,156.90582046234917,156.90582046234917,156.90582046234917,506.0,504.0,504.0,502.0,497.0,485.0
,,,230_4,stick1,0.0,0.03,0.0,0.032,5.0,0.015,0.016,156.88886619724983,156.88886619724983,156.88886619724983,27.81977619748942,30.452979490761543,156.9061884601291,156.9061884601291,156.9061884601291,0.0,0.0,0.0,0.0,0.0,0.0
,,,230_4,stick1,0.0,0.03,0.0,0.032,5.0,0.015,0.016,156.88935168105886,156.88935168105886,156.88935168105886,27.81977619748942,30.452979490761543,156.90667394393813,156.90667394393813,156.90667394393813,0.0,0.0,0.0,0.0,0.0,0.0
,,,230_4,stick1,0.0,0.03,0.0,0.032,5.0,0.015,0.016,156.88975015829263,156.88975015829263,156.88975015829263,27.81977619748942,30.452979490761543,156.9070724211719,156.9070724211719,156.9070724211719,0.0,0.0,0.0,0.0,0.0,0.0
,,,230_4,stick1,0.0,0.03,0.0,0.032,5.0,0.015,0.016,156.89007013644274,156.89007013644274,156.89007013644274,27.81977619748942,30.452979490761543,156.90739239932202,156.90739239932202,156.90739239932202,0.0,0.0,0.0,0.0,0.0,0.0
,,,230_4,stick1,0.0,0.03,0.0,0.032,5.0,0.015,0.016,156.89046121793916,156.89046121793916,156.89046121793916,27.81977619748942,30.452979490761543,156.90778348081844,156.90778348081844,156.90778348081844,0.0,0.0,0.0,0.0,0.0,0.0
,,,230_4,stick1,0.0,0.03,0.0,0.032,5.0,0.015,0.016,156.89077152637358,156.89077152637358,156.89077152637358,27.81977619748942,30.452979490761543,156.90809378925286,156.90809378925286,156.90809378925286,0.0,0.0,0.0,0.0,0.0,0.0
,,,230_4,stick1,0.0,0.03,0.0,0.032,5.0,0.015,0.016,156.89115480666803,156.89115480666803,156.89115480666803,27.81977619748942,30.452979490761543,156.9084770695473,156.9084770695473,156.9084770695473,0.0,0.0,0.0,0.0,0.0,0.0
,,,230_4,stick1,0.0,0.03,0.0,0.032,5.0,0.015,0.016,156.89156512940713,156.89156512940713,156.89156512940713,27.81977619748942,30.452979490761543,156.9088873922864,156.9088873922864,156.9088873922864,0.0,0.0,0.0,0.0,0.0,0.0
,,,230_4,stick1,0.0,0.03,0.0,0.032,5.0,0.015,0.016,156.8918703263371,156.8918703263371,156.8918703263371,27.81977619748942,30.452979490761543,156.9091925892164,156.9091925892164,156.9091925892164,0.0,0.0,0.0,0.0,0.0,0.0
,,,230_4,stick1,0.0,0.03,0.0,0.032,5.0,0.015,0.016,156.8922632452754,156.8922632452754,156.8922632452754,27.81977619748942,30.452979490761543,156.90958550815466,156.90958550815466,156.90958550815466,0.0,0.0,0.0,0.0,0.0,0.0
,,,230_4,stick1,0.0,0.03,0.0,0.032,5.0,0.015,0.016,156.8926573861824,156.8926573861824,156.8926573861824,27.81977619748942,30.452979490761543,156.90997964906168,156.90997964906168,156.90997964906168,0.0,0.0,0.0,0.0,0.0,0.0
,,,230_4,stick1,0.0,0.03,0.0,0.032,5.0,0.015,0.016,156.89297120551933,156.89297120551933,156.89297120551933,27.81977619748942,30.452979490761543,156.9102934683986,156.9102934683986,156.9102934683986,0.0,0.0,0.0,0.0,0.0,0.0
,,,230_4,stick1,0.0,0.03,0.0,0.032,5.0,0.015,0.016,156.89326538707022,156.89326538707022,156.89326538707022,27.81977619748942,30.452979490761543,156.9105876499495,156.9105876499495,156.9105876499495,0.0,0.0,0.0,0.0,0.0,0.0
,,,230_4,stick1,0.0,0.03,0.0,0.032,5.0,0.015,0.016,156.8937442988025,156.8937442988025,156.8937442988025,27.81977619748942,30.452979490761543,156.91106656168176,156.91106656168176,156.91106656168176,0.0,0.0,0.0,0.0,0.0,0.0
,,,230_4,stick1,0.0,0.03,0.0,0.032,5.0,0.015,0.016,156.89413333201904,156.89413333201904,156.89413333201904,27.81977619748942,30.452979490761543,156.9114555948983,156.9114555948983,156.9114555948983,0.0,0.0,0.0,0.0,0.0,0.0
,,,230_4,stick1,0.0,0.03,0.0,0.032,5.0,0.015,0.016,156.89444567676813,156.89444567676813,156.89444567676813,27.81977619748942,30.452979490761543,156.9117679396474,156.9117679396474,156.9117679396474,0.0,0.0,0.0,0.0,0.0,0.0
,,,230_4,stick1,0.0,0.03,0.0,0.032,5.0,0.015,0.016,156.89485549766675,156.89485549766675,156.89485549766675,27.81977619748942,30.452979490761543,156.91217776054603,156.91217776054603,156.91217776054603,0.0,0.0,0.0,0.0,0.0,0.0
,,,230_4,stick1,0.0,0.03,0.0,0.032,5.0,0.015,0.016,156.8952359108501,156.8952359108501,156.8952359108501,27.81977619748942,30.452979490761543,156.91255817372937,156.91255817372937,156.91255817372937,0.0,0.0,0.0,0.0,0.0,0.0
,,,230_4,stick1,0.0,0.03,0.0,0.032,5.0,0.015,0.016,156.8955408811188,156.8955408811188,156.8955408811188,27.81977619748942,30.452979490761543,156.91286314399807,156.91286314399807,156.91286314399807,0.0,0.0,0.0,0.0,0.0,0.0
,,,230_4,stick1,0.0,0.03,0.0,0.032,5.0,0.015,0.016,156.89585130668502,156.89585130668502,156.89585130668502,27.81977619748942,30.452979490761543,156.9131735695643,156.9131735695643,156.9131735695643,0.0,0.0,0.0,0.0,0.0,0.0
,,,230_4,stick1,0.0,0.03,0.0,0.032,5.0,0.015,0.016,156.89624818926256,156.89624818926256,156.89624818926256,27.81977619748942,30.452979490761543,156.91357045214184,156.91357045214184,156.91357045214184,0.0,0.0,0.0,0.0,0.0,0.0
,,,230_4,stick1,0.0,0.03,0.0,0.032,5.0,0.015,0.016,156.8966347301126,156.8966347301126,156.8966347301126,27.81977619748942,30.452979490761543,156.91395699299187,156.91395699299187,156.91395699299187,0.0,0.0,0.0,0.0,0.0,0.0
,,,230_4,stick1,0.0,0.03,0.0,0.032,5.0,0.015,0.016,156.89694253075947,156.89694253075947,156.89694253075947,27.81977619748942,30.452979490761543,156.91426479363875,156.91426479363875,156.91426479363875,0.0,0.0,0.0,0.0,0.0,0.0
,,,230_4,stick1,0.0,0.03,0.0,0.032,5.0,0.015,0.016,156.89723865088214,156.89723865088214,156.89723865088214,27.81977619748942,30.452979490761543,156.91456091376142,156.91456091376142,156.91456091376142,0.0,0.0,0.0,0.0,0.0,0.0
,,,230_4,stick1,0.0,0.03,0.0,0.032,5.0,0.015,0.016,156.89755618865485,156.89755618865485,156.89755618865485,27.81977619748942,30.452979490761543,156.91487845153412,156.91487845153412,156.91487845153412,0.0,0.0,0.0,0.0,0.0,0.0
,,,230_4,stick1,0.0,0.03,0.0,0.032,5.0,0.015,0.016,156.89793946554894,156.89793946554894,156.89793946554894,27.81977619748942,30.452979490761543,156.91526172842822,156.91526172842822,156.91526172842822,0.0,0.0,0.0,0.0,0.0,0.0
,,,230_4,stick1,0.0,0.03,0.0,0.032,5.0,0.015,0.016,156.89824632465337,156.89824632465337,156.89824632465337,27.81977619748942,30.452979490761543,156.91556858753265,156.91556858753265,156.91556858753265,0.0,0.0,0.0,0.0,0.0,0.0
,,,230_4,stick1,0.0,0.03,0.0,0.032,5.0,0.015,0.016,156.89864758273225,156.89864758273225,156.89864758273225,27.81977619748942,30.452979490761543,156.91596984561153,156.91596984561153,156.91596984561153,0.0,0.0,0.0,0.0,0.0,0.0
,,,230_4,stick1,0.0,0.03,0.0,0.032,5.0,0.015,0.016,156.89903330857143,156.89903330857143,156.89903330857143,27.81977619748942,30.452979490761543,156.9163555714507,156.9163555714507,156.9163555714507,0.0,0.0,0.0,0.0,0.0,0.0
,,,230_4,stick1,0.0,0.03,0.0,0.032,5.0,0.015,0.016,156.89933609351272,156.89933609351272,156.89933609351272,27.81977619748942,30.452979490761543,156.916658356392,156.916658356392,156.916658356392,0.0,0.0,0.0,0.0,0.0,0.0
,,,230_4,stick1,0.0,0.03,0.0,0.032,5.0,0.015,0.016,156.89964522443435,156.89964522443435,156.89964522443435,27.81977619748942,30.452979490761543,156.91696748731363,156.91696748731363,156.91696748731363,0.0,0.0,0.0,0.0,0.0,0.0
,,,230_4,stick1,0.0,0.03,0.0,0.032,5.0,0.015,0.016,156.90004922412356,156.90004922412356,156.90004922412356,27.81977619748942,30.452979490761543,156.91737148700284,156.91737148700284,156.91737148700284,0.0,0.0,0.0,0.0,0.0,0.0
,,,230_4,stick1,0.0,0.03,0.0,0.032,5.0,0.015,0.016,156.90045160254064,156.90045160254064,156.90045160254064,27.81977619748942,30.452979490761543,156.91777386541992,156.91777386541992,156.91777386541992,0.0,0.0,0.0,0.0,0.0,0.0
,,,230_4,stick1,0.0,0.03,0.0,0.032,5.0,0.015,0.016,156.90083995623428,156.90083995623428,156.90083995623428,27.81977619748942,30.452979490761543,156.91816221911355,156.91816221911355,156.91816221911355,0.0,0.0,0.0,0.0,0.0,0.0
,,,230_4,stick1,0.0,0.03,0.0,0.032,5.0,0.015,0.016,156.90114304024118,156.90114304024118,156.90114304024118,27.81977619748942,30.452979490761543,156.91846530312046,156.91846530312046,156.91846530312046,0.0,0.0,0.0,0.0,0.0,0.0
,,,230_4,stick1,0.0,0.03,0.0,0.032,5.0,0.015,0.016,156.90143475719668,156.90143475719668,156.90143475719668,27.81977619748942,30.452979490761543,156.91875702007596,156.91875702007596,156.91875702007596,0.0,0.0,0.0,0.0,0.0,0.0
,,,230_4,stick1,0.0,0.03,0.0,0.032,5.0,0.015,0.016,156.90175277145596,156.90175277145596,156.90175277145596,27.81977619748942,30.452979490761543,156.91907503433524,156.91907503433524,156.91907503433524,0.0,0.0,0.0,0.0,0.0,0.0
,,,230_4,stick1,0.0,0.03,0.0,0.032,5.0,0.015,0.016,156.90213884486624,156.90213884486624,156.90213884486624,27.81977619748942,30.452979490761543,156.91946110774552,156.91946110774552,156.91946110774552,0.0,0.0,0.0,0.0,0.0,0.0
,,,230_4,stick1,0.0,0.03,0.0,0.032,5.0,0.015,0.016,156.90245693661382,156.90245693661382,156.90245693661382,27.81977619748942,30.452979490761543,156.9197791994931,156.9197791994931,156.9197791994931,0.0,0.0,0.0,0.0,0.0,0.0
,,,230_4,stick1,0.0,0.03,0.0,0.032,5.0,0.015,0.016,156.90283990349997,156.90283990349997,156.90283990349997,27.81977619748942,30.452979490761543,156.92016216637924,156.92016216637924,156.92016216637924,0.0,0.0,0.0,0.0,0.0,0.0
,,,230_4,stick1,0.0,0.03,0.0,0.032,5.0,0.015,0.016,156.90315327498055,156.90315327498055,156.90315327498055,27.81977619748942,30.452979490761543,156.92047553785983,156.92047553785983,156.92047553785983,0.0,0.0,0.0,0.0,0.0,0.0
,,,230_4,stick1,0.0,0.03,0.0,0.032,5.0,0.015,0.016,156.90354798505118,156.90354798505118,156.90354798505118,27.81977619748942,30.452979490761543,156.92087024793045,156.92087024793045,156.92087024793045,0.0,0.0,0.0,0.0,0.0,0.0
,,,230_4,stick1,0.0,0.03,0.0,0.032,5.0,0.015,0.016,156.90395698567426,156.90395698567426,156.90395698567426,27.81977619748942,30.452979490761543,156.92127924855353,156.92127924855353,156.92127924855353,0.0,0.0,0.0,0.0,0.0,0.0
,,,230_4,stick1,0.0,0.03,0.0,0.032,5.0,0.015,0.016,156.90435152862216,156.90435152862216,156.90435152862216,27.81977619748942,30.452979490761543,156.92167379150143,156.92167379150143,156.92167379150143,0.0,0.0,0.0,0.0,0.0,0.0
,,,230_4,stick1,0.0,0.03,0.0,0.032,5.0,0.015,0.016,156.90474191014778,156.90474191014778,156.90474191014778,27.81977619748942,30.452979490761543,156.92206417302705,156.92206417302705,156.92206417302705,0.0,0.0,0.0,0.0,0.0,0.0
,,,230_4,stick1,0.0,0.03,0.0,0.032,5.0,0.015,0.016,156.90505586991634,156.90505586991634,156.90505586991634,27.81977619748942,30.452979490761543,156.92237813279561,156.92237813279561,156.92237813279561,0.0,0.0,0.0,0.0,0.0,0.0
,,,230_4,stick1,0.0,0.03,0.0,0.032,5.0,0.015,0.016,156.90545698019125,156.90545698019125,156.90545698019125,27.81977619748942,30.452979490761543,156.92277924307052,156.92277924307052,156.92277924307052,0.0,0.0,0.0,0.0,0.0,0.0
,,,230_4,stick1,0.0,0.03,0.0,0.032,5.0,0.015,0.016,156.9058470765956,156.9058470765956,156.9058470765956,27.81977619748942,30.452979490761543,156.92316933947487,156.92316933947487,156.92316933947487,0.0,0.0,0.0,0.0,0.0,0.0
,,,230_4,stick1,0.0,0.03,0.0,0.032,5.0,0.015,0.016,156.90617187458534,156.90617187458534,156.90617187458534,27.81977619748942,30.452979490761543,156.92349413746462,156.92349413746462,156.92349413746462,0.0,0.0,0.0,0.0,0.0,0.0
,,,230_4,stick1,0.0,0.03,0.0,0.032,5.0,0.015,0.016,156.90649553059023,156.90649553059023,156.90649553059023,27.81977619748942,30.452979490761543,156.9238177934695,156.9238177934695,156.9238177934695,0.0,0.0,0.0,0.0,0.0,0.0
,,,230_4,stick1,0.0,0.03,0.0,0.032,5.0,0.015,0.016,156.906881724656,156.906881724656,156.906881724656,27.81977619748942,30.452979490761543,156.92420398753526,156.92420398753526,156.92420398753526,0.0,0.0,0.0,0.0,0.0,0.0
,,,230_4,stick1,0.0,0.03,0.0,0.032,5.0,0.015,0.016,156.90723648184118,156.90723648184118,156.90723648184118,27.81977619748942,30.452979490761543,156.92455874472046,156.92455874472046,156.92455874472046,0.0,0.0,0.0,0.0,0.0,0.0
,,,230_4,stick1,0.0,0.03,0.0,0.032,5.0,0.015,0.016,156.90758893275245,156.90758893275245,156.90758893275245,27.81977619748942,30.452979490761543,156.92491119563172,156.92491119563172,156.92491119563172,0.0,0.0,0.0,0.0,0.0,0.0
,,,230_4,stick1,0.0,0.03,0.0,0.032,5.0,0.015,0.016,156.90798750742118,156.90798750742118,156.90798750742118,27.81977619748942,30.452979490761543,156.92530977030046,156.92530977030046,156.92530977030046,0.0,0.0,0.0,0.0,0.0,0.0
,,,230_4,stick1,0.0,0.03,0.0,0.032,5.0,0.015,0.016,156.90838483855055,156.90838483855055,156.90838483855055,27.81977619748942,30.452979490761543,156.92570710142982,156.92570710142982,156.92570710142982,0.0,0.0,0.0,0.0,0.0,0.0
,,,230_4,stick1,0.0,0.03,0.0,0.032,5.0,0.015,0.016,156.90874186249988,156.90874186249988,156.90874186249988,27.81977619748942,30.452979490761543,156.92606412537916,156.92606412537916,156.92606412537916,0.0,0.0,0.0,0.0,0.0,0.0
,,,230_4,stick1,0.0,0.03,0.0,0.032,5.0,0.015,0.016,156.90908911580928,156.90908911580928,156.90908911580928,27.81977619748942,30.452979490761543,156.92641137868856,156.92641137868856,156.92641137868856,0.0,0.0,0.0,0.0,0.0,0.0
,,,230_4,stick1,0.0,0.03,0.0,0.032,5.0,0.015,0.016,156.90948811217532,156.90948811217532,156.90948811217532,27.81977619748942,30.452979490761543,156.9268103750546,156.9268103750546,156.9268103750546,0.0,0.0,0.0,0.0,0.0,0.0
,,,230_4,stick1,0.0,0.03,0.0,0.032,5.0,0.015,0.016,156.90987814144077,156.90987814144077,156.90987814144077,27.81977619748942,30.452979490761543,156.92720040432005,156.92720040432005,156.92720040432005,0.0,0.0,0.0,0.0,0.0,0.0
,,,230_4,stick1,0.0,0.03,0.0,0.032,5.0,0.015,0.016,156.91017307025783,156.91017307025783,156.91017307025783,27.81977619748942,30.452979490761543,156.9274953331371,156.9274953331371,156.9274953331371,0.0,0.0,0.0,0.0,0.0,0.0
,,,230_4,stick1,0.0,0.03,0.0,0.032,5.0,0.015,0.016,156.91049678552042,156.91049678552042,156.91049678552042,27.81977619748942,30.452979490761543,156.9278190483997,156.9278190483997,156.9278190483997,0.0,0.0,0.0,0.0,0.0,0.0
,,,230_4,stick1,0.0,0.03,0.0,0.032,5.0,0.015,0.016,156.91089460706982,156.91089460706982,156.91089460706982,27.81977619748942,30.452979490761543,156.9282168699491,156.9282168699491,156.9282168699491,0.0,0.0,0.0,0.0,0.0,0.0
,,,230_4,stick1,0.0,0.03,0.0,0.032,5.0,0.015,0.016,156.91127247990897,156.91127247990897,156.91127247990897,27.81977619748942,30.452979490761543,156.92859474278825,156.92859474278825,156.92859474278825,0.0,0.0,0.0,0.0,0.0,0.0
,,,230_4,stick1,0.0,0.03,0.0,0.032,5.0,0.015,0.016,156.9116023580009,156.9116023580009,156.9116023580009,27.81977619748942,30.452979490761543,156.92892462088017,156.92892462088017,156.92892462088017,0.0,0.0,0.0,0.0,0.0,0.0
,,,230_4,stick1,0.0,0.03,0.0,0.032,5.0,0.015,0.016,156.91196921688297,156.91196921688297,156.91196921688297,27.81977619748942,30.452979490761543,156.92929147976224,156.92929147976224,156.92929147976224,0.0,0.0,0.0,0.0,0.0,0.0
,,,230_4,stick1,0.0,0.03,0.0,0.032,5.0,0.015,0.016,156.91229759199737,156.91229759199737,156.91229759199737,27.81977619748942,30.452979490761543,156.92961985487665,156.92961985487665,156.92961985487665,0.0,0.0,0.0,0.0,0.0,0.0
,,,230_4,stick1,0.0,0.03,0.0,0.032,5.0,0.015,0.016,156.91269533139624,156.91269533139624,156.91269533139624,27.81977619748942,30.452979490761543,156.9300175942755,156.9300175942755,156.9300175942755,0.0,0.0,0.0,0.0,0.0,0.0
,,,230_4,stick1,0.0,0.03,0.0,0.032,5.0,0.015,0.016,156.91309873573223,156.91309873573223,156.91309873573223,27.81977619748942,30.452979490761543,156.9304209986115,156.9304209986115,156.9304209986115,0.0,0.0,0.0,0.0,0.0,0.0
,,,230_4,stick1,0.0,0.03,0.0,0.032,5.0,0.015,0.016,156.9134715445134,156.9134715445134,156.9134715445134,27.81977619748942,30.452979490761543,156.9307938073927,156.9307938073927,156.9307938073927,0.0,0.0,0.0,0.0,0.0,0.0
,,,230_4,stick1,0.0,0.03,0.0,0.032,5.0,0.015,0.016,156.913779505064,156.913779505064,156.913779505064,27.81977619748942,30.452979490761543,156.9311017679433,156.9311017679433,156.9311017679433,0.0,0.0,0.0,0.0,0.0,0.0
,,,230_4,stick1,0.0,0.03,0.0,0.032,5.0,0.015,0.016,156.9141075092721,156.9141075092721,156.9141075092721,27.81977619748942,30.452979490761543,156.93142977215138,156.93142977215138,156.93142977215138,0.0,0.0,0.0,0.0,0.0,0.0
,,,230_4,stick1,0.0,0.03,0.0,0.032,5.0,0.015,0.016,156.91440960390207,156.91440960390207,156.91440960390207,27.81977619748942,30.452979490761543,156.93173186678135,156.93173186678135,156.93173186678135,0.0,0.0,0.0,0.0,0.0,0.0
,,,230_4,stick1,0.0,0.03,0.0,0.032,5.0,0.015,0.016,156.9148142166082,156.9148142166082,156.9148142166082,27.81977619748942,30.452979490761543,156.93213647948747,156.93213647948747,156.93213647948747,0.0,0.0,0.0,0.0,0.0,0.0
,,,230_4,stick1,0.0,0.03,0.0,0.032,5.0,0.015,0.016,156.9152113535723,156.9152113535723,156.9152113535723,27.81977619748942,30.452979490761543,156.93253361645156,156.93253361645156,156.93253361645156,0.0,0.0,0.0,0.0,0.0,0.0
,,,230_4,stick1,0.0,0.03,0.0,0.032,5.0,0.015,0.016,156.9156219842798,156.9156219842798,156.9156219842798,27.81977619748942,30.452979490761543,156.93294424715907,156.93294424715907,156.93294424715907,0.0,0.0,0.0,0.0,0.0,0.0
,,,230_4,stick1,0.0,0.03,0.0,0.032,5.0,0.015,0.016,156.91600876858104,156.91600876858104,156.91600876858104,27.81977619748942,30.452979490761543,156.9333310314603,156.9333310314603,156.9333310314603,0.0,0.0,0.0,0.0,0.0,0.0
,,,230_4,stick1,0.0,0.03,0.0,0.032,5.0,0.015,0.016,156.91647673390938,156.91647673390938,156.91647673390938,27.81977619748942,30.452979490761543,156.93379899678865,156.93379899678865,156.93379899678865,0.0,0.0,0.0,0.0,0.0,0.0
,,,230_4,stick1,0.0,0.03,0.0,0.032,5.0,0.015,0.016,156.9168074169871,156.9168074169871,156.9168074169871,27.81977619748942,30.452979490761543,156.93412967986637,156.93412967986637,156.93412967986637,0.0,0.0,0.0,0.0,0.0,0.0
,,,230_4,stick1,0.0,0.03,0.0,0.032,5.0,0.015,0.016,156.91717462877475,156.91717462877475,156.91717462877475,27.81977619748942,30.452979490761543,156.93449689165402,156.93449689165402,156.93449689165402,0.0,0.0,0.0,0.0,0.0,0.0
,,,230_4,stick1,0.0,0.03,0.0,0.032,5.0,0.015,0.016,156.91754284117357,156.91754284117357,156.91754284117357,27.81977619748942,30.452979490761543,156.93486510405285,156.93486510405285,156.93486510405285,0.0,0.0,0.0,0.0,0.0,0.0
,,,230_4,stick1,0.0,0.03,0.0,0.032,5.0,0.015,0.016,156.91804550690983,156.91804550690983,156.91804550690983,27.81977619748942,30.452979490761543,156.9353677697891,156.9353677697891,156.9353677697891,0.0,0.0,0.0,0.0,0.0,0.0
,,,230_4,stick1,0.0,0.03,0.0,0.032,5.0,0.015,0.016,156.9184774794489,156.9184774794489,156.9184774794489,27.81977619748942,30.452979490761543,156.9357997423282,156.9357997423282,156.9357997423282,0.0,0.0,0.0,0.0,0.0,0.0
,,,230_4,stick1,0.0,0.03,0.0,0.032,5.0,0.015,0.016,156.91876215619715,156.91876215619715,156.91876215619715,27.81977619748942,30.452979490761543,156.93608441907642,156.93608441907642,156.93608441907642,0.0,0.0,0.0,0.0,0.0,0.0
,,,230_4,stick1,0.0,0.03,0.0,0.032,5.0,0.015,0.016,156.91916245214955,156.91916245214955,156.91916245214955,27.81977619748942,30.452979490761543,156.93648471502883,156.93648471502883,156.93648471502883,0.0,0.0,0.0,0.0,0.0,0.0
,,,230_4,stick1,0.0,0.03,0.0,0.032,5.0,0.015,0.016,156.9196574752347,156.9196574752347,156.9196574752347,27.81977619748942,30.452979490761543,156.93697973811396,156.93697973811396,156.93697973811396,0.0,0.0,0.0,0.0,0.0,0.0
,,,230_4,stick1,0.0,0.03,0.0,0.032,5.0,0.015,0.016,156.92001445274764,156.92001445274764,156.92001445274764,27.81977619748942,30.452979490761543,156.9373367156269,156.9373367156269,156.9373367156269,0.0,0.0,0.0,0.0,0.0,0.0
,,,230_4,stick1,0.0,0.03,0.0,0.032,5.0,0.015,0.016,156.9203571867643,156.9203571867643,156.9203571867643,27.81977619748942,30.452979490761543,156.93767944964358,156.93767944964358,156.93767944964358,0.0,0.0,0.0,0.0,0.0,0.0
,,,230_4,stick1,0.0,0.03,0.0,0.032,5.0,0.015,0.016,156.92075008426116,156.92075008426116,156.92075008426116,27.81977619748942,30.452979490761543,156.93807234714043,156.93807234714043,156.93807234714043,0.0,0.0,0.0,0.0,0.0,0.0
,,,230_4,stick1,0.0,0.03,0.0,0.032,5.0,0.015,0.016,156.92111168235658,156.92111168235658,156.92111168235658,27.81977619748942,30.452979490761543,156.93843394523586,156.93843394523586,156.93843394523586,0.0,0.0,0.0,0.0,0.0,0.0
,,,230_4,stick1,0.0,0.03,0.0,0.032,5.0,0.015,0.016,156.9214156752441,156.9214156752441,156.9214156752441,27.81977619748942,30.452979490761543,156.93873793812338,156.93873793812338,156.93873793812338,0.0,0.0,0.0,0.0,0.0,0.0
,,,230_4,stick1,0.0,0.03,0.0,0.032,5.0,0.015,0.016,156.92171293547048,156.92171293547048,156.92171293547048,27.81977619748942,30.452979490761543,156.93903519834976,156.93903519834976,156.93903519834976,0.0,0.0,0.0,0.0,0.0,0.0
,,,230_4,stick1,0.0,0.03,0.0,0.032,5.0,0.015,0.016,156.92205787063588,156.92205787063588,156.92205787063588,27.81977619748942,30.452979490761543,156.93938013351516,156.93938013351516,156.93938013351516,0.0,0.0,0.0,0.0,0.0,0.0
,,,230_4,stick1,0.0,0.03,0.0,0.032,5.0,0.015,0.016,156.92245149416567,156.92245149416567,156.92245149416567,27.81977619748942,30.452979490761543,156.93977375704495,156.93977375704495,156.93977375704495,0.0,0.0,0.0,0.0,0.0,0.0
,,,230_4,stick1,0.0,0.03,0.0,0.032,5.0,0.015,0.016,156.92285519399445,156.92285519399445,156.92285519399445,27.81977619748942,30.452979490761543,156.94017745687373,156.94017745687373,156.94017745687373,0.0,0.0,0.0,0.0,0.0,0.0
,,,230_4,stick1,0.0,0.03,0.0,0.032,5.0,0.015,0.016,156.923212115408,156.923212115408,156.923212115408,27.81977619748942,30.452979490761543,156.94053437828728,156.94053437828728,156.94053437828728,0.0,0.0,0.0,0.0,0.0,0.0
,,,230_4,stick1,0.0,0.03,0.0,0.032,5.0,0.015,0.016,156.92351247170785,156.92351247170785,156.92351247170785,27.81977619748942,30.452979490761543,156.94083473458713,156.94083473458713,156.94083473458713,0.0,0.0,0.0,0.0,0.0,0.0
,,,230_4,stick1,0.0,0.03,0.0,0.032,5.0,0.015,0.016,156.9238574361563,156.9238574361563,156.9238574361563,27.81977619748942,30.452979490761543,156.9411796990356,156.9411796990356,156.9411796990356,0.0,0.0,0.0,0.0,0.0,0.0
,,,230_4,stick1,0.0,0.03,0.0,0.032,5.0,0.015,0.016,156.92421929785056,156.92421929785056,156.92421929785056,27.81977619748942,30.452979490761543,156.94154156072983,156.94154156072983,156.94154156072983,0.0,0.0,0.0,0.0,0.0,0.0
,,,230_4,stick1,0.0,0.03,0.0,0.032,5.0,0.015,0.016,156.92455374066404,156.92455374066404,156.92455374066404,27.81977619748942,30.452979490761543,156.9418760035433,156.9418760035433,156.9418760035433,0.0,0.0,0.0,0.0,0.0,0.0
,,,230_4,stick1,0.0,0.03,0.0,0.032,5.0,0.015,0.016,156.92491814050433,156.92491814050433,156.92491814050433,27.81977619748942,30.452979490761543,156.9422404033836,156.9422404033836,156.9422404033836,0.0,0.0,0.0,0.0,0.0,0.0
,,,230_4,stick1,0.0,0.03,0.0,0.032,5.0,0.015,0.016,156.92525156109207,156.92525156109207,156.92525156109207,27.81977619748942,30.452979490761543,156.94257382397134,156.94257382397134,156.94257382397134,0.0,0.0,0.0,0.0,0.0,0.0
,,,230_4,stick1,0.0,0.03,0.0,0.032,5.0,0.015,0.016,156.9256193868233,156.9256193868233,156.9256193868233,27.81977619748942,30.452979490761543,156.9429416497026,156.9429416497026,156.9429416497026,0.0,0.0,0.0,0.0,0.0,0.0
,,,230_4,stick1,0.0,0.03,0.0,0.032,5.0,0.015,0.016,156.92595014176047,156.92595014176047,156.92595014176047,27.81977619748942,30.452979490761543,156.94327240463974,156.94327240463974,156.94327240463974,0.0,0.0,0.0,0.0,0.0,0.0
,,,230_4,stick1,0.0,0.03,0.0,0.032,5.0,0.015,0.016,156.92635663295772,156.92635663295772,156.92635663295772,27.81977619748942,30.452979490761543,156.943678895837,156.943678895837,156.943678895837,0.0,0.0,0.0,0.0,0.0,0.0
,,,230_4,stick1,0.0,0.03,0.0,0.032,5.0,0.015,0.016,156.92671771674154,156.92671771674154,156.92671771674154,27.81977619748942,30.452979490761543,156.9440399796208,156.9440399796208,156.9440399796208,0.0,0.0,0.0,0.0,0.0,0.0
,,,230_4,stick1,0.0,0.03,0.0,0.032,5.0,0.015,0.016,156.92709782673393,156.92709782673393,156.92709782673393,27.81977619748942,30.452979490761543,156.9444200896132,156.9444200896132,156.9444200896132,0.0,0.0,0.0,0.0,0.0,0.0
,,,230_4,stick1,0.0,0.03,0.0,0.032,5.0,0.015,0.016,156.92751469572286,156.92751469572286,156.92751469572286,27.81977619748942,30.452979490761543,156.94483695860214,156.94483695860214,156.94483695860214,0.0,0.0,0.0,0.0,0.0,0.0
,,,230_4,stick1,0.0,0.03,0.0,0.032,5.0,0.015,0.016,156.9278584135335,156.9278584135335,156.9278584135335,27.81977619748942,30.452979490761543,156.94518067641278,156.94518067641278,156.94518067641278,0.0,0.0,0.0,0.0,0.0,0.0
,,,230_4,stick1,0.0,0.03,0.0,0.032,5.0,0.015,0.016,156.92821649049145,156.92821649049145,156.92821649049145,27.81977619748942,30.452979490761543,156.94553875337073,156.94553875337073,156.94553875337073,0.0,0.0,0.0,0.0,0.0,0.0
,,,230_4,stick1,0.0,0.03,0.0,0.032,5.0,0.015,0.016,156.9286022421338,156.9286022421338,156.9286022421338,27.81977619748942,30.452979490761543,156.94592450501307,156.94592450501307,156.94592450501307,0.0,0.0,0.0,0.0,0.0,0.0
,,,230_4,stick1,0.0,0.03,0.0,0.032,5.0,0.015,0.016,156.9290168517464,156.9290168517464,156.9290168517464,27.81977619748942,30.452979490761543,156.9463391146257,156.9463391146257,156.9463391146257,0.0,0.0,0.0,0.0,0.0,0.0
,,,230_4,stick1,0.0,0.03,0.0,0.032,5.0,0.015,0.016,156.92944188525084,156.92944188525084,156.92944188525084,27.81977619748942,30.452979490761543,156.94676414813011,156.94676414813011,156.94676414813011,0.0,0.0,0.0,0.0,0.0,0.0
,,,230_4,stick1,0.0,0.03,0.0,0.032,5.0,0.015,0.016,156.92985316645277,156.92985316645277,156.92985316645277,27.81977619748942,30.452979490761543,156.94717542933205,156.94717542933205,156.94717542933205,0.0,0.0,0.0,0.0,0.0,0.0
1.76,738.399938897248,6.19266055045872,230_4,stick1,0.0,0.03,0.0,0.032,5.0,0.015,0.016,156.93024781712384,156.93024781712384,156.93024781712384,27.81977619748942,30.452979490761543,156.94757008000312,156.94757008000312,156.94757008000312,1760.0,1744.0,1739.0,1730.0,1694.0,1636.0
1.77,1347.99286987679,5.76091795213054,230_4,stick1,0.0,0.03,0.0,0.032,5.0,0.015,0.016,156.93055524996907,156.93055524996907,156.93055524996907,27.81977619748942,30.452979490761543,156.94787751284835,156.94787751284835,156.94787751284835,2594.39337060678,2586.39337060678,2583.39337060678,2562.39337060678,2533.39337060678,2437.39337060678
1.71,945.945244928788,4.18476115278326,230_4,stick1,0.0,0.03,0.0,0.032,5.0,0.015,0.016,156.9308512387963,156.9308512387963,156.9308512387963,27.81977619748942,30.452979490761543,156.94817350167557,156.94817350167557,156.94817350167557,2547.0,2533.0,2530.0,2518.0,2493.0,2427.0
1.74,868.814473885561,5.94353640416048,230_4,stick1,0.0,0.03,0.0,0.032,5.0,0.015,0.016,156.93123865493376,156.93123865493376,156.93123865493376,27.81977619748942,30.452979490761543,156.94856091781304,156.94856091781304,156.94856091781304,1359.0,1346.0,1343.0,1330.0,1322.0,1266.0
1.71,1167.73726758066,6.13003095975232,230_4,stick1,0.0,0.03,0.0,0.032,5.0,0.015,0.016,156.93155675826603,156.93155675826603,156.93155675826603,27.81977619748942,30.452979490761543,156.9488790211453,156.9488790211453,156.9488790211453,1622.0,1615.0,1608.0,1593.0,1574.0,1516.0
1.71,1103.80571072159,6.82957393483709,230_4,stick1,0.0,0.03,0.0,0.032,5.0,0.015,0.016,156.93193451832022,156.93193451832022,156.93193451832022,27.81977619748942,30.452979490761543,156.9492567811995,156.9492567811995,156.9492567811995,1611.0,1596.0,1592.0,1580.0,1551.0,1487.0
1.74,787.333417642842,6.17977528089888,230_4,stick1,0.0,0.03,0.0,0.032,5.0,0.015,0.016,156.93225467250628,156.93225467250628,156.93225467250628,27.81977619748942,30.452979490761543,156.94957693538555,156.94957693538555,156.94957693538555,1436.0,1424.0,1414.0,1410.0,1391.0,1336.0
1.75,1502.18116181263,7.4726609963548,230_4,stick1,0.0,0.03,0.0,0.032,5.0,0.015,0.016,156.93263835478106,156.93263835478106,156.93263835478106,27.81977619748942,30.452979490761543,156.94996061766034,156.94996061766034,156.94996061766034,1659.0,1646.0,1637.0,1618.0,1597.0,1523.0
1.81,1252.37063587394,8.1002331002331,230_4,stick1,0.0,0.03,0.0,0.032,5.0,0.015,0.016,156.93295261247928,156.93295261247928,156.93295261247928,27.81977619748942,30.452979490761543,156.95027487535856,156.95027487535856,156.95027487535856,1743.0,1716.0,1708.0,1686.0,1647.0,1577.0
1.91,859.701613039213,7.30337078651685,230_4,stick1,0.0,0.03,0.0,0.032,5.0,0.015,0.016,156.93334137691258,156.93334137691258,156.93334137691258,27.81977619748942,30.452979490761543,156.95066363979186,156.95066363979186,156.95066363979186,1448.0,1424.0,1419.0,1409.0,1390.0,1320.0
1.92,2001.31505778934,8.25743776563449,230_4,stick1,0.0,0.03,0.0,0.032,5.0,0.015,0.016,156.93365747804364,156.93365747804364,156.93365747804364,27.81977619748942,30.452979490761543,156.95097974092292,156.95097974092292,156.95097974092292,1666.0,1647.0,1645.0,1632.0,1603.0,1511.0
1.94,1065.25065600293,6.79271708683473,230_4,stick1,0.0,0.03,0.0,0.032,5.0,0.015,0.016,156.93404067143985,156.93404067143985,156.93404067143985,27.81977619748942,30.452979490761543,156.95136293431912,156.95136293431912,156.95136293431912,1442.0,1428.0,1422.0,1406.0,1387.0,1331.0
1.94,1624.9195769797,6.4968814968815,230_4,stick1,0.0,0.03,0.0,0.032,5.0,0.015,0.016,156.93435547822202,156.93435547822202,156.93435547822202,27.81977619748942,30.452979490761543,156.9516777411013,156.9516777411013,156.9516777411013,1942.0,1924.0,1918.0,1910.0,1884.0,1799.0
1.92,1035.17599823418,6.55518394648829,230_4,stick1,0.0,0.03,0.0,0.032,5.0,0.015,0.016,156.9346592839833,156.9346592839833,156.9346592839833,27.81977619748942,30.452979490761543,156.95198154686258,156.95198154686258,156.95198154686258,1514.0,1495.0,1491.0,1482.0,1453.0,1397.0
1.98,1150.35136222986,6.76786843769766,230_4,stick1,0.0,0.03,0.0,0.032,5.0,0.015,0.016,156.93504449087158,156.93504449087158,156.93504449087158,27.81977619748942,30.452979490761543,156.95236675375085,156.95236675375085,156.95236675375085,1591.0,1581.0,1575.0,1561.0,1544.0,1474.0
1.98,1162.11450474299,7.0221066319896,230_4,stick1,0.0,0.03,0.0,0.032,5.0,0.015,0.016,156.93535696827453,156.93535696827453,156.93535696827453,27.81977619748942,30.452979490761543,156.9526792311538,156.9526792311538,156.9526792311538,1555.0,1538.0,1535.0,1525.0,1505.0,1430.0
1.99,1472.22739786308,6.95718654434251,230_4,stick1,0.0,0.03,0.0,0.032,5.0,0.015,0.016,156.9357380304703,156.9357380304703,156.9357380304703,27.81977619748942,30.452979490761543,156.95306029334958,156.95306029334958,156.95306029334958,1315.0,1308.0,1301.0,1292.0,1270.0,1217.0
1.95,553.309608640807,5.53398058252427,230_4,stick1,0.0,0.03,0.0,0.032,5.0,0.015,0.016,156.93613807203988,156.93613807203988,156.93613807203988,27.81977619748942,30.452979490761543,156.95346033491916,156.95346033491916,156.95346033491916,1034.0,1030.0,1028.0,1022.0,1008.0,973.0
1.95,930.462571031592,6.27202255109232,230_4,stick1,0.0,0.03,0.0,0.032,5.0,0.015,0.016,156.9364794791383,156.9364794791383,156.9364794791383,27.81977619748942,30.452979490761543,156.9538017420176,156.9538017420176,156.9538017420176,1429.0,1419.0,1415.0,1412.0,1394.0,1330.0
2.0,755.466507005061,6.25507717303006,230_4,stick1,0.0,0.03,0.0,0.032,5.0,0.015,0.016,156.93678596134856,156.93678596134856,156.93678596134856,27.81977619748942,30.452979490761543,156.95410822422784,156.95410822422784,156.95410822422784,1237.0,1231.0,1225.0,1216.0,1200.0,1154.0
2.01,604.146268252259,4.52012383900929,230_4,stick1,0.0,0.03,0.0,0.032,5.0,0.015,0.016,156.9371577336625,156.9371577336625,156.9371577336625,27.81977619748942,30.452979490761543,156.95447999654178,156.95447999654178,156.95447999654178,1619.0,1615.0,1610.0,1605.0,1595.0,1542.0
1.99,771.942101711524,6.66208791208791,230_4,stick1,0.0,0.03,0.0,0.032,5.0,0.015,0.016,156.93745794003772,156.93745794003772,156.93745794003772,27.81977619748942,30.452979490761543,156.954780202917,156.954780202917,156.954780202917,1468.0,1456.0,1453.0,1440.0,1419.0,1359.0
1.94,672.384601626723,5.55196901226598,230_4,stick1,0.0,0.03,0.0,0.032,5.0,0.015,0.016,156.93777073023082,156.93777073023082,156.93777073023082,27.81977619748942,30.452979490761543,156.9550929931101,156.9550929931101,156.9550929931101,1563.0,1549.0,1545.0,1536.0,1526.0,1463.0
1.98,877.599624606796,6.38998682476943,230_4,stick1,0.0,0.03,0.0,0.032,5.0,0.015,0.016,156.93814611773857,156.93814611773857,156.93814611773857,27.81977619748942,30.452979490761543,156.95546838061784,156.95546838061784,156.95546838061784,1528.0,1518.0,1513.0,1503.0,1483.0,1421.0
1.95,405.977104148691,4.78011472275335,230_4,stick1,0.0,0.03,0.0,0.032,5.0,0.015,0.016,156.9383887729258,156.9383887729258,156.9383887729258,27.81977619748942,30.452979490761543,156.95571103580508,156.95571103580508,156.95571103580508,1053.0,1046.0,1044.0,1042.0,1033.0,996.0
1.94,766.939126019862,5.46825895663105,230_4,stick1,0.0,0.03,0.0,0.032,5.0,0.015,0.016,156.93871352239,156.93871352239,156.93871352239,27.81977619748942,30.452979490761543,156.95603578526928,156.95603578526928,156.95603578526928,1602.0,1591.0,1588.0,1579.0,1561.0,1504.0
1.95,466.056939785118,4.0912667191188,230_4,stick1,0.0,0.03,0.0,0.032,5.0,0.015,0.016,156.93902387374595,156.93902387374595,156.93902387374595,27.81977619748942,30.452979490761543,156.95634613662523,156.95634613662523,156.95634613662523,1279.0,1271.0,1269.0,1261.0,1255.0,1219.0
1.95,695.625439293354,6.29470672389127,230_4,stick1,0.0,0.03,0.0,0.032,5.0,0.015,0.016,156.93934120436685,156.93934120436685,156.93934120436685,27.81977619748942,30.452979490761543,156.95666346724613,156.95666346724613,156.95666346724613,1405.0,1398.0,1393.0,1383.0,1370.0,1310.0
1.98,844.696373279009,5.88235294117647,230_4,stick1,0.0,0.03,0.0,0.032,5.0,0.015,0.016,156.93965639566903,156.93965639566903,156.93965639566903,27.81977619748942,30.452979490761543,156.9569786585483,156.9569786585483,156.9569786585483,1585.0,1581.0,1576.0,1568.0,1548.0,1488.0
1.95,1088.48960340945,6.21908127208481,230_4,stick1,0.0,0.03,0.0,0.032,5.0,0.015,0.016,156.9400050811496,156.9400050811496,156.9400050811496,27.81977619748942,30.452979490761543,156.95732734402887,156.95732734402887,156.95732734402887,1423.0,1415.0,1407.0,1394.0,1381.0,1327.0
2.01,562.203506544816,5.55555555555556,230_4,stick1,0.0,0.03,0.0,0.032,5.0,0.015,0.016,156.94030548641572,156.94030548641572,156.94030548641572,27.81977619748942,30.452979490761543,156.957627749295,156.957627749295,156.957627749295,1067.0,1062.0,1059.0,1048.0,1037.0,1003.0
2.0,1069.95246875722,6.40326975476839,230_4,stick1,0.0,0.03,0.0,0.032,5.0,0.015,0.016,156.9406132943488,156.9406132943488,156.9406132943488,27.81977619748942,30.452979490761543,156.95793555722807,156.95793555722807,156.95793555722807,1480.0,1468.0,1466.0,1450.0,1425.0,1374.0
1.95,945.001022399677,6.63534938344099,230_4,stick1,0.0,0.03,0.0,0.032,5.0,0.015,0.016,156.94100538163812,156.94100538163812,156.94100538163812,27.81977619748942,30.452979490761543,156.9583276445174,156.9583276445174,156.9583276445174,1709.0,1703.0,1699.0,1686.0,1658.0,1590.0
1.96,939.572905893032,6.75505050505051,230_4,stick1,0.0,0.03,0.0,0.032,5.0,0.015,0.016,156.94135407258617,156.94135407258617,156.94135407258617,27.81977619748942,30.452979490761543,156.95867633546544,156.95867633546544,156.95867633546544,1596.0,1584.0,1575.0,1563.0,1542.0,1477.0
1.92,849.535085452829,5.96807772380291,230_4,stick1,0.0,0.03,0.0,0.032,5.0,0.015,0.016,156.94165625637285,156.94165625637285,156.94165625637285,27.81977619748942,30.452979490761543,156.95897851925213,156.95897851925213,156.95897851925213,1452.0,1441.0,1438.0,1426.0,1410.0,1355.0
1.92,876.17486726781,6.72379696769941,230_4,stick1,0.0,0.03,0.0,0.032,5.0,0.015,0.016,156.94200351049693,156.94200351049693,156.94200351049693,27.81977619748942,30.452979490761543,156.9593257733762,156.9593257733762,156.9593257733762,1531.0,1517.0,1513.0,1498.0,1481.0,1415.0
1.93,780.197987543747,6.37535816618911,230_4,stick1,0.0,0.03,0.0,0.032,5.0,0.015,0.016,156.94235789805725,156.94235789805725,156.94235789805725,27.81977619748942,30.452979490761543,156.95968016093653,156.95968016093653,156.95968016093653,1404.0,1396.0,1388.0,1379.0,1357.0,1307.0
1.92,595.498892112047,6.38297872340426,230_4,stick1,0.0,0.03,0.0,0.032,5.0,0.015,0.016,156.94265749577443,156.94265749577443,156.94265749577443,27.81977619748942,30.452979490761543,156.9599797586537,156.9599797586537,156.9599797586537,1182.0,1175.0,1173.0,1168.0,1148.0,1100.0
1.94,900.558996857386,6.19195046439629,230_4,stick1,0.0,0.03,0.0,0.032,5.0,0.015,0.016,156.94301080335248,156.94301080335248,156.94301080335248,27.81977619748942,30.452979490761543,156.96033306623175,156.96033306623175,156.96033306623175,1622.0,1615.0,1610.0,1602.0,1577.0,1515.0
1.95,854.364777125491,5.46318289786223,230_4,stick1,0.0,0.03,0.0,0.032,5.0,0.015,0.016,156.94335743583983,156.94335743583983,156.94335743583983,27.81977619748942,30.452979490761543,156.9606796987191,156.9606796987191,156.9606796987191,1692.0,1684.0,1681.0,1669.0,1651.0,1592.0
1.93,1016.41832126406,6.70322973796466,230_4,stick1,0.0,0.03,0.0,0.032,5.0,0.015,0.016,156.9437075539948,156.9437075539948,156.9437075539948,27.81977619748942,30.452979490761543,156.9610298168741,156.9610298168741,156.9610298168741,1652.0,1641.0,1635.0,1620.0,1594.0,1531.0
1.92,1014.81562223396,7.13201820940819,230_4,stick1,0.0,0.03,0.0,0.032,5.0,0.015,0.016,156.9440528694904,156.9440528694904,156.9440528694904,27.81977619748942,30.452979490761543,156.96137513236968,156.96137513236968,156.96137513236968,1987.0,1977.0,1975.0,1960.0,1929.0,1836.0
1.89,1091.72376804158,7.20092915214866,230_4,stick1,0.0,0.03,0.0,0.032,5.0,0.015,0.016,156.94435728092068,156.94435728092068,156.94435728092068,27.81977619748942,30.452979490761543,156.96167954379996,156.96167954379996,156.96167954379996,1740.0,1722.0,1717.0,1698.0,1663.0,1598.0
1.96,1050.05514170473,6.05170387779083,230_4,stick1,0.0,0.03,0.0,0.032,5.0,0.015,0.016,156.94471066603288,156.94471066603288,156.94471066603288,27.81977619748942,30.452979490761543,156.96203292891215,156.96203292891215,156.96203292891215,1713.0,1702.0,1694.0,1683.0,1661.0,1599.0
1.93,1194.70085392015,7.28571428571429,230_4,stick1,0.0,0.03,0.0,0.032,5.0,0.015,0.016,156.94505537361113,156.94505537361113,156.94505537361113,27.81977619748942,30.452979490761543,156.9623776364904,156.9623776364904,156.9623776364904,2110.0,2100.0,2094.0,2079.0,2052.0,1947.0
1.97,1188.69938374168,6.43974241030359,230_4,stick1,0.0,0.03,0.0,0.032,5.0,0.015,0.016,156.94535856397195,156.94535856397195,156.94535856397195,27.81977619748942,30.452979490761543,156.96268082685123,156.96268082685123,156.96268082685123,2191.0,2174.0,2167.0,2152.0,2126.0,2034.0
1.99,1588.37766627812,6.32707774798928,230_4,stick1,0.0,0.03,0.0,0.032,5.0,0.015,0.016,156.94570957603304,156.94570957603304,156.94570957603304,27.81977619748942,30.452979490761543,156.96303183891231,156.96303183891231,156.96303183891231,1872.0,1865.0,1856.0,1844.0,1822.0,1747.0
1.99,773.701224170015,6.54627539503386,230_4,stick1,0.0,0.03,0.0,0.032,5.0,0.015,0.016,156.9460544465968,156.9460544465968,156.9460544465968,27.81977619748942,30.452979490761543,156.96337670947608,156.96337670947608,156.96337670947608,1335.0,1329.0,1323.0,1313.0,1301.0,1242.0
1.99,1028.26986352009,6.35805911879531,230_4,stick1,0.0,0.03,0.0,0.032,5.0,0.015,0.016,156.94635885146127,156.94635885146127,156.94635885146127,27.81977619748942,30.452979490761543,156.96368111434055,156.96368111434055,156.96368111434055,1805.0,1793.0,1787.0,1775.0,1757.0,1679.0
2.03,1048.55444503169,5.90043023970498,230_4,stick1,0.0,0.03,0.0,0.032,5.0,0.015,0.016,156.94670895362017,156.94670895362017,156.94670895362017,27.81977619748942,30.452979490761543,156.96403121649945,156.96403121649945,156.96403121649945,1638.0,1627.0,1619.0,1612.0,1590.0,1531.0
2.03,1109.51250118268,5.93582887700535,230_4,stick1,0.0,0.03,0.0,0.032,5.0,0.015,0.016,156.94706014789054,156.94706014789054,156.94706014789054,27.81977619748942,30.452979490761543,156.96438241076982,156.96438241076982,156.96438241076982,1874.0,1870.0,1861.0,1847.0,1821.0,1759.0
2.04,1731.22369733259,7.53768844221106,230_4,stick1,0.0,0.03,0.0,0.032,5.0,0.015,0.016,156.94740756466948,156.94740756466948,156.94740756466948,27.81977619748942,30.452979490761543,156.96472982754875,156.96472982754875,156.96472982754875,1802.0,1791.0,1785.0,1773.0,1742.0,1656.0
2.04,874.858590643355,6.31136044880785,230_4,stick1,0.0,0.03,0.0,0.032,5.0,0.015,0.016,156.9477583224666,156.9477583224666,156.9477583224666,27.81977619748942,30.452979490761543,156.96508058534587,156.96508058534587,156.96508058534587,1432.0,1426.0,1422.0,1414.0,1390.0,1336.0
2.05,875.833877291139,6.10730593607306,230_4,stick1,0.0,0.03,0.0,0.032,5.0,0.015,0.016,156.94810743157453,156.94810743157453,156.94810743157453,27.81977619748942,30.452979490761543,156.9654296944538,156.9654296944538,156.9654296944538,1758.0,1752.0,1748.0,1738.0,1716.0,1645.0
1.99,921.488070563391,6.53347732181425,230_4,stick1,0.0,0.03,0.0,0.032,5.0,0.015,0.016,156.94851981169234,156.94851981169234,156.94851981169234,27.81977619748942,30.452979490761543,156.9658420745716,156.9658420745716,156.9658420745716,1860.0,1852.0,1848.0,1838.0,1816.0,1731.0
2.05,1008.03326176054,5.88848358520063,230_4,stick1,0.0,0.03,0.0,0.032,5.0,0.015,0.016,156.9488899100121,156.9488899100121,156.9488899100121,27.81977619748942,30.452979490761543,156.96621217289137,156.96621217289137,156.96621217289137,1923.0,1919.0,1915.0,1902.0,1874.0,1806.0
1.99,1337.43140092876,5.98930481283422,230_4,stick1,0.0,0.03,0.0,0.032,5.0,0.015,0.016,156.94927028882964,156.94927028882964,156.94927028882964,27.81977619748942,30.452979490761543,156.9665925517089,156.9665925517089,156.9665925517089,1874.0,1870.0,1866.0,1856.0,1833.0,1758.0
2.11,1628.39112515319,6.59597030752916,230_4,stick1,0.0,0.03,0.0,0.032,5.0,0.015,0.016,156.95016463536817,156.95016463536817,156.95016463536817,27.81977619748942,30.452979490761543,156.96748689824744,156.96748689824744,156.96748689824744,4736.0,4715.0,4700.0,4675.0,4615.0,4404.0
2.11,1089.27748360534,6.9331983805668,230_4,stick1,0.0,0.03,0.0,0.032,5.0,0.015,0.016,156.95054222143568,156.95054222143568,156.95054222143568,27.81977619748942,30.452979490761543,156.96786448431496,156.96786448431496,156.96786448431496,1985.0,1976.0,1970.0,1956.0,1933.0,1839.0
2.11,1017.91579245585,6.73940949935815,230_4,stick1,0.0,0.03,0.0,0.032,5.0,0.015,0.016,156.95093027052985,156.95093027052985,156.95093027052985,27.81977619748942,30.452979490761543,156.96825253340913,156.96825253340913,156.96825253340913,1562.0,1558.0,1553.0,1542.0,1518.0,1453.0
2.12,924.537571157386,6.35769459298871,230_4,stick1,0.0,0.03,0.0,0.032,5.0,0.015,0.016,156.95124119178536,156.95124119178536,156.95124119178536,27.81977619748942,30.452979490761543,156.96856345466463,156.96856345466463,156.96856345466463,1688.0,1683.0,1679.0,1662.0,1645.0,1576.0
2.11,785.622358548062,5.10529674537332,230_4,stick1,0.0,0.03,0.0,0.032,5.0,0.015,0.016,156.95162797256424,156.95162797256424,156.95162797256424,27.81977619748942,30.452979490761543,156.96895023544351,156.96895023544351,156.96895023544351,1572.0,1567.0,1561.0,1553.0,1536.0,1487.0
2.09,1152.74456391215,5.73537762634867,230_4,stick1,0.0,0.03,0.0,0.032,5.0,0.015,0.016,156.9519315682089,156.9519315682089,156.9519315682089,27.81977619748942,30.452979490761543,156.96925383108817,156.96925383108817,156.96925383108817,1767.0,1761.0,1751.0,1743.0,1725.0,1660.0
2.08,695.400715666668,6.3003663003663,230_4,stick1,0.0,0.03,0.0,0.032,5.0,0.015,0.016,156.95223435456444,156.95223435456444,156.95223435456444,27.81977619748942,30.452979490761543,156.96955661744371,156.96955661744371,156.96955661744371,1369.0,1365.0,1364.0,1359.0,1342.0,1279.0
2.05,823.005916009597,5.52416823603264,230_4,stick1,0.0,0.03,0.0,0.032,5.0,0.015,0.016,156.95253795226108,156.95253795226108,156.95253795226108,27.81977619748942,30.452979490761543,156.96986021514036,156.96986021514036,156.96986021514036,1599.0,1593.0,1591.0,1583.0,1560.0,1505.0
2.01,858.751223502431,5.40360240160107,230_4,stick1,0.0,0.03,0.0,0.032,5.0,0.015,0.016,156.9529324584697,156.9529324584697,156.9529324584697,27.81977619748942,30.452979490761543,156.97025472134897,156.97025472134897,156.97025472134897,1505.0,1499.0,1496.0,1491.0,1474.0,1418.0
1.95,774.082390576009,5.49936788874842,230_4,stick1,0.0,0.03,0.0,0.032,5.0,0.015,0.016,156.9532429669101,156.9532429669101,156.9532429669101,27.81977619748942,30.452979490761543,156.97056522978937,156.97056522978937,156.97056522978937,1590.0,1582.0,1576.0,1569.0,1550.0,1495.0
1.94,742.687984572437,6.14780902550687,230_4,stick1,0.0,0.03,0.0,0.032,5.0,0.015,0.016,156.95363426548505,156.95363426548505,156.95363426548505,27.81977619748942,30.452979490761543,156.97095652836433,156.97095652836433,156.97095652836433,1535.0,1529.0,1524.0,1516.0,1499.0,1435.0
1.97,808.645992498401,5.72033898305085,230_4,stick1,0.0,0.03,0.0,0.032,5.0,0.015,0.016,156.95393853731068,156.95393853731068,156.95393853731068,27.81977619748942,30.452979490761543,156.97126080018995,156.97126080018995,156.97126080018995,1422.0,1416.0,1411.0,1399.0,1382.0,1335.0
1.94,810.756483576174,5.70652173913043,230_4,stick1,0.0,0.03,0.0,0.032,5.0,0.015,0.016,156.9543252789163,156.9543252789163,156.9543252789163,27.81977619748942,30.452979490761543,156.97164754179556,156.97164754179556,156.97164754179556,1478.0,1472.0,1466.0,1460.0,1432.0,1388.0
1.97,602.958114105934,5.46282245827011,230_4,stick1,0.0,0.03,0.0,0.032,5.0,0.015,0.016,156.95462637054604,156.95462637054604,156.95462637054604,27.81977619748942,30.452979490761543,156.9719486334253,156.9719486334253,156.9719486334253,1323.0,1318.0,1315.0,1308.0,1294.0,1246.0
1.95,513.760291188035,4.58786936236392,230_4,stick1,0.0,0.03,0.0,0.032,5.0,0.015,0.016,156.95492950043544,156.95492950043544,156.95492950043544,27.81977619748942,30.452979490761543,156.97225176331472,156.97225176331472,156.97225176331472,1290.0,1286.0,1284.0,1277.0,1263.0,1227.0
1.98,694.126819325589,5.92334494773519,230_4,stick1,0.0,0.03,0.0,0.032,5.0,0.015,0.016,156.95524111836212,156.95524111836212,156.95524111836212,27.81977619748942,30.452979490761543,156.9725633812414,156.9725633812414,156.9725633812414,1443.0,1435.0,1432.0,1423.0,1406.0,1350.0
1.98,724.587450567635,5.02476999292286,230_4,stick1,0.0,0.03,0.0,0.032,5.0,0.015,0.016,156.95563361247872,156.95563361247872,156.95563361247872,27.81977619748942,30.452979490761543,156.972955875358,156.972955875358,156.972955875358,1421.0,1413.0,1405.0,1395.0,1379.0,1342.0
1.93,718.843902253142,6.08240680183126,230_4,stick1,0.0,0.03,0.0,0.032,5.0,0.015,0.016,156.95594450149792,156.95594450149792,156.95594450149792,27.81977619748942,30.452979490761543,156.9732667643772,156.9732667643772,156.9732667643772,1540.0,1529.0,1526.0,1518.0,1501.0,1436.0
1.98,526.788398856366,5.91168091168091,230_4,stick1,0.0,0.03,0.0,0.032,5.0,0.015,0.016,156.95639868096796,156.95639868096796,156.95639868096796,27.81977619748942,30.452979490761543,156.97372094384724,156.97372094384724,156.97372094384724,1411.0,1404.0,1403.0,1394.0,1376.0,1321.0
1.89,843.089945941377,5.03225806451613,230_4,stick1,0.0,0.03,0.0,0.032,5.0,0.015,0.016,156.95672717676874,156.95672717676874,156.95672717676874,27.81977619748942,30.452979490761543,156.974049439648,156.974049439648,156.974049439648,1555.0,1550.0,1543.0,1532.0,1520.0,1472.0
1.93,590.778945934529,5.81395348837209,230_4,stick1,0.0,0.03,0.0,0.032,5.0,0.015,0.016,156.9570969396669,156.9570969396669,156.9570969396669,27.81977619748942,30.452979490761543,156.9744192025462,156.9744192025462,156.9744192025462,1126.0,1118.0,1113.0,1106.0,1090.0,1053.0
1.91,852.581311271141,6.48148148148148,230_4,stick1,0.0,0.03,0.0,0.032,5.0,0.015,0.016,156.95752949453023,156.95752949453023,156.95752949453023,27.81977619748942,30.452979490761543,156.9748517574095,156.9748517574095,156.9748517574095,1848.0,1836.0,1831.0,1811.0,1789.0,1717.0
1.83,922.557254781045,5.55873925501433,230_4,stick1,0.0,0.03,0.0,0.032,5.0,0.015,0.016,156.95793774966324,156.95793774966324,156.95793774966324,27.81977619748942,30.452979490761543,156.97526001254252,156.97526001254252,156.97526001254252,1755.0,1745.0,1737.0,1729.0,1706.0,1648.0
1.77,837.401843934674,6.42260757867694,230_4,stick1,0.0,0.03,0.0,0.032,5.0,0.015,0.016,156.9583128789894,156.9583128789894,156.9583128789894,27.81977619748942,30.452979490761543,156.97563514186868,156.97563514186868,156.97563514186868,1567.0,1557.0,1554.0,1539.0,1518.0,1457.0
1.82,781.995816437791,6.11065235342692,230_4,stick1,0.0,0.03,0.0,0.032,5.0,0.015,0.016,156.95870860034802,156.95870860034802,156.95870860034802,27.81977619748942,30.452979490761543,156.9760308632273,156.9760308632273,156.9760308632273,1217.0,1211.0,1208.0,1200.0,1185.0,1137.0
1.79,1005.93286769273,6.33855331841909,230_4,stick1,0.0,0.03,0.0,0.032,5.0,0.015,0.016,156.95903190194187,156.95903190194187,156.95903190194187,27.81977619748942,30.452979490761543,156.97635416482115,156.97635416482115,156.97635416482115,1345.0,1341.0,1337.0,1323.0,1310.0,1256.0
1.83,564.352684984943,5.28273809523809,230_4,stick1,0.0,0.03,0.0,0.032,5.0,0.015,0.016,156.95933850367936,156.95933850367936,156.95933850367936,27.81977619748942,30.452979490761543,156.97666076655864,156.97666076655864,156.97666076655864,1351.0,1344.0,1342.0,1333.0,1322.0,1273.0
1.81,589.609860734985,5.94059405940594,230_4,stick1,0.0,0.03,0.0,0.032,5.0,0.015,0.016,156.9597098023047,156.9597098023047,156.9597098023047,27.81977619748942,30.452979490761543,156.97703206518398,156.97703206518398,156.97703206518398,1317.0,1313.0,1311.0,1302.0,1289.0,1235.0
1.78,487.237150203076,4.93617021276596,230_4,stick1,0.0,0.03,0.0,0.032,5.0,0.015,0.016,156.9600325883764,156.9600325883764,156.9600325883764,27.81977619748942,30.452979490761543,156.97735485125568,156.97735485125568,156.97735485125568,1179.0,1175.0,1174.0,1171.0,1159.0,1117.0
1.82,407.494239005393,5.48654244306418,230_4,stick1,0.0,0.03,0.0,0.032,5.0,0.015,0.016,156.96033544092865,156.96033544092865,156.96033544092865,27.81977619748942,30.452979490761543,156.97765770380792,156.97765770380792,156.97765770380792,968.0,966.0,965.0,959.0,952.0,913.0
1.79,511.00531288182,5.65610859728507,230_4,stick1,0.0,0.03,0.0,0.032,5.0,0.015,0.016,156.96071743171694,156.96071743171694,156.96071743171694,27.81977619748942,30.452979490761543,156.97803969459622,156.97803969459622,156.97803969459622,1332.0,1326.0,1326.0,1323.0,1302.0,1251.0
1.77,800.994891264904,5.6957462148522,230_4,stick1,0.0,0.03,0.0,0.032,5.0,0.015,0.016,156.961032647771,156.961032647771,156.961032647771,27.81977619748942,30.452979490761543,156.97835491065027,156.97835491065027,156.97835491065027,1390.0,1387.0,1380.0,1376.0,1359.0,1308.0
1.77,625.578562267839,5.01567398119122,230_4,stick1,0.0,0.03,0.0,0.032,5.0,0.015,0.016,156.96133843841199,156.96133843841199,156.96133843841199,27.81977619748942,30.452979490761543,156.97866070129126,156.97866070129126,156.97866070129126,1282.0,1276.0,1271.0,1268.0,1257.0,1212.0
1.74,635.420804794234,5.76779026217228,230_4,stick1,0.0,0.03,0.0,0.032,5.0,0.015,0.016,156.96163386705481,156.96163386705481,156.96163386705481,27.81977619748942,30.452979490761543,156.9789561299341,156.9789561299341,156.9789561299341,1339.0,1335.0,1332.0,1324.0,1309.0,1258.0
1.71,558.476084421169,5.6749785038693,230_4,stick1,0.0,0.03,0.0,0.032,5.0,0.015,0.016,156.9619363257158,156.9619363257158,156.9619363257158,27.81977619748942,30.452979490761543,156.9792585885951,156.9792585885951,156.9792585885951,1167.0,1163.0,1158.0,1150.0,1140.0,1097.0
1.67,450.701645469834,6.12076095947064,230_4,stick1,0.0,0.03,0.0,0.032,5.0,0.015,0.016,156.96240467052553,156.96240467052553,156.96240467052553,27.81977619748942,30.452979490761543,156.9797269334048,156.9797269334048,156.9797269334048,1214.0,1209.0,1209.0,1199.0,1181.0,1135.0
1.75,789.159504999758,5.77049180327869,230_4,stick1,0.0,0.03,0.0,0.032,5.0,0.015,0.016,156.96270478632036,156.96270478632036,156.96270478632036,27.81977619748942,30.452979490761543,156.98002704919963,156.98002704919963,156.98002704919963,1528.0,1525.0,1519.0,1510.0,1493.0,1437.0
1.71,424.468158705349,5.26315789473684,230_4,stick1,0.0,0.03,0.0,0.032,5.0,0.015,0.016,156.96300371444943,156.96300371444943,156.96300371444943,27.81977619748942,30.452979490761543,156.9803259773287,156.9803259773287,156.9803259773287,874.0,874.0,872.0,865.0,853.0,828.0
1.66,404.207280193238,4.86381322957198,230_4,stick1,0.0,0.03,0.0,0.032,5.0,0.015,0.016,156.96330421527807,156.96330421527807,156.96330421527807,27.81977619748942,30.452979490761543,156.98062647815735,156.98062647815735,156.98062647815735,1030.0,1028.0,1027.0,1021.0,1015.0,978.0
1.72,547.145271883699,4.6207497820401,230_4,stick1,0.0,0.03,0.0,0.032,5.0,0.015,0.016,156.96360484725653,156.96360484725653,156.96360484725653,27.81977619748942,30.452979490761543,156.9809271101358,156.9809271101358,156.9809271101358,1152.0,1147.0,1143.0,1138.0,1127.0,1094.0
1.65,523.900585117755,4.98310810810811,230_4,stick1,0.0,0.03,0.0,0.032,5.0,0.015,0.016,156.96390612314562,156.96390612314562,156.96390612314562,27.81977619748942,30.452979490761543,156.9812283860249,156.9812283860249,156.9812283860249,1188.0,1184.0,1179.0,1175.0,1164.0,1125.0
1.62,574.518137850014,4.54206999255398,230_4,stick1,0.0,0.03,0.0,0.032,5.0,0.015,0.016,156.96430551630786,156.96430551630786,156.96430551630786,27.81977619748942,30.452979490761543,156.98162777918714,156.98162777918714,156.98162777918714,1346.0,1343.0,1340.0,1332.0,1321.0,1282.0
1.61,574.741059574717,5.58608058608059,230_4,stick1,0.0,0.03,0.0,0.032,5.0,0.015,0.016,156.96459922006002,156.96459922006002,156.96459922006002,27.81977619748942,30.452979490761543,156.9819214829393,156.9819214829393,156.9819214829393,1094.0,1092.0,1091.0,1083.0,1069.0,1031.0
1.58,612.465854114375,4.15738678544915,230_4,stick1,0.0,0.03,0.0,0.032,5.0,0.015,0.016,156.96490593185348,156.96490593185348,156.96490593185348,27.81977619748942,30.452979490761543,156.98222819473276,156.98222819473276,156.98222819473276,1351.0,1347.0,1344.0,1334.0,1324.0,1291.0
1.61,598.151674702294,4.35103244837758,230_4,stick1,0.0,0.03,0.0,0.032,5.0,0.015,0.016,156.96520506068157,156.96520506068157,156.96520506068157,27.81977619748942,30.452979490761543,156.98252732356084,156.98252732356084,156.98252732356084,1357.0,1356.0,1352.0,1346.0,1335.0,1297.0
1.61,765.120733300425,4.64949928469242,230_4,stick1,0.0,0.03,0.0,0.032,5.0,0.015,0.016,156.9656049319132,156.9656049319132,156.9656049319132,27.81977619748942,30.452979490761543,156.98292719479247,156.98292719479247,156.98292719479247,1405.0,1398.0,1395.0,1389.0,1372.0,1333.0
1.61,664.990362972376,6.03448275862069,230_4,stick1,0.0,0.03,0.0,0.032,5.0,0.015,0.016,156.96590538688423,156.96590538688423,156.96590538688423,27.81977619748942,30.452979490761543,156.9832276497635,156.9832276497635,156.9832276497635,1397.0,1392.0,1391.0,1381.0,1359.0,1308.0
1.58,541.283339019645,4.80607082630691,230_4,stick1,0.0,0.03,0.0,0.032,5.0,0.015,0.016,156.96620040632826,156.96620040632826,156.96620040632826,27.81977619748942,30.452979490761543,156.98352266920753,156.98352266920753,156.98352266920753,1192.0,1186.0,1183.0,1177.0,1165.0,1129.0
1.61,483.747445557215,5.37974683544304,230_4,stick1,0.0,0.03,0.0,0.032,5.0,0.015,0.016,156.96650586537464,156.96650586537464,156.96650586537464,27.81977619748942,30.452979490761543,156.98382812825392,156.98382812825392,156.98382812825392,949.0,948.0,947.0,939.0,928.0,897.0
1.55,421.819909008341,4.62264150943396,230_4,stick1,0.0,0.03,0.0,0.032,5.0,0.015,0.016,156.96690421017192,156.96690421017192,156.96690421017192,27.81977619748942,30.452979490761543,156.9842264730512,156.9842264730512,156.9842264730512,1061.0,1060.0,1058.0,1050.0,1043.0,1011.0
1.58,522.179784763455,4.52898550724638,230_4,stick1,0.0,0.03,0.0,0.032,5.0,0.015,0.016,156.9672073986523,156.9672073986523,156.9672073986523,27.81977619748942,30.452979490761543,156.98452966153158,156.98452966153158,156.98452966153158,1110.0,1104.0,1103.0,1099.0,1090.0,1054.0
1.58,626.422156751538,7.60233918128655,230_4,stick1,0.0,0.03,0.0,0.032,5.0,0.015,0.016,156.9676058515225,156.9676058515225,156.9676058515225,27.81977619748942,30.452979490761543,156.98492811440178,156.98492811440178,156.98492811440178,1030.0,1026.0,1023.0,1014.0,996.0,948.0
1.61,400.012026343724,5.51431601272534,230_4,stick1,0.0,0.03,0.0,0.032,5.0,0.015,0.016,156.96790689726078,156.96790689726078,156.96790689726078,27.81977619748942,30.452979490761543,156.98522916014005,156.98522916014005,156.98522916014005,947.0,943.0,943.0,938.0,923.0,891.0
1.65,380.966139015734,5.26315789473684,230_4,stick1,0.0,0.03,0.0,0.032,5.0,0.015,0.016,156.96823748452505,156.96823748452505,156.96823748452505,27.81977619748942,30.452979490761543,156.98555974740432,156.98555974740432,156.98555974740432,1009.0,1007.0,1005.0,1003.0,993.0,954.0
1.63,592.995325347292,5.58482613277134,230_4,stick1,0.0,0.03,0.0,0.032,5.0,0.015,0.016,156.9685789788962,156.9685789788962,156.9685789788962,27.81977619748942,30.452979490761543,156.98590124177548,156.98590124177548,156.98590124177548,949.0,949.0,946.0,943.0,931.0,896.0
1.66,300.801258638015,6.50887573964497,230_4,stick1,0.0,0.03,0.0,0.032,5.0,0.015,0.016,156.9689306659349,156.9689306659349,156.9689306659349,27.81977619748942,30.452979490761543,156.98625292881417,156.98625292881417,156.98625292881417,678.0,676.0,676.0,672.0,659.0,632.0
1.6,364.316191733711,5.46448087431694,230_4,stick1,0.0,0.03,0.0,0.032,5.0,0.015,0.016,156.96927225071116,156.96927225071116,156.96927225071116,27.81977619748942,30.452979490761543,156.98659451359043,156.98659451359043,156.98659451359043,915.0,915.0,914.0,909.0,897.0,865.0
1.62,600.424474735945,6.02409638554217,230_4,stick1,0.0,0.03,0.0,0.032,5.0,0.015,0.016,156.96960196998032,156.96960196998032,156.96960196998032,27.81977619748942,30.452979490761543,156.9869242328596,156.9869242328596,156.9869242328596,1000.0,996.0,992.0,987.0,972.0,936.0
1.6,457.437209646195,5.35917901938426,230_4,stick1,0.0,0.03,0.0,0.032,5.0,0.015,0.016,156.97000471027428,156.97000471027428,156.97000471027428,27.81977619748942,30.452979490761543,156.98732697315356,156.98732697315356,156.98732697315356,877.0,877.0,875.0,866.0,857.0,830.0
1.55,367.595332055949,5.35714285714286,230_4,stick1,0.0,0.03,0.0,0.032,5.0,0.015,0.016,156.9703039776211,156.9703039776211,156.9703039776211,27.81977619748942,30.452979490761543,156.9876262405004,156.9876262405004,156.9876262405004,843.0,840.0,838.0,835.0,829.0,795.0
1.51,741.797962320661,7.5070821529745,230_4,stick1,0.0,0.03,0.0,0.032,5.0,0.015,0.016,156.97060704007916,156.97060704007916,156.97060704007916,27.81977619748942,30.452979490761543,156.98792930295843,156.98792930295843,156.98792930295843,707.0,706.0,703.0,698.0,688.0,653.0
1.55,401.884810823184,6.25,230_4,stick1,0.0,0.03,0.0,0.032,5.0,0.015,0.016,156.9709021904055,156.9709021904055,156.9709021904055,27.81977619748942,30.452979490761543,156.98822445328477,156.98822445328477,156.98822445328477,836.0,832.0,829.0,826.0,818.0,780.0
1.51,417.12635563017,4.43864229765013,230_4,stick1,0.0,0.03,0.0,0.032,5.0,0.015,0.016,156.9713035623408,156.9713035623408,156.9713035623408,27.81977619748942,30.452979490761543,156.98862582522008,156.98862582522008,156.98862582522008,770.0,766.0,764.0,761.0,758.0,732.0
1.53,461.460872406209,5.51724137931035,230_4,stick1,0.0,0.03,0.0,0.032,5.0,0.015,0.016,156.97160655659468,156.97160655659468,156.97160655659468,27.81977619748942,30.452979490761543,156.98892881947395,156.98892881947395,156.98892881947395,875.0,870.0,870.0,864.0,859.0,822.0
1.55,392.643158579587,6.41711229946524,230_4,stick1,0.0,0.03,0.0,0.032,5.0,0.015,0.016,156.9719976137992,156.9719976137992,156.9719976137992,27.81977619748942,30.452979490761543,156.98931987667848,156.98931987667848,156.98931987667848,749.0,748.0,748.0,744.0,739.0,700.0
1.62,293.186614858388,5.13595166163142,230_4,stick1,0.0,0.03,0.0,0.032,5.0,0.015,0.016,156.97230985762926,156.97230985762926,156.97230985762926,27.81977619748942,30.452979490761543,156.98963212050853,156.98963212050853,156.98963212050853,663.0,662.0,662.0,659.0,654.0,628.0
1.68,355.875251408365,4.57796852646638,230_4,stick1,0.0,0.03,0.0,0.032,5.0,0.015,0.016,156.97270329291416,156.97270329291416,156.97270329291416,27.81977619748942,30.452979490761543,156.99002555579344,156.99002555579344,156.99002555579344,702.0,699.0,696.0,692.0,681.0,667.0
1.72,341.743185761077,5.14800514800515,230_4,stick1,0.0,0.03,0.0,0.032,5.0,0.015,0.016,156.97300476080903,156.97300476080903,156.97300476080903,27.81977619748942,30.452979490761543,156.9903270236883,156.9903270236883,156.9903270236883,778.0,777.0,774.0,770.0,763.0,737.0
1.75,362.033513381536,4.71821756225426,230_4,stick1,0.0,0.03,0.0,0.032,5.0,0.015,0.016,156.97330741916437,156.97330741916437,156.97330741916437,27.81977619748942,30.452979490761543,156.99062968204365,156.99062968204365,156.99062968204365,767.0,763.0,761.0,756.0,753.0,727.0
1.79,408.312431560092,5.31400966183575,230_4,stick1,0.0,0.03,0.0,0.032,5.0,0.015,0.016,156.97360834654077,156.97360834654077,156.97360834654077,27.81977619748942,30.452979490761543,156.99093060942005,156.99093060942005,156.99093060942005,623.0,621.0,618.0,615.0,606.0,588.0
1.75,264.663363173133,6.070826306914,230_4,stick1,0.0,0.03,0.0,0.032,5.0,0.015,0.016,156.97400435246394,156.97400435246394,156.97400435246394,27.81977619748942,30.452979490761543,156.9913266153432,156.9913266153432,156.9913266153432,598.0,593.0,592.0,591.0,579.0,557.0
1.75,494.154574210389,6.82926829268293,230_4,stick1,0.0,0.03,0.0,0.032,5.0,0.015,0.016,156.97430243003797,156.97430243003797,156.97430243003797,27.81977619748942,30.452979490761543,156.99162469291724,156.99162469291724,156.99162469291724,823.0,820.0,816.0,808.0,800.0,764.0
1.75,487.229535901859,4.63078848560701,230_4,stick1,0.0,0.03,0.0,0.032,5.0,0.015,0.016,156.97470375541297,156.97470375541297,156.97470375541297,27.81977619748942,30.452979490761543,156.99202601829225,156.99202601829225,156.99202601829225,802.0,799.0,792.0,789.0,782.0,762.0
1.75,422.951821614742,5.83524027459954,230_4,stick1,0.0,0.03,0.0,0.032,5.0,0.015,0.016,156.97500419278177,156.97500419278177,156.97500419278177,27.81977619748942,30.452979490761543,156.99232645566104,156.99232645566104,156.99232645566104,877.0,874.0,872.0,864.0,854.0,823.0
1.73,422.225139034265,5.80964153275649,230_4,stick1,0.0,0.03,0.0,0.032,5.0,0.015,0.016,156.97533113837207,156.97533113837207,156.97533113837207,27.81977619748942,30.452979490761543,156.99265340125135,156.99265340125135,156.99265340125135,813.0,809.0,807.0,802.0,789.0,762.0
1.78,367.353348112736,5.53250345781466,230_4,stick1,0.0,0.03,0.0,0.032,5.0,0.015,0.016,156.97563974509976,156.97563974509976,156.97563974509976,27.81977619748942,30.452979490761543,156.99296200797903,156.99296200797903,156.99296200797903,727.0,723.0,718.0,716.0,708.0,683.0
1.77,407.600806070282,4.80769230769231,230_4,stick1,0.0,0.03,0.0,0.032,5.0,0.015,0.016,156.9760174566207,156.9760174566207,156.9760174566207,27.81977619748942,30.452979490761543,156.99333971949997,156.99333971949997,156.99333971949997,943.0,936.0,933.0,928.0,921.0,891.0
1.71,513.162677792413,4.84037075180227,230_4,stick1,0.0,0.03,0.0,0.032,5.0,0.015,0.016,156.97635984088532,156.97635984088532,156.97635984088532,27.81977619748942,30.452979490761543,156.9936821037646,156.9936821037646,156.9936821037646,975.0,971.0,970.0,964.0,955.0,924.0
1.79,617.388233027638,5.92930444697834,230_4,stick1,0.0,0.03,0.0,0.032,5.0,0.015,0.016,156.97668036876252,156.97668036876252,156.97668036876252,27.81977619748942,30.452979490761543,156.9940026316418,156.9940026316418,156.9940026316418,884.0,877.0,874.0,871.0,857.0,825.0
1.72,381.861404922331,5.05166475315729,230_4,stick1,0.0,0.03,0.0,0.032,5.0,0.015,0.016,156.97700464119518,156.97700464119518,156.97700464119518,27.81977619748942,30.452979490761543,156.99432690407446,156.99432690407446,156.99432690407446,874.0,871.0,870.0,866.0,854.0,827.0
1.78,459.531811156135,4.84261501210654,230_4,stick1,0.0,0.03,0.0,0.032,5.0,0.015,0.016,156.97733959943938,156.97733959943938,156.97733959943938,27.81977619748942,30.452979490761543,156.99466186231865,156.99466186231865,156.99466186231865,831.0,826.0,822.0,817.0,805.0,786.0
1.83,608.406396223088,5.87570621468927,230_4,stick1,0.0,0.03,0.0,0.032,5.0,0.015,0.016,156.97770478136636,156.97770478136636,156.97770478136636,27.81977619748942,30.452979490761543,156.99502704424563,156.99502704424563,156.99502704424563,890.0,885.0,878.0,872.0,864.0,833.0
1.81,527.569788335104,6.92148760330578,230_4,stick1,0.0,0.03,0.0,0.032,5.0,0.015,0.016,156.97804136983459,156.97804136983459,156.97804136983459,27.81977619748942,30.452979490761543,156.99536363271386,156.99536363271386,156.99536363271386,971.0,968.0,963.0,957.0,945.0,901.0
1.83,376.336217609756,4.16666666666667,230_4,stick1,0.0,0.03,0.0,0.032,5.0,0.015,0.016,156.9784034017228,156.9784034017228,156.9784034017228,27.81977619748942,30.452979490761543,156.99572566460208,156.99572566460208,156.99572566460208,1035.0,1032.0,1031.0,1028.0,1021.0,989.0
1.85,559.690452795837,5.50935550935551,230_4,stick1,0.0,0.03,0.0,0.032,5.0,0.015,0.016,156.97883413803223,156.97883413803223,156.97883413803223,27.81977619748942,30.452979490761543,156.9961564009115,156.9961564009115,156.9961564009115,968.0,962.0,958.0,952.0,938.0,909.0
1.88,705.41716652157,5.92808551992225,230_4,stick1,0.0,0.03,0.0,0.032,5.0,0.015,0.016,156.9791680438903,156.9791680438903,156.9791680438903,27.81977619748942,30.452979490761543,156.99649030676957,156.99649030676957,156.99649030676957,1034.0,1029.0,1025.0,1020.0,1001.0,968.0
1.88,564.539330343455,5.5609756097561,230_4,stick1,0.0,0.03,0.0,0.032,5.0,0.015,0.016,156.9794680824183,156.9794680824183,156.9794680824183,27.81977619748942,30.452979490761543,156.99679034529757,156.99679034529757,156.99679034529757,1028.0,1025.0,1023.0,1017.0,1003.0,968.0
1.81,461.106703175722,6.21531631520533,230_4,stick1,0.0,0.03,0.0,0.032,5.0,0.015,0.016,156.97991985378496,156.97991985378496,156.97991985378496,27.81977619748942,30.452979490761543,156.99724211666424,156.99724211666424,156.99724211666424,904.0,901.0,897.0,891.0,879.0,845.0
1.78,484.135494132366,4.54895913646877,230_4,stick1,0.0,0.03,0.0,0.032,5.0,0.015,0.016,156.98030192357382,156.98030192357382,156.98030192357382,27.81977619748942,30.452979490761543,156.9976241864531,156.9976241864531,156.9976241864531,1303.0,1297.0,1295.0,1286.0,1274.0,1238.0
1.79,520.926190701521,5.91304347826087,230_4,stick1,0.0,0.03,0.0,0.032,5.0,0.015,0.016,156.98067161785298,156.98067161785298,156.98067161785298,27.81977619748942,30.452979490761543,156.99799388073225,156.99799388073225,156.99799388073225,1155.0,1150.0,1143.0,1135.0,1121.0,1082.0
1.78,343.184548809229,5.32687651331719,230_4,stick1,0.0,0.03,0.0,0.032,5.0,0.015,0.016,156.98097865811246,156.98097865811246,156.98097865811246,27.81977619748942,30.452979490761543,156.99830092099174,156.99830092099174,156.99830092099174,827.0,826.0,825.0,821.0,814.0,782.0
1.78,387.945310777145,4.25752855659398,230_4,stick1,0.0,0.03,0.0,0.032,5.0,0.015,0.016,156.98130673041427,156.98130673041427,156.98130673041427,27.81977619748942,30.452979490761543,156.99862899329355,156.99862899329355,156.99862899329355,967.0,963.0,960.0,957.0,952.0,922.0
1.72,453.715594397148,5.26315789473684,230_4,stick1,0.0,0.03,0.0,0.032,5.0,0.015,0.016,156.9816060032913,156.9816060032913,156.9816060032913,27.81977619748942,30.452979490761543,156.99892826617057,156.99892826617057,156.99892826617057,991.0,988.0,985.0,979.0,966.0,936.0
1.73,387.339216285642,4.57933972310969,230_4,stick1,0.0,0.03,0.0,0.032,5.0,0.015,0.016,156.98190596128708,156.98190596128708,156.98190596128708,27.81977619748942,30.452979490761543,156.99922822416636,156.99922822416636,156.99922822416636,944.0,939.0,936.0,932.0,925.0,896.0
1.77,599.571494328897,5.28846153846154,230_4,stick1,0.0,0.03,0.0,0.032,5.0,0.015,0.016,156.98230749107864,156.98230749107864,156.98230749107864,27.81977619748942,30.452979490761543,156.99962975395792,156.99962975395792,156.99962975395792,1041.0,1040.0,1033.0,1029.0,1016.0,985.0
1.8,430.679212064312,5.42110358180058,230_4,stick1,0.0,0.03,0.0,0.032,5.0,0.015,0.016,156.9826034329911,156.9826034329911,156.9826034329911,27.81977619748942,30.452979490761543,156.9999256958704,156.9999256958704,156.9999256958704,1038.0,1033.0,1032.0,1029.0,1012.0,977.0
1.72,405.537067282022,4.92721164613662,230_4,stick1,0.0,0.03,0.0,0.032,5.0,0.015,0.016,156.98290402760128,156.98290402760128,156.98290402760128,27.81977619748942,30.452979490761543,157.00022629048055,157.00022629048055,157.00022629048055,896.0,893.0,889.0,885.0,883.0,849.0
1.73,581.133149702603,4.83383685800604,230_4,stick1,0.0,0.03,0.0,0.032,5.0,0.015,0.016,156.98320640751496,156.98320640751496,156.98320640751496,27.81977619748942,30.452979490761543,157.00052867039423,157.00052867039423,157.00052867039423,997.0,993.0,988.0,985.0,978.0,945.0
1.73,453.735559158537,5.30098831985624,230_4,stick1,0.0,0.03,0.0,0.032,5.0,0.015,0.016,156.98351019043565,156.98351019043565,156.98351019043565,27.81977619748942,30.452979490761543,157.00083245331493,157.00083245331493,157.00083245331493,1115.0,1113.0,1110.0,1106.0,1096.0,1054.0
1.68,657.81447759288,5.27240773286468,230_4,stick1,0.0,0.03,0.0,0.032,5.0,0.015,0.016,156.98380429285663,156.98380429285663,156.98380429285663,27.81977619748942,30.452979490761543,157.0011265557359,157.0011265557359,157.0011265557359,1144.0,1138.0,1136.0,1131.0,1118.0,1078.0
1.73,421.575094641028,4.63065049614112,230_4,stick1,0.0,0.03,0.0,0.032,5.0,0.015,0.016,156.98420879044562,156.98420879044562,156.98420879044562,27.81977619748942,30.452979490761543,157.0015310533249,157.0015310533249,157.0015310533249,911.0,907.0,905.0,903.0,893.0,865.0
1.69,520.173786335767,5.1255230125523,230_4,stick1,0.0,0.03,0.0,0.032,5.0,0.015,0.016,156.98450437321785,156.98450437321785,156.98450437321785,27.81977619748942,30.452979490761543,157.00182663609712,157.00182663609712,157.00182663609712,958.0,956.0,955.0,950.0,943.0,907.0
1.69,537.351434394563,1.33545501457685,230_4,stick1,0.0,0.03,0.0,0.032,5.0,0.015,0.016,156.98480798038267,156.98480798038267,156.98480798038267,27.81977619748942,30.452979490761543,157.00213024326194,157.00213024326194,157.00213024326194,2477.0678862107898,2471.0678862107898,2465.0678862107898,2464.0678862107898,2457.0678862107898,2438.0678862107898
1.72,571.432429878407,1.37111517367459,230_4,stick1,0.0,0.03,0.0,0.032,5.0,0.015,0.016,156.98511025279066,156.98511025279066,156.98511025279066,27.81977619748942,30.452979490761543,157.00243251566994,157.00243251566994,157.00243251566994,3287.0,3282.0,3280.0,3275.0,3268.0,3237.0
1.71,383.252175196228,4.54054054054054,230_4,stick1,0.0,0.03,0.0,0.032,5.0,0.015,0.016,156.9854143247049,156.9854143247049,156.9854143247049,27.81977619748942,30.452979490761543,157.00273658758417,157.00273658758417,157.00273658758417,928.0,925.0,922.0,917.0,909.0,883.0
1.69,515.628331492004,5.14775977121068,230_4,stick1,0.0,0.03,0.0,0.032,5.0,0.015,0.016,156.98580580777755,156.98580580777755,156.98580580777755,27.81977619748942,30.452979490761543,157.00312807065683,157.00312807065683,157.00312807065683,1053.0,1049.0,1047.0,1039.0,1025.0,995.0
1.7,362.294269725033,4.92170022371365,230_4,stick1,0.0,0.03,0.0,0.032,5.0,0.015,0.016,156.98611126456936,156.98611126456936,156.98611126456936,27.81977619748942,30.452979490761543,157.00343352744864,157.00343352744864,157.00343352744864,901.0,894.0,893.0,890.0,882.0,850.0
1.69,291.437244482052,4.45682451253482,230_4,stick1,0.0,0.03,0.0,0.032,5.0,0.015,0.016,156.98650879776065,156.98650879776065,156.98650879776065,27.81977619748942,30.452979490761543,157.00383106063992,157.00383106063992,157.00383106063992,719.0,718.0,717.0,712.0,708.0,686.0
1.66,470.857721547144,5.05871725383921,230_4,stick1,0.0,0.03,0.0,0.032,5.0,0.015,0.016,156.9868117080601,156.9868117080601,156.9868117080601,27.81977619748942,30.452979490761543,157.00413397093936,157.00413397093936,157.00413397093936,1110.0,1107.0,1103.0,1098.0,1087.0,1051.0
1.69,367.744320114234,5.16431924882629,230_4,stick1,0.0,0.03,0.0,0.032,5.0,0.015,0.016,156.98710560024688,156.98710560024688,156.98710560024688,27.81977619748942,30.452979490761543,157.00442786312615,157.00442786312615,157.00442786312615,855.0,852.0,851.0,847.0,835.0,808.0
1.61,392.199251344177,5.38860103626943,230_4,stick1,0.0,0.03,0.0,0.032,5.0,0.015,0.016,156.98741212212465,156.98741212212465,156.98741212212465,27.81977619748942,30.452979490761543,157.00473438500393,157.00473438500393,157.00473438500393,970.0,965.0,963.0,959.0,950.0,913.0
1.69,458.895709011877,4.69043151969981,230_4,stick1,0.0,0.03,0.0,0.032,5.0,0.015,0.016,156.9878115407293,156.9878115407293,156.9878115407293,27.81977619748942,30.452979490761543,157.00513380360857,157.00513380360857,157.00513380360857,1069.0,1066.0,1064.0,1060.0,1050.0,1016.0
1.66,452.715218779344,5.03524672708963,230_4,stick1,0.0,0.03,0.0,0.032,5.0,0.015,0.016,156.9881107098759,156.9881107098759,156.9881107098759,27.81977619748942,30.452979490761543,157.0054329727552,157.0054329727552,157.0054329727552,997.0,993.0,990.0,984.0,971.0,943.0
1.66,387.407116123517,4.85875706214689,230_4,stick1,0.0,0.03,0.0,0.032,5.0,0.015,0.016,156.98850735017766,156.98850735017766,156.98850735017766,27.81977619748942,30.452979490761543,157.00582961305693,157.00582961305693,157.00582961305693,887.0,885.0,883.0,880.0,868.0,842.0
1.66,460.943571927534,5.39460539460539,230_4,stick1,0.0,0.03,0.0,0.032,5.0,0.015,0.016,156.98880197186008,156.98880197186008,156.98880197186008,27.81977619748942,30.452979490761543,157.00612423473936,157.00612423473936,157.00612423473936,1005.0,1001.0,998.0,994.0,985.0,947.0
1.65,523.529405616295,4.86815415821501,230_4,stick1,0.0,0.03,0.0,0.032,5.0,0.015,0.016,156.98910729212383,156.98910729212383,156.98910729212383,27.81977619748942,30.452979490761543,157.0064295550031,157.0064295550031,157.0064295550031,988.0,986.0,986.0,976.0,965.0,938.0
1.63,511.323336449737,4.54959053685168,230_4,stick1,0.0,0.03,0.0,0.032,5.0,0.015,0.016,156.98940883396142,156.98940883396142,156.98940883396142,27.81977619748942,30.452979490761543,157.0067310968407,157.0067310968407,157.0067310968407,1106.0,1099.0,1095.0,1089.0,1078.0,1049.0
1.66,600.228069287832,6.81818181818182,230_4,stick1,0.0,0.03,0.0,0.032,5.0,0.015,0.016,156.98980711420876,156.98980711420876,156.98980711420876,27.81977619748942,30.452979490761543,157.00712937708803,157.00712937708803,157.00712937708803,886.0,880.0,877.0,872.0,857.0,820.0
,,,230_4,stick1,0.0,0.03,0.0,0.032,5.0,0.015,0.016,156.99010779046787,156.99010779046787,156.99010779046787,27.81977619748942,30.452979490761543,157.00743005334715,157.00743005334715,157.00743005334715,0.0,0.0,0.0,0.0,0.0,0.0
,,,230_4,stick1,0.0,0.03,0.0,0.032,5.0,0.015,0.016,156.99041235265432,156.99041235265432,156.99041235265432,27.81977619748942,30.452979490761543,157.0077346155336,157.0077346155336,157.0077346155336,0.0,0.0,0.0,0.0,0.0,0.0
,,,230_4,stick1,0.0,0.03,0.0,0.032,5.0,0.015,0.016,156.99070959198463,156.99070959198463,156.99070959198463,27.81977619748942,30.452979490761543,157.0080318548639,157.0080318548639,157.0080318548639,0.0,0.0,0.0,0.0,0.0,0.0
,,,230_4,stick1,0.0,0.03,0.0,0.032,5.0,0.015,0.016,156.99100691228392,156.99100691228392,156.99100691228392,27.81977619748942,30.452979490761543,157.0083291751632,157.0083291751632,157.0083291751632,0.0,0.0,0.0,0.0,0.0,0.0
,,,230_4,stick1,0.0,0.03,0.0,0.032,5.0,0.015,0.016,156.99140839365595,156.99140839365595,156.99140839365595,27.81977619748942,30.452979490761543,157.00873065653522,157.00873065653522,157.00873065653522,0.0,0.0,0.0,0.0,0.0,0.0
,,,230_4,stick1,0.0,0.03,0.0,0.032,5.0,0.015,0.016,156.99171195755505,156.99171195755505,156.99171195755505,27.81977619748942,30.452979490761543,157.00903422043433,157.00903422043433,157.00903422043433,0.0,0.0,0.0,0.0,0.0,0.0
,,,230_4,stick1,0.0,0.03,0.0,0.032,5.0,0.015,0.016,156.99201339935928,156.99201339935928,156.99201339935928,27.81977619748942,30.452979490761543,157.00933566223856,157.00933566223856,157.00933566223856,0.0,0.0,0.0,0.0,0.0,0.0
,,,230_4,stick1,0.0,0.03,0.0,0.032,5.0,0.015,0.016,156.9923126838285,156.9923126838285,156.9923126838285,27.81977619748942,30.452979490761543,157.00963494670776,157.00963494670776,157.00963494670776,0.0,0.0,0.0,0.0,0.0,0.0
,,,230_4,stick1,0.0,0.03,0.0,0.032,5.0,0.015,0.016,156.99260689373958,156.99260689373958,156.99260689373958,27.81977619748942,30.452979490761543,157.00992915661885,157.00992915661885,157.00992915661885,0.0,0.0,0.0,0.0,0.0,0.0
,,,230_4,stick1,0.0,0.03,0.0,0.032,5.0,0.015,0.016,156.99291587799613,156.99291587799613,156.99291587799613,27.81977619748942,30.452979490761543,157.0102381408754,157.0102381408754,157.0102381408754,0.0,0.0,0.0,0.0,0.0,0.0
,,,230_4,stick1,0.0,0.03,0.0,0.032,5.0,0.015,0.016,156.9933102089434,156.9933102089434,156.9933102089434,27.81977619748942,30.452979490761543,157.01063247182267,157.01063247182267,157.01063247182267,0.0,0.0,0.0,0.0,0.0,0.0
,,,230_4,stick1,0.0,0.03,0.0,0.032,5.0,0.015,0.016,156.99360939670353,156.99360939670353,156.99360939670353,27.81977619748942,30.452979490761543,157.0109316595828,157.0109316595828,157.0109316595828,0.0,0.0,0.0,0.0,0.0,0.0
,,,230_4,stick1,0.0,0.03,0.0,0.032,5.0,0.015,0.016,156.99381619130017,156.99381619130017,156.99381619130017,27.81977619748942,30.452979490761543,157.01113845417945,157.01113845417945,157.01113845417945,0.0,0.0,0.0,0.0,0.0,0.0
,,,230_4,stick1,0.0,0.03,0.0,0.032,5.0,0.015,0.016,156.99421325604655,156.99421325604655,156.99421325604655,27.81977619748942,30.452979490761543,157.01153551892583,157.01153551892583,157.01153551892583,0.0,0.0,0.0,0.0,0.0,0.0
,,,230_4,stick1,0.0,0.03,0.0,0.032,5.0,0.015,0.016,156.9946073264903,156.9946073264903,156.9946073264903,27.81977619748942,30.452979490761543,157.01192958936957,157.01192958936957,157.01192958936957,0.0,0.0,0.0,0.0,0.0,0.0
,,,230_4,stick1,0.0,0.03,0.0,0.032,5.0,0.015,0.016,156.99497903926687,156.99497903926687,156.99497903926687,27.81977619748942,30.452979490761543,157.01230130214614,157.01230130214614,157.01230130214614,0.0,0.0,0.0,0.0,0.0,0.0
1.59,683.978586621768,7.39673390970221,230_4,stick1,0.0,0.03,0.0,0.032,5.0,0.015,0.016,156.9952547818172,156.9952547818172,156.9952547818172,27.81977619748942,30.452979490761543,157.01257704469649,157.01257704469649,157.01257704469649,1046.0,1041.0,1038.0,1031.0,1016.0,964.0
1.55,744.132958196867,6.04838709677419,230_4,stick1,0.0,0.03,0.0,0.032,5.0,0.015,0.016,156.99550266006702,156.99550266006702,156.99550266006702,27.81977619748942,30.452979490761543,157.0128249229463,157.0128249229463,157.0128249229463,1245.0,1240.0,1237.0,1230.0,1207.0,1165.0
1.54,584.253549512257,6.81034482758621,230_4,stick1,0.0,0.03,0.0,0.032,5.0,0.015,0.016,156.99588194452136,156.99588194452136,156.99588194452136,27.81977619748942,30.452979490761543,157.01320420740063,157.01320420740063,157.01320420740063,1167.0,1160.0,1158.0,1153.0,1135.0,1081.0
1.56,668.806833219596,6.08614232209738,230_4,stick1,0.0,0.03,0.0,0.032,5.0,0.015,0.016,156.99617950207593,156.99617950207593,156.99617950207593,27.81977619748942,30.452979490761543,157.0135017649552,157.0135017649552,157.0135017649552,1077.0,1068.0,1066.0,1062.0,1046.0,1003.0
1.55,889.492554818297,6.88405797101449,230_4,stick1,0.0,0.03,0.0,0.032,5.0,0.015,0.016,156.99650849432632,156.99650849432632,156.99650849432632,27.81977619748942,30.452979490761543,157.0138307572056,157.0138307572056,157.0138307572056,1108.0,1104.0,1102.0,1097.0,1075.0,1028.0
1.55,627.250868372919,6.06060606060606,230_4,stick1,0.0,0.03,0.0,0.032,5.0,0.015,0.016,156.99686471281962,156.99686471281962,156.99686471281962,27.81977619748942,30.452979490761543,157.0141869756989,157.0141869756989,157.0141869756989,997.0,990.0,986.0,978.0,967.0,930.0
1.55,379.362684533776,7.66609880749574,230_4,stick1,0.0,0.03,0.0,0.032,5.0,0.015,0.016,156.99711396004443,156.99711396004443,156.99711396004443,27.81977619748942,30.452979490761543,157.0144362229237,157.0144362229237,157.0144362229237,588.0,587.0,586.0,583.0,578.0,542.0
1.55,456.765011591381,5.98958333333333,230_4,stick1,0.0,0.03,0.0,0.032,5.0,0.015,0.016,156.9975103463167,156.9975103463167,156.9975103463167,27.81977619748942,30.452979490761543,157.01483260919596,157.01483260919596,157.01483260919596,771.0,768.0,765.0,765.0,757.0,722.0
1.58,463.864320809467,5.75692963752665,230_4,stick1,0.0,0.03,0.0,0.032,5.0,0.015,0.016,156.99772029851368,156.99772029851368,156.99772029851368,27.81977619748942,30.452979490761543,157.01504256139296,157.01504256139296,157.01504256139296,946.0,938.0,934.0,932.0,925.0,884.0
1.59,623.22253916945,6.67447306791569,230_4,stick1,0.0,0.03,0.0,0.032,5.0,0.015,0.016,156.99804073601237,156.99804073601237,156.99804073601237,27.81977619748942,30.452979490761543,157.01536299889165,157.01536299889165,157.01536299889165,858.0,854.0,854.0,848.0,832.0,797.0
1.59,445.22365223291,5.6969696969697,230_4,stick1,0.0,0.03,0.0,0.032,5.0,0.015,0.016,156.99844302565484,156.99844302565484,156.99844302565484,27.81977619748942,30.452979490761543,157.0157652885341,157.0157652885341,157.0157652885341,828.0,825.0,823.0,818.0,808.0,778.0
1.55,587.238481986373,6.72963400236128,230_4,stick1,0.0,0.03,0.0,0.032,5.0,0.015,0.016,156.99879778291378,156.99879778291378,156.99879778291378,27.81977619748942,30.452979490761543,157.01612004579306,157.01612004579306,157.01612004579306,850.0,847.0,847.0,842.0,828.0,790.0
1.56,405.474616251608,5.68990042674253,230_4,stick1,0.0,0.03,0.0,0.032,5.0,0.015,0.016,156.9991150490687,156.9991150490687,156.9991150490687,27.81977619748942,30.452979490761543,157.01643731194798,157.01643731194798,157.01643731194798,705.0,703.0,702.0,693.0,684.0,663.0
1.55,397.578728517887,5.49199084668192,230_4,stick1,0.0,0.03,0.0,0.032,5.0,0.015,0.016,156.99941023122642,156.99941023122642,156.99941023122642,27.81977619748942,30.452979490761543,157.0167324941057,157.0167324941057,157.0167324941057,876.0,874.0,871.0,869.0,855.0,826.0
1.55,301.483148416999,4.98812351543943,230_4,stick1,0.0,0.03,0.0,0.032,5.0,0.015,0.016,156.99975267738327,156.99975267738327,156.99975267738327,27.81977619748942,30.452979490761543,157.01707494026255,157.01707494026255,157.01707494026255,847.0,842.0,842.0,839.0,828.0,800.0
1.58,334.776227931135,4.63980463980464,230_4,stick1,0.0,0.03,0.0,0.032,5.0,0.015,0.016,157.00011323605463,157.00011323605463,157.00011323605463,27.81977619748942,30.452979490761543,157.0174354989339,157.0174354989339,157.0174354989339,823.0,819.0,817.0,814.0,805.0,781.0
1.58,398.132104748904,4.35684647302905,230_4,stick1,0.0,0.03,0.0,0.032,5.0,0.015,0.016,157.00041777702666,157.00041777702666,157.00041777702666,27.81977619748942,30.452979490761543,157.01774003990593,157.01774003990593,157.01774003990593,967.0,964.0,963.0,955.0,946.0,922.0
1.58,494.334142738509,5.66037735849057,230_4,stick1,0.0,0.03,0.0,0.032,5.0,0.015,0.016,157.00067843699665,157.00067843699665,157.00067843699665,27.81977619748942,30.452979490761543,157.01800069987593,157.01800069987593,157.01800069987593,638.0,636.0,633.0,628.0,623.0,600.0
1.56,282.588129516251,4.31547619047619,230_4,stick1,0.0,0.03,0.0,0.032,5.0,0.015,0.016,157.00095361889385,157.00095361889385,157.00095361889385,27.81977619748942,30.452979490761543,157.01827588177312,157.01827588177312,157.01827588177312,673.0,672.0,669.0,666.0,664.0,643.0
1.55,307.85498174549,4.55635491606715,230_4,stick1,0.0,0.03,0.0,0.032,5.0,0.015,0.016,157.0013122728385,157.0013122728385,157.0013122728385,27.81977619748942,30.452979490761543,157.01863453571778,157.01863453571778,157.01863453571778,835.0,834.0,833.0,830.0,819.0,796.0
1.53,241.944521529807,4.17246175243394,230_4,stick1,0.0,0.03,0.0,0.032,5.0,0.015,0.016,157.0016140471127,157.0016140471127,157.0016140471127,27.81977619748942,30.452979490761543,157.01893630999197,157.01893630999197,157.01893630999197,721.0,719.0,719.0,715.0,712.0,689.0
1.61,442.266923716845,6.01092896174863,230_4,stick1,0.0,0.03,0.0,0.032,5.0,0.015,0.016,157.0019599804279,157.0019599804279,157.0019599804279,27.81977619748942,30.452979490761543,157.01928224330717,157.01928224330717,157.01928224330717,732.0,732.0,730.0,730.0,724.0,688.0
1.58,312.772119532603,4.62130937098845,230_4,stick1,0.0,0.03,0.0,0.032,5.0,0.015,0.016,157.00231834062382,157.00231834062382,157.00231834062382,27.81977619748942,30.452979490761543,157.0196406035031,157.0196406035031,157.0196406035031,781.0,779.0,779.0,777.0,768.0,743.0
1.56,512.21031124519,3.4106412005457,230_4,stick1,0.0,0.03,0.0,0.032,5.0,0.015,0.016,157.00257595126928,157.00257595126928,157.00257595126928,27.81977619748942,30.452979490761543,157.01989821414855,157.01989821414855,157.01989821414855,734.0,733.0,733.0,731.0,727.0,708.0
1.51,392.815061195053,6.30630630630631,230_4,stick1,0.0,0.03,0.0,0.032,5.0,0.015,0.016,157.0028569134206,157.0028569134206,157.0028569134206,27.81977619748942,30.452979490761543,157.02017917629988,157.02017917629988,157.02017917629988,667.0,666.0,666.0,659.0,645.0,624.0
1.54,436.877688077661,5.45212765957447,230_4,stick1,0.0,0.03,0.0,0.032,5.0,0.015,0.016,157.00321376063917,157.00321376063917,157.00321376063917,27.81977619748942,30.452979490761543,157.02053602351845,157.02053602351845,157.02053602351845,754.0,752.0,749.0,745.0,731.0,711.0
1.54,275.465984150673,4.4973544973545,230_4,stick1,0.0,0.03,0.0,0.032,5.0,0.015,0.016,157.00351692763564,157.00351692763564,157.00351692763564,27.81977619748942,30.452979490761543,157.02083919051492,157.02083919051492,157.02083919051492,759.0,756.0,754.0,751.0,743.0,722.0
1.52,372.680508888918,4.1371158392435,230_4,stick1,0.0,0.03,0.0,0.032,5.0,0.015,0.016,157.00381523229075,157.00381523229075,157.00381523229075,27.81977619748942,30.452979490761543,157.02113749517002,157.02113749517002,157.02113749517002,850.0,846.0,845.0,843.0,836.0,811.0
1.55,382.755545583836,4.80887792848335,230_4,stick1,0.0,0.03,0.0,0.032,5.0,0.015,0.016,157.00408018262132,157.00408018262132,157.00408018262132,27.81977619748942,30.452979490761543,157.0214024455006,157.0214024455006,157.0214024455006,813.0,811.0,810.0,808.0,796.0,772.0
1.56,313.272935476272,5.04731861198738,230_4,stick1,0.0,0.03,0.0,0.032,5.0,0.015,0.016,157.0043563178137,157.0043563178137,157.0043563178137,27.81977619748942,30.452979490761543,157.02167858069296,157.02167858069296,157.02167858069296,634.0,634.0,633.0,630.0,622.0,602.0
1.54,429.232791283256,5.2757793764988,230_4,stick1,0.0,0.03,0.0,0.032,5.0,0.015,0.016,157.00471484316836,157.00471484316836,157.00471484316836,27.81977619748942,30.452979490761543,157.02203710604763,157.02203710604763,157.02203710604763,837.0,834.0,833.0,828.0,817.0,790.0
1.58,397.179418075221,4.84429065743945,230_4,stick1,0.0,0.03,0.0,0.032,5.0,0.015,0.016,157.0050125955849,157.0050125955849,157.0050125955849,27.81977619748942,30.452979490761543,157.02233485846418,157.02233485846418,157.02233485846418,870.0,867.0,863.0,859.0,852.0,825.0
1.55,240.91690896373,5.09193776520509,230_4,stick1,0.0,0.03,0.0,0.032,5.0,0.015,0.016,157.00531845776035,157.00531845776035,157.00531845776035,27.81977619748942,30.452979490761543,157.02264072063963,157.02264072063963,157.02264072063963,712.0,707.0,706.0,704.0,700.0,671.0
1.58,373.255168206056,5.66037735849057,230_4,stick1,0.0,0.03,0.0,0.032,5.0,0.015,0.016,157.00565118695977,157.00565118695977,157.00565118695977,27.81977619748942,30.452979490761543,157.02297344983904,157.02297344983904,157.02297344983904,744.0,742.0,740.0,736.0,726.0,700.0
1.58,496.478388391517,5.09090909090909,230_4,stick1,0.0,0.03,0.0,0.032,5.0,0.015,0.016,157.00601676379694,157.00601676379694,157.00601676379694,27.81977619748942,30.452979490761543,157.0233390266762,157.0233390266762,157.0233390266762,828.0,825.0,822.0,819.0,812.0,783.0
1.54,326.809747847199,4.97159090909091,230_4,stick1,0.0,0.03,0.0,0.032,5.0,0.015,0.016,157.00631598665086,157.00631598665086,157.00631598665086,27.81977619748942,30.452979490761543,157.02363824953014,157.02363824953014,157.02363824953014,704.0,704.0,700.0,698.0,690.0,669.0
1.51,403.586418230289,5.43633762517883,230_4,stick1,0.0,0.03,0.0,0.032,5.0,0.015,0.016,157.00665547033188,157.00665547033188,157.00665547033188,27.81977619748942,30.452979490761543,157.02397773321115,157.02397773321115,157.02397773321115,702.0,699.0,696.0,694.0,685.0,661.0
1.54,577.343937965075,4.55665024630542,230_4,stick1,0.0,0.03,0.0,0.032,5.0,0.015,0.016,157.00697825344895,157.00697825344895,157.00697825344895,27.81977619748942,30.452979490761543,157.02430051632822,157.02430051632822,157.02430051632822,815.0,812.0,811.0,808.0,799.0,775.0
1.55,338.600811169086,4.14438502673797,230_4,stick1,0.0,0.03,0.0,0.032,5.0,0.015,0.016,157.00729946714216,157.00729946714216,157.00729946714216,27.81977619748942,30.452979490761543,157.02462173002144,157.02462173002144,157.02462173002144,753.0,748.0,746.0,742.0,737.0,717.0
1.54,284.63579254656,4.63847203274216,230_4,stick1,0.0,0.03,0.0,0.032,5.0,0.015,0.016,157.0076801194099,157.0076801194099,157.0076801194099,27.81977619748942,30.452979490761543,157.0250023822892,157.0250023822892,157.0250023822892,735.0,733.0,733.0,731.0,720.0,699.0
1.58,265.970998144467,3.69318181818182,230_4,stick1,0.0,0.03,0.0,0.032,5.0,0.015,0.016,157.00796526430554,157.00796526430554,157.00796526430554,27.81977619748942,30.452979490761543,157.02528752718482,157.02528752718482,157.02528752718482,710.0,704.0,704.0,698.0,695.0,678.0
1.55,344.454381269765,5.75,230_4,stick1,0.0,0.03,0.0,0.032,5.0,0.015,0.016,157.00831775237867,157.00831775237867,157.00831775237867,27.81977619748942,30.452979490761543,157.02564001525795,157.02564001525795,157.02564001525795,802.0,800.0,800.0,799.0,789.0,754.0
1.54,314.518932398866,4.46808510638298,230_4,stick1,0.0,0.03,0.0,0.032,5.0,0.015,0.016,157.0086825458109,157.0086825458109,157.0086825458109,27.81977619748942,30.452979490761543,157.02600480869017,157.02600480869017,157.02600480869017,942.0,940.0,938.0,934.0,921.0,898.0
1.56,349.619990665915,4.86542443064182,230_4,stick1,0.0,0.03,0.0,0.032,5.0,0.015,0.016,157.0091399222996,157.0091399222996,157.0091399222996,27.81977619748942,30.452979490761543,157.02646218517887,157.02646218517887,157.02646218517887,970.0,966.0,962.0,956.0,946.0,919.0
1.55,327.802162309548,4.25531914893617,230_4,stick1,0.0,0.03,0.0,0.032,5.0,0.015,0.016,157.00952926022515,157.00952926022515,157.00952926022515,27.81977619748942,30.452979490761543,157.02685152310443,157.02685152310443,157.02685152310443,1036.0,1034.0,1029.0,1027.0,1020.0,990.0
1.52,444.669197653739,5.76671035386632,230_4,stick1,0.0,0.03,0.0,0.032,5.0,0.015,0.016,157.00991563144308,157.00991563144308,157.00991563144308,27.81977619748942,30.452979490761543,157.02723789432235,157.02723789432235,157.02723789432235,764.0,763.0,762.0,757.0,742.0,719.0
1.52,325.831143776346,4.40251572327044,230_4,stick1,0.0,0.03,0.0,0.032,5.0,0.015,0.016,157.01021723628227,157.01021723628227,157.01021723628227,27.81977619748942,30.452979490761543,157.02753949916155,157.02753949916155,157.02753949916155,799.0,795.0,792.0,790.0,785.0,760.0
1.53,483.23975484083,5.77716643741403,230_4,stick1,0.0,0.03,0.0,0.032,5.0,0.015,0.016,157.0105206328269,157.0105206328269,157.0105206328269,27.81977619748942,30.452979490761543,157.0278428957062,157.0278428957062,157.0278428957062,728.0,727.0,724.0,718.0,709.0,685.0
1.55,287.17239168116,5.48961424332344,230_4,stick1,0.0,0.03,0.0,0.032,5.0,0.015,0.016,157.01092311286428,157.01092311286428,157.01092311286428,27.81977619748942,30.452979490761543,157.02824537574355,157.02824537574355,157.02824537574355,675.0,674.0,674.0,668.0,662.0,637.0
1.5,405.171130909652,6.00255427841635,230_4,stick1,0.0,0.03,0.0,0.032,5.0,0.015,0.016,157.01122002631146,157.01122002631146,157.01122002631146,27.81977619748942,30.452979490761543,157.02854228919074,157.02854228919074,157.02854228919074,784.0,783.0,781.0,778.0,772.0,736.0
1.52,228.237620498967,4.55284552845528,230_4,stick1,0.0,0.03,0.0,0.032,5.0,0.015,0.016,157.01152301103542,157.01152301103542,157.01152301103542,27.81977619748942,30.452979490761543,157.0288452739147,157.0288452739147,157.0288452739147,617.0,615.0,613.0,612.0,606.0,587.0
1.56,330.346168538291,5.36912751677852,230_4,stick1,0.0,0.03,0.0,0.032,5.0,0.015,0.016,157.01192572405003,157.01192572405003,157.01192572405003,27.81977619748942,30.452979490761543,157.0292479869293,157.0292479869293,157.0292479869293,748.0,745.0,744.0,738.0,727.0,705.0
1.55,341.363369489992,4.40324449594438,230_4,stick1,0.0,0.03,0.0,0.032,5.0,0.015,0.016,157.01231974881242,157.01231974881242,157.01231974881242,27.81977619748942,30.452979490761543,157.0296420116917,157.0296420116917,157.0296420116917,866.0,863.0,861.0,857.0,848.0,825.0
1.51,443.47512907884,5.00625782227785,230_4,stick1,0.0,0.03,0.0,0.032,5.0,0.015,0.016,157.01261663963527,157.01261663963527,157.01261663963527,27.81977619748942,30.452979490761543,157.02993890251454,157.02993890251454,157.02993890251454,800.0,799.0,795.0,794.0,784.0,759.0
1.5,284.128405868167,3.95398993529835,230_4,stick1,0.0,0.03,0.0,0.032,5.0,0.015,0.016,157.01322045589038,157.01322045589038,157.01322045589038,27.81977619748942,30.452979490761543,157.03054271876965,157.03054271876965,157.03054271876965,1393.0,1391.0,1387.0,1384.0,1370.0,1336.0
1.51,365.98641804849,4.3141592920354,230_4,stick1,0.0,0.03,0.0,0.032,5.0,0.015,0.016,157.0136822242484,157.0136822242484,157.0136822242484,27.81977619748942,30.452979490761543,157.0310044871277,157.0310044871277,157.0310044871277,905.0,904.0,902.0,900.0,892.0,865.0
1.5,586.244911241169,7.73263433813892,230_4,stick1,0.0,0.03,0.0,0.032,5.0,0.015,0.016,157.01409275748642,157.01409275748642,157.01409275748642,27.81977619748942,30.452979490761543,157.0314150203657,157.0314150203657,157.0314150203657,764.0,763.0,757.0,748.0,742.0,704.0
1.5,311.758187389771,5.67010309278351,230_4,stick1,0.0,0.03,0.0,0.032,5.0,0.015,0.016,157.01438881360707,157.01438881360707,157.01438881360707,27.81977619748942,30.452979490761543,157.03171107648635,157.03171107648635,157.03171107648635,777.0,776.0,775.0,773.0,765.0,732.0
1.5,470.011199031438,5.06134969325153,230_4,stick1,0.0,0.03,0.0,0.032,5.0,0.015,0.016,157.0146935497096,157.0146935497096,157.0146935497096,27.81977619748942,30.452979490761543,157.03201581258887,157.03201581258887,157.03201581258887,658.0,652.0,648.0,643.0,635.0,619.0
1.49,454.383148219504,4.64240903387704,230_4,stick1,0.0,0.03,0.0,0.032,5.0,0.015,0.016,157.01498868435908,157.01498868435908,157.01498868435908,27.81977619748942,30.452979490761543,157.03231094723836,157.03231094723836,157.03231094723836,798.0,797.0,796.0,791.0,781.0,760.0
1.49,263.450121222638,4.70016207455429,230_4,stick1,0.0,0.03,0.0,0.032,5.0,0.015,0.016,157.01529210742146,157.01529210742146,157.01529210742146,27.81977619748942,30.452979490761543,157.03261437030073,157.03261437030073,157.03261437030073,619.0,617.0,616.0,612.0,604.0,588.0
1.51,369.716894468257,5.06329113924051,230_4,stick1,0.0,0.03,0.0,0.032,5.0,0.015,0.016,157.0155897270964,157.0155897270964,157.0155897270964,27.81977619748942,30.452979490761543,157.03291198997567,157.03291198997567,157.03291198997567,790.0,790.0,787.0,782.0,775.0,750.0
1.51,407.012052428574,4.4280442804428,230_4,stick1,0.0,0.03,0.0,0.032,5.0,0.015,0.016,157.01600198313545,157.01600198313545,157.01600198313545,27.81977619748942,30.452979490761543,157.03332424601473,157.03332424601473,157.03332424601473,814.0,813.0,811.0,808.0,802.0,777.0
1.58,304.492080411607,4.7180667433832,230_4,stick1,0.0,0.03,0.0,0.032,5.0,0.015,0.016,157.0163593013899,157.0163593013899,157.0163593013899,27.81977619748942,30.452979490761543,157.0336815642692,157.0336815642692,157.0336815642692,870.0,869.0,867.0,864.0,858.0,828.0
1.52,447.515728886904,5.1487414187643,230_4,stick1,0.0,0.03,0.0,0.032,5.0,0.015,0.016,157.01668102338348,157.01668102338348,157.01668102338348,27.81977619748942,30.452979490761543,157.03400328626276,157.03400328626276,157.03400328626276,878.0,874.0,873.0,869.0,862.0,829.0
1.53,312.902315905608,6.6577896138482,230_4,stick1,0.0,0.03,0.0,0.032,5.0,0.015,0.016,157.0171284130472,157.0171284130472,157.0171284130472,27.81977619748942,30.452979490761543,157.03445067592648,157.03445067592648,157.03445067592648,752.0,751.0,750.0,744.0,733.0,701.0
1.52,429.323979423943,5.16605166051661,230_4,stick1,0.0,0.03,0.0,0.032,5.0,0.015,0.016,157.0174244726724,157.0174244726724,157.0174244726724,27.81977619748942,30.452979490761543,157.03474673555166,157.03474673555166,157.03474673555166,816.0,813.0,813.0,805.0,794.0,771.0
1.53,470.937448002158,5.33175355450237,230_4,stick1,0.0,0.03,0.0,0.032,5.0,0.015,0.016,157.01777198572293,157.01777198572293,157.01777198572293,27.81977619748942,30.452979490761543,157.0350942486022,157.0350942486022,157.0350942486022,846.0,844.0,838.0,835.0,829.0,799.0
1.55,366.814115202041,7.53768844221106,230_4,stick1,0.0,0.03,0.0,0.032,5.0,0.015,0.016,157.0182586583655,157.0182586583655,157.0182586583655,27.81977619748942,30.452979490761543,157.0355809212448,157.0355809212448,157.0355809212448,800.0,796.0,793.0,791.0,778.0,736.0
1.53,387.925220578675,5.48271752085816,230_4,stick1,0.0,0.03,0.0,0.032,5.0,0.015,0.016,157.0185929830929,157.0185929830929,157.0185929830929,27.81977619748942,30.452979490761543,157.03591524597218,157.03591524597218,157.03591524597218,841.0,839.0,837.0,833.0,821.0,793.0
1.51,395.2818404474,5.47588005215124,230_4,stick1,0.0,0.03,0.0,0.032,5.0,0.015,0.016,157.01889097774009,157.01889097774009,157.01889097774009,27.81977619748942,30.452979490761543,157.03621324061936,157.03621324061936,157.03621324061936,770.0,767.0,764.0,759.0,746.0,725.0
1.52,379.165747511591,4.18006430868167,230_4,stick1,0.0,0.03,0.0,0.032,5.0,0.015,0.016,157.01919292936242,157.01919292936242,157.01919292936242,27.81977619748942,30.452979490761543,157.0365151922417,157.0365151922417,157.0365151922417,623.0,622.0,618.0,615.0,612.0,596.0
1.56,397.430927975308,6.28654970760234,230_4,stick1,0.0,0.03,0.0,0.032,5.0,0.015,0.016,157.01955556851,157.01955556851,157.01955556851,27.81977619748942,30.452979490761543,157.03687783138926,157.03687783138926,157.03687783138926,685.0,684.0,684.0,680.0,669.0,641.0
1.56,411.367263601805,4.84472049689441,230_4,stick1,0.0,0.03,0.0,0.032,5.0,0.015,0.016,157.01989795471013,157.01989795471013,157.01989795471013,27.81977619748942,30.452979490761543,157.0372202175894,157.0372202175894,157.0372202175894,808.0,805.0,803.0,798.0,790.0,766.0
1.53,291.810101605243,4.95185694635488,230_4,stick1,0.0,0.03,0.0,0.032,5.0,0.015,0.016,157.0202590462852,157.0202590462852,157.0202590462852,27.81977619748942,30.452979490761543,157.03758130916447,157.03758130916447,157.03758130916447,727.0,727.0,726.0,723.0,714.0,691.0
1.52,373.433444202964,5.95533498759305,230_4,stick1,0.0,0.03,0.0,0.032,5.0,0.015,0.016,157.02065818346256,157.02065818346256,157.02065818346256,27.81977619748942,30.452979490761543,157.03798044634183,157.03798044634183,157.03798044634183,809.0,806.0,802.0,800.0,789.0,758.0
1.52,288.451589075351,4.09638554216868,230_4,stick1,0.0,0.03,0.0,0.032,5.0,0.015,0.016,157.02106318331712,157.02106318331712,157.02106318331712,27.81977619748942,30.452979490761543,157.0383854461964,157.0383854461964,157.0383854461964,830.0,830.0,830.0,825.0,817.0,796.0
1.58,259.193410583482,4.84076433121019,230_4,stick1,0.0,0.03,0.0,0.032,5.0,0.015,0.016,157.02136361643383,157.02136361643383,157.02136361643383,27.81977619748942,30.452979490761543,157.0386858793131,157.0386858793131,157.0386858793131,788.0,785.0,785.0,782.0,774.0,747.0
1.51,305.129637959239,5.00544069640914,230_4,stick1,0.0,0.03,0.0,0.032,5.0,0.015,0.016,157.0217528521887,157.0217528521887,157.0217528521887,27.81977619748942,30.452979490761543,157.039075115068,157.039075115068,157.039075115068,922.0,919.0,919.0,917.0,911.0,873.0
1.56,195.673502039899,3.16666666666667,230_4,stick1,0.0,0.03,0.0,0.032,5.0,0.015,0.016,157.02206393720832,157.02206393720832,157.02206393720832,27.81977619748942,30.452979490761543,157.0393862000876,157.0393862000876,157.0393862000876,601.0,600.0,600.0,597.0,592.0,581.0
1.56,365.317052175433,4.14847161572052,230_4,stick1,0.0,0.03,0.0,0.032,5.0,0.015,0.016,157.02236498527074,157.02236498527074,157.02236498527074,27.81977619748942,30.452979490761543,157.03968724815002,157.03968724815002,157.03968724815002,920.0,916.0,914.0,910.0,902.0,878.0
1.65,234.659373051672,4.96551724137931,230_4,stick1,0.0,0.03,0.0,0.032,5.0,0.015,0.016,157.0227306562152,157.0227306562152,157.0227306562152,27.81977619748942,30.452979490761543,157.04005291909448,157.04005291909448,157.04005291909448,728.0,725.0,725.0,721.0,716.0,689.0
1.57,323.562784677144,5.54838709677419,230_4,stick1,0.0,0.03,0.0,0.032,5.0,0.015,0.016,157.02302870895173,157.02302870895173,157.02302870895173,27.81977619748942,30.452979490761543,157.040350971831,157.040350971831,157.040350971831,778.0,775.0,775.0,769.0,760.0,732.0
1.56,383.750681722462,5.08108108108108,230_4,stick1,0.0,0.03,0.0,0.032,5.0,0.015,0.016,157.0233418427331,157.0233418427331,157.0233418427331,27.81977619748942,30.452979490761543,157.04066410561236,157.04066410561236,157.04066410561236,927.0,925.0,923.0,920.0,909.0,878.0
1.57,373.877752346402,5.21642619311876,230_4,stick1,0.0,0.03,0.0,0.032,5.0,0.015,0.016,157.0238006124005,157.0238006124005,157.0238006124005,27.81977619748942,30.452979490761543,157.04112287527977,157.04112287527977,157.04112287527977,904.0,901.0,898.0,895.0,886.0,854.0
1.56,350.713955647253,4.34782608695652,230_4,stick1,0.0,0.03,0.0,0.032,5.0,0.015,0.016,157.02409560313978,157.02409560313978,157.02409560313978,27.81977619748942,30.452979490761543,157.04141786601906,157.04141786601906,157.04141786601906,761.0,759.0,757.0,754.0,748.0,726.0
1.53,483.414742537302,4.96688741721854,230_4,stick1,0.0,0.03,0.0,0.032,5.0,0.015,0.016,157.02442480185297,157.02442480185297,157.02442480185297,27.81977619748942,30.452979490761543,157.04174706473225,157.04174706473225,157.04174706473225,907.0,906.0,903.0,897.0,886.0,861.0
1.56,341.250414737215,6.24203821656051,230_4,stick1,0.0,0.03,0.0,0.032,5.0,0.015,0.016,157.02486708633916,157.02486708633916,157.02486708633916,27.81977619748942,30.452979490761543,157.04218934921843,157.04218934921843,157.04218934921843,785.0,785.0,781.0,776.0,766.0,736.0
1.53,358.092310410361,5.62060889929742,230_4,stick1,0.0,0.03,0.0,0.032,5.0,0.015,0.016,157.02516737919294,157.02516737919294,157.02516737919294,27.81977619748942,30.452979490761543,157.0424896420722,157.0424896420722,157.0424896420722,855.0,854.0,853.0,849.0,839.0,806.0
1.51,743.501863814704,5.18763796909492,230_4,stick1,0.0,0.03,0.0,0.032,5.0,0.015,0.016,157.02546489848177,157.02546489848177,157.02546489848177,27.81977619748942,30.452979490761543,157.04278716136105,157.04278716136105,157.04278716136105,906.0,906.0,903.0,895.0,886.0,859.0
1.53,340.167321179524,3.23624595469256,230_4,stick1,0.0,0.03,0.0,0.032,5.0,0.015,0.016,157.0258190109097,157.0258190109097,157.0258190109097,27.81977619748942,30.452979490761543,157.04314127378896,157.04314127378896,157.04314127378896,621.0,618.0,615.0,614.0,608.0,598.0
1.56,300.750761919629,5.68990042674253,230_4,stick1,0.0,0.03,0.0,0.032,5.0,0.015,0.016,157.02616146294517,157.02616146294517,157.02616146294517,27.81977619748942,30.452979490761543,157.04348372582444,157.04348372582444,157.04348372582444,705.0,703.0,702.0,701.0,696.0,663.0
1.5,277.32833466814,5.23751522533496,230_4,stick1,0.0,0.03,0.0,0.032,5.0,0.015,0.016,157.02660312199197,157.02660312199197,157.02660312199197,27.81977619748942,30.452979490761543,157.04392538487124,157.04392538487124,157.04392538487124,825.0,821.0,819.0,817.0,806.0,778.0
1.51,335.182168146114,4.91803278688525,230_4,stick1,0.0,0.03,0.0,0.032,5.0,0.015,0.016,157.02693324710103,157.02693324710103,157.02693324710103,27.81977619748942,30.452979490761543,157.0442555099803,157.0442555099803,157.0442555099803,795.0,793.0,793.0,788.0,776.0,754.0
1.5,458.666633614479,4.85933503836317,230_4,stick1,0.0,0.03,0.0,0.032,5.0,0.015,0.016,157.02723040668397,157.02723040668397,157.02723040668397,27.81977619748942,30.452979490761543,157.04455266956325,157.04455266956325,157.04455266956325,784.0,782.0,779.0,776.0,767.0,744.0
1.51,345.219716206133,4.35835351089588,230_4,stick1,0.0,0.03,0.0,0.032,5.0,0.015,0.016,157.02770917043716,157.02770917043716,157.02770917043716,27.81977619748942,30.452979490761543,157.04503143331644,157.04503143331644,157.04503143331644,827.0,826.0,823.0,817.0,813.0,790.0
1.5,434.389940256769,5.72916666666667,230_4,stick1,0.0,0.03,0.0,0.032,5.0,0.015,0.016,157.02805379048658,157.02805379048658,157.02805379048658,27.81977619748942,30.452979490761543,157.04537605336586,157.04537605336586,157.04537605336586,769.0,768.0,766.0,761.0,755.0,724.0
1.48,388.921605236529,4.77897252090801,230_4,stick1,0.0,0.03,0.0,0.032,5.0,0.015,0.016,157.02837952949398,157.02837952949398,157.02837952949398,27.81977619748942,30.452979490761543,157.04570179237325,157.04570179237325,157.04570179237325,838.0,837.0,835.0,831.0,822.0,797.0
1.5,316.941191349772,4.858934169279,230_4,stick1,0.0,0.03,0.0,0.032,5.0,0.015,0.016,157.0287242465163,157.0287242465163,157.0287242465163,27.81977619748942,30.452979490761543,157.04604650939558,157.04604650939558,157.04604650939558,641.0,638.0,636.0,633.0,624.0,607.0
1.5,412.928968600287,4.45783132530121,230_4,stick1,0.0,0.03,0.0,0.032,5.0,0.015,0.016,157.02909734043357,157.02909734043357,157.02909734043357,27.81977619748942,30.452979490761543,157.04641960331284,157.04641960331284,157.04641960331284,832.0,830.0,828.0,821.0,814.0,793.0
1.53,332.080393239813,5.39273153575615,230_4,stick1,0.0,0.03,0.0,0.032,5.0,0.015,0.016,157.02952131648814,157.02952131648814,157.02952131648814,27.81977619748942,30.452979490761543,157.04684357936742,157.04684357936742,157.04684357936742,855.0,853.0,851.0,846.0,832.0,807.0
1.5,648.788094089165,6.10859728506787,230_4,stick1,0.0,0.03,0.0,0.032,5.0,0.015,0.016,157.0298639450632,157.0298639450632,157.0298639450632,27.81977619748942,30.452979490761543,157.04718620794247,157.04718620794247,157.04718620794247,888.0,884.0,880.0,874.0,855.0,830.0
1.49,710.846409657915,6.93333333333333,230_4,stick1,0.0,0.03,0.0,0.032,5.0,0.015,0.016,157.03005211923318,157.03005211923318,157.03005211923318,27.81977619748942,30.452979490761543,157.04737438211245,157.04737438211245,157.04737438211245,1133.0,1125.0,1120.0,1107.0,1093.0,1047.0
1.5,452.651120376301,6.01226993865031,230_4,stick1,0.0,0.03,0.0,0.032,5.0,0.015,0.016,157.03024193260592,157.03024193260592,157.03024193260592,27.81977619748942,30.452979490761543,157.0475641954852,157.0475641954852,157.0475641954852,822.0,815.0,812.0,805.0,800.0,766.0
1.5,728.257367154535,6.82392586352148,230_4,stick1,0.0,0.03,0.0,0.032,5.0,0.015,0.016,157.03043064516902,157.03043064516902,157.03043064516902,27.81977619748942,30.452979490761543,157.0477529080483,157.0477529080483,157.0477529080483,1194.0,1187.0,1181.0,1170.0,1149.0,1106.0
1.47,402.544200323579,4.58715596330275,230_4,stick1,0.0,0.03,0.0,0.032,5.0,0.015,0.016,157.03062289971325,157.03062289971325,157.03062289971325,27.81977619748942,30.452979490761543,157.04794516259253,157.04794516259253,157.04794516259253,985.0,981.0,979.0,974.0,961.0,936.0
1.5,751.035979324892,6.4957264957265,230_4,stick1,0.0,0.03,0.0,0.032,5.0,0.015,0.016,157.030812986499,157.030812986499,157.030812986499,27.81977619748942,30.452979490761543,157.04813524937828,157.04813524937828,157.04813524937828,1176.0,1170.0,1164.0,1160.0,1143.0,1094.0
1.41,754.252363455504,4.84126984126984,230_4,stick1,0.0,0.03,0.0,0.032,5.0,0.015,0.016,157.03104245872052,157.03104245872052,157.03104245872052,27.81977619748942,30.452979490761543,157.0483647215998,157.0483647215998,157.0483647215998,1263.0,1260.0,1254.0,1247.0,1237.0,1199.0
1.47,485.425982277002,5.47409579667644,230_4,stick1,0.0,0.03,0.0,0.032,5.0,0.015,0.016,157.03123032657737,157.03123032657737,157.03123032657737,27.81977619748942,30.452979490761543,157.04855258945665,157.04855258945665,157.04855258945665,1029.0,1023.0,1020.0,1015.0,1003.0,967.0
1.45,772.825198955411,6.24417520969245,230_4,stick1,0.0,0.03,0.0,0.032,5.0,0.015,0.016,157.03142152743726,157.03142152743726,157.03142152743726,27.81977619748942,30.452979490761543,157.04874379031654,157.04874379031654,157.04874379031654,1077.0,1073.0,1065.0,1058.0,1047.0,1006.0
1.49,403.975748513375,7.03781512605042,230_4,stick1,0.0,0.03,0.0,0.032,5.0,0.015,0.016,157.03161051363787,157.03161051363787,157.03161051363787,27.81977619748942,30.452979490761543,157.04893277651715,157.04893277651715,157.04893277651715,953.0,952.0,952.0,948.0,936.0,885.0
1.45,808.16692616693,7.41733690795353,230_4,stick1,0.0,0.03,0.0,0.032,5.0,0.015,0.016,157.03179950028468,157.03179950028468,157.03179950028468,27.81977619748942,30.452979490761543,157.04912176316395,157.04912176316395,157.04912176316395,1124.0,1119.0,1118.0,1111.0,1088.0,1036.0
1.42,412.583345960105,5.12315270935961,230_4,stick1,0.0,0.03,0.0,0.032,5.0,0.015,0.016,157.03203004359614,157.03203004359614,157.03203004359614,27.81977619748942,30.452979490761543,157.0493523064754,157.0493523064754,157.0493523064754,1022.0,1015.0,1014.0,1007.0,994.0,963.0
1.45,498.141283745731,5.17423442449842,230_4,stick1,0.0,0.03,0.0,0.032,5.0,0.015,0.016,157.03222094190951,157.03222094190951,157.03222094190951,27.81977619748942,30.452979490761543,157.0495432047888,157.0495432047888,157.0495432047888,952.0,947.0,944.0,940.0,927.0,898.0
1.45,641.710576645336,6.67320902845927,230_4,stick1,0.0,0.03,0.0,0.032,5.0,0.015,0.016,157.03241075069857,157.03241075069857,157.03241075069857,27.81977619748942,30.452979490761543,157.04973301357785,157.04973301357785,157.04973301357785,1021.0,1019.0,1014.0,1008.0,994.0,951.0
1.43,435.455563746979,4.70588235294118,230_4,stick1,0.0,0.03,0.0,0.032,5.0,0.015,0.016,157.03260080611162,157.03260080611162,157.03260080611162,27.81977619748942,30.452979490761543,157.0499230689909,157.0499230689909,157.0499230689909,851.0,850.0,848.0,839.0,835.0,810.0
1.45,642.008437552169,6.4390243902439,230_4,stick1,0.0,0.03,0.0,0.032,5.0,0.015,0.016,157.03278789848417,157.03278789848417,157.03278789848417,27.81977619748942,30.452979490761543,157.05011016136345,157.05011016136345,157.05011016136345,1026.0,1025.0,1019.0,1014.0,996.0,959.0
1.46,385.478317274951,6.31970260223048,230_4,stick1,0.0,0.03,0.0,0.032,5.0,0.015,0.016,157.0329798871526,157.0329798871526,157.0329798871526,27.81977619748942,30.452979490761543,157.05030215003188,157.05030215003188,157.05030215003188,809.0,807.0,805.0,801.0,789.0,756.0
1.46,592.956111716974,6.1262959472196,230_4,stick1,0.0,0.03,0.0,0.032,5.0,0.015,0.016,157.0331677804012,157.0331677804012,157.0331677804012,27.81977619748942,30.452979490761543,157.05049004328046,157.05049004328046,157.05049004328046,1065.0,1061.0,1057.0,1055.0,1042.0,996.0
1.42,673.381411196098,7.04070407040704,230_4,stick1,0.0,0.03,0.0,0.032,5.0,0.015,0.016,157.0334013402098,157.0334013402098,157.0334013402098,27.81977619748942,30.452979490761543,157.05072360308907,157.05072360308907,157.05072360308907,916.0,909.0,903.0,900.0,888.0,845.0
1.47,1032.70187519251,6.19469026548673,230_4,stick1,0.0,0.03,0.0,0.032,5.0,0.015,0.016,157.03358704905196,157.03358704905196,157.03358704905196,27.81977619748942,30.452979490761543,157.05090931193124,157.05090931193124,157.05090931193124,681.0,678.0,678.0,673.0,665.0,636.0
1.45,166.909603502754,9.12863070539419,230_4,stick1,0.0,0.03,0.0,0.032,5.0,0.015,0.016,157.03382115218974,157.03382115218974,157.03382115218974,27.81977619748942,30.452979490761543,157.05114341506902,157.05114341506902,157.05114341506902,243.0,241.0,240.0,238.0,234.0,219.0
1.47,587.03561504027,5.16351118760757,230_4,stick1,0.0,0.03,0.0,0.032,5.0,0.015,0.016,157.0340109639181,157.0340109639181,157.0340109639181,27.81977619748942,30.452979490761543,157.05133322679737,157.05133322679737,157.05133322679737,583.0,581.0,581.0,581.0,575.0,551.0
1.53,773.084929166266,6.0,230_4,stick1,0.0,0.03,0.0,0.032,5.0,0.015,0.016,157.03442996267387,157.03442996267387,157.03442996267387,27.81977619748942,30.452979490761543,157.05175222555314,157.05175222555314,157.05175222555314,451.0,450.0,449.0,444.0,438.0,423.0
1.61,215.994146676085,5.18358531317495,230_4,stick1,0.0,0.03,0.0,0.032,5.0,0.015,0.016,157.0346205951432,157.0346205951432,157.0346205951432,27.81977619748942,30.452979490761543,157.05194285802247,157.05194285802247,157.05194285802247,465.0,463.0,462.0,460.0,456.0,439.0
1.7,702.830068505242,7.51269035532995,230_4,stick1,0.0,0.03,0.0,0.032,5.0,0.015,0.016,157.03481064936943,157.03481064936943,157.03481064936943,27.81977619748942,30.452979490761543,157.0521329122487,157.0521329122487,157.0521329122487,989.0,985.0,981.0,977.0,961.0,911.0
1.99,742.921775800109,7.55148741418764,230_4,stick1,0.0,0.03,0.0,0.032,5.0,0.015,0.016,157.03508280624786,157.03508280624786,157.03508280624786,27.81977619748942,30.452979490761543,157.05240506912713,157.05240506912713,157.05240506912713,1315.0,1311.0,1303.0,1291.0,1275.0,1212.0
2.24,758.272734341787,7.82548476454294,230_4,stick1,0.0,0.03,0.0,0.032,5.0,0.015,0.016,157.0353158238043,157.0353158238043,157.0353158238043,27.81977619748942,30.452979490761543,157.05263808668357,157.05263808668357,157.05263808668357,1451.0,1444.0,1440.0,1428.0,1404.0,1331.0
2.38,734.574784644529,6.86922060766182,230_4,stick1,0.0,0.03,0.0,0.032,5.0,0.015,0.016,157.03554910887996,157.03554910887996,157.03554910887996,27.81977619748942,30.452979490761543,157.05287137175924,157.05287137175924,157.05287137175924,1532.0,1514.0,1507.0,1498.0,1477.0,1410.0
2.39,907.24180173779,9.67472894078399,230_4,stick1,0.0,0.03,0.0,0.032,5.0,0.015,0.016,157.03578047713688,157.03578047713688,157.03578047713688,27.81977619748942,30.452979490761543,157.05310274001616,157.05310274001616,157.05310274001616,1209.0,1199.0,1194.0,1185.0,1160.0,1083.0
2.43,738.775774422215,7.14285714285714,230_4,stick1,0.0,0.03,0.0,0.032,5.0,0.015,0.016,157.03596837369793,157.03596837369793,157.03596837369793,27.81977619748942,30.452979490761543,157.0532906365772,157.0532906365772,157.0532906365772,1225.0,1218.0,1215.0,1207.0,1183.0,1131.0
2.47,843.717700187962,7.57002271006813,230_4,stick1,0.0,0.03,0.0,0.032,5.0,0.015,0.016,157.03620167347333,157.03620167347333,157.03620167347333,27.81977619748942,30.452979490761543,157.0535239363526,157.0535239363526,157.0535239363526,1327.0,1321.0,1315.0,1306.0,1282.0,1221.0
,,,230_4,stick1,0.0,0.03,0.0,0.032,5.0,0.015,0.016,157.03639148612965,157.03639148612965,157.03639148612965,27.81977619748942,30.452979490761543,157.05371374900892,157.05371374900892,157.05371374900892,0.0,0.0,0.0,0.0,0.0,0.0
,,,230_4,stick1,0.0,0.03,0.0,0.032,5.0,0.015,0.016,157.03658018067264,157.03658018067264,157.03658018067264,27.81977619748942,30.452979490761543,157.05390244355192,157.05390244355192,157.05390244355192,0.0,0.0,0.0,0.0,0.0,0.0
,,,230_4,stick1,0.0,0.03,0.0,0.032,5.0,0.015,0.016,157.03681263537456,157.03681263537456,157.03681263537456,27.81977619748942,30.452979490761543,157.05413489825384,157.05413489825384,157.05413489825384,0.0,0.0,0.0,0.0,0.0,0.0
,,,230_4,stick1,0.0,0.03,0.0,0.032,5.0,0.015,0.016,157.03700001927777,157.03700001927777,157.03700001927777,27.81977619748942,30.452979490761543,157.05432228215705,157.05432228215705,157.05432228215705,0.0,0.0,0.0,0.0,0.0,0.0
2.0,0.0,,230_4,stick2,0.031,0.061,0.0,0.032,6.0,0.046,0.016,156.81731731217164,156.81731731217164,156.81731731217164,27.81977619748942,30.452979490761543,156.85099769774084,156.85099769774084,156.85099769774084,0.0,0.0,0.0,0.0,0.0,0.0
2.01,0.0,,230_4,stick2,0.031,0.061,0.0,0.032,6.0,0.046,0.016,156.81766713762548,156.81766713762548,156.81766713762548,27.81977619748942,30.452979490761543,156.85134752319468,156.85134752319468,156.85134752319468,0.0,0.0,0.0,0.0,0.0,0.0
2.01,0.0,,230_4,stick2,0.031,0.061,0.0,0.032,6.0,0.046,0.016,156.81813243730136,156.81813243730136,156.81813243730136,27.81977619748942,30.452979490761543,156.85181282287056,156.85181282287056,156.85181282287056,0.0,0.0,0.0,0.0,0.0,0.0
2.0,0.0,,230_4,stick2,0.031,0.061,0.0,0.032,6.0,0.046,0.016,156.81906235268934,156.81906235268934,156.81906235268934,27.81977619748942,30.452979490761543,156.85274273825854,156.85274273825854,156.85274273825854,0.0,0.0,0.0,0.0,0.0,0.0
2.01,60.8507940292665,3.35570469798658,230_4,stick2,0.031,0.061,0.0,0.032,6.0,0.046,0.016,156.81939741245895,156.81939741245895,156.81939741245895,27.81977619748942,30.452979490761543,156.85307779802815,156.85307779802815,156.85307779802815,150.0,149.0,149.0,149.0,149.0,144.0
2.01,444.719105832368,4.0,230_4,stick2,0.031,0.061,0.0,0.032,6.0,0.046,0.016,156.81964760245452,156.81964760245452,156.81964760245452,27.81977619748942,30.452979490761543,156.85332798802372,156.85332798802372,156.85332798802372,325.0,325.0,325.0,322.0,320.0,312.0
2.01,342.506317104718,6.13718411552347,230_4,stick2,0.031,0.061,0.0,0.032,6.0,0.046,0.016,156.81987617178203,156.81987617178203,156.81987617178203,27.81977619748942,30.452979490761543,156.85355655735123,156.85355655735123,156.85355655735123,277.0,277.0,276.0,274.0,269.0,260.0
2.0,356.501320926223,6.30252100840336,230_4,stick2,0.031,0.061,0.0,0.032,6.0,0.046,0.016,156.82009566139766,156.82009566139766,156.82009566139766,27.81977619748942,30.452979490761543,156.85377604696686,156.85377604696686,156.85377604696686,239.0,238.0,237.0,235.0,232.0,223.0
2.0,378.467528419418,4.3731778425656,230_4,stick2,0.031,0.061,0.0,0.032,6.0,0.046,0.016,156.82041347633583,156.82041347633583,156.82041347633583,27.81977619748942,30.452979490761543,156.85409386190503,156.85409386190503,156.85409386190503,343.0,343.0,343.0,343.0,340.0,328.0
2.0,93.1755302168155,4.97737556561086,230_4,stick2,0.031,0.061,0.0,0.032,6.0,0.046,0.016,156.82069867730775,156.82069867730775,156.82069867730775,27.81977619748942,30.452979490761543,156.85437906287694,156.85437906287694,156.85437906287694,221.0,221.0,220.0,218.0,217.0,210.0
1.98,137.441037348417,5.0131926121372,230_4,stick2,0.031,0.061,0.0,0.032,6.0,0.046,0.016,156.82094714367508,156.82094714367508,156.82094714367508,27.81977619748942,30.452979490761543,156.85462752924428,156.85462752924428,156.85462752924428,379.0,379.0,378.0,376.0,373.0,360.0
1.98,489.578750412554,5.26315789473684,230_4,stick2,0.031,0.061,0.0,0.032,6.0,0.046,0.016,156.821218951222,156.821218951222,156.821218951222,27.81977619748942,30.452979490761543,156.8548993367912,156.8548993367912,156.8548993367912,361.0,361.0,360.0,357.0,354.0,342.0
1.96,209.455143250095,3.38164251207729,230_4,stick2,0.031,0.061,0.0,0.032,6.0,0.046,0.016,156.82149711749457,156.82149711749457,156.82149711749457,27.81977619748942,30.452979490761543,156.85517750306377,156.85517750306377,156.85517750306377,414.0,414.0,414.0,413.0,412.0,400.0
1.96,920.690423173756,5.8252427184466,230_4,stick2,0.031,0.061,0.0,0.032,6.0,0.046,0.016,156.82180720576642,156.82180720576642,156.82180720576642,27.81977619748942,30.452979490761543,156.85548759133562,156.85548759133562,156.85548759133562,515.0,515.0,514.0,513.0,507.0,485.0
1.95,434.310866103469,6.12535612535613,230_4,stick2,0.031,0.061,0.0,0.032,6.0,0.046,0.016,156.82206770958314,156.82206770958314,156.82206770958314,27.81977619748942,30.452979490761543,156.85574809515234,156.85574809515234,156.85574809515234,703.0,702.0,702.0,699.0,694.0,659.0
1.95,1068.90001320253,6.70995670995671,230_4,stick2,0.031,0.061,0.0,0.032,6.0,0.046,0.016,156.82234958191592,156.82234958191592,156.82234958191592,27.81977619748942,30.452979490761543,156.8560299674851,156.8560299674851,156.8560299674851,462.0,462.0,462.0,460.0,449.0,431.0
1.93,657.411471599274,6.21019108280255,230_4,stick2,0.031,0.061,0.0,0.032,6.0,0.046,0.016,156.8226615291579,156.8226615291579,156.8226615291579,27.81977619748942,30.452979490761543,156.8563419147271,156.8563419147271,156.8563419147271,628.0,628.0,627.0,627.0,619.0,589.0
1.93,235.187774109749,6.38297872340426,230_4,stick2,0.031,0.061,0.0,0.032,6.0,0.046,0.016,156.8229669161842,156.8229669161842,156.8229669161842,27.81977619748942,30.452979490761543,156.8566473017534,156.8566473017534,156.8566473017534,376.0,376.0,373.0,372.0,369.0,352.0
1.91,294.196496244886,4.38095238095238,230_4,stick2,0.031,0.061,0.0,0.032,6.0,0.046,0.016,156.8232597196381,156.8232597196381,156.8232597196381,27.81977619748942,30.452979490761543,156.8569401052073,156.8569401052073,156.8569401052073,525.0,525.0,523.0,522.0,518.0,502.0
1.91,759.618407104022,5.82120582120582,230_4,stick2,0.031,0.061,0.0,0.032,6.0,0.046,0.016,156.82347421514658,156.82347421514658,156.82347421514658,27.81977619748942,30.452979490761543,156.85715460071577,156.85715460071577,156.85715460071577,481.0,481.0,481.0,480.0,474.0,453.0
1.9,258.256033852917,5.75539568345324,230_4,stick2,0.031,0.061,0.0,0.032,6.0,0.046,0.016,156.82428460671053,156.82428460671053,156.82428460671053,27.81977619748942,30.452979490761543,156.85796499227973,156.85796499227973,156.85796499227973,417.0,417.0,417.0,417.0,411.0,393.0
1.9,637.059941720371,8.09968847352025,230_4,stick2,0.031,0.061,0.0,0.032,6.0,0.046,0.016,156.82453152062678,156.82453152062678,156.82453152062678,27.81977619748942,30.452979490761543,156.85821190619598,156.85821190619598,156.85821190619598,321.0,321.0,320.0,319.0,314.0,295.0
1.9,82.1171357625764,2.92553191489362,230_4,stick2,0.031,0.061,0.0,0.032,6.0,0.046,0.016,156.8248155714014,156.8248155714014,156.8248155714014,27.81977619748942,30.452979490761543,156.8584959569706,156.8584959569706,156.8584959569706,376.0,376.0,376.0,374.0,373.0,365.0
1.9,195.403082418955,5.69620253164557,230_4,stick2,0.031,0.061,0.0,0.032,6.0,0.046,0.016,156.8251178709003,156.8251178709003,156.8251178709003,27.81977619748942,30.452979490761543,156.8587982564695,156.8587982564695,156.8587982564695,475.0,474.0,473.0,471.0,466.0,447.0
1.91,168.800984378471,3.21637426900585,230_4,stick2,0.031,0.061,0.0,0.032,6.0,0.046,0.016,156.82534644358435,156.82534644358435,156.82534644358435,27.81977619748942,30.452979490761543,156.85902682915355,156.85902682915355,156.85902682915355,343.0,342.0,342.0,341.0,338.0,331.0
1.91,417.336114492069,6.42398286937901,230_4,stick2,0.031,0.061,0.0,0.032,6.0,0.046,0.016,156.8256067626727,156.8256067626727,156.8256067626727,27.81977619748942,30.452979490761543,156.8592871482419,156.8592871482419,156.8592871482419,468.0,467.0,466.0,465.0,461.0,437.0
1.98,619.476624909744,4.59893048128342,230_4,stick2,0.031,0.061,0.0,0.032,6.0,0.046,0.016,156.82620909106234,156.82620909106234,156.82620909106234,27.81977619748942,30.452979490761543,156.85988947663154,156.85988947663154,156.85988947663154,935.0,935.0,935.0,933.0,926.0,892.0
1.98,200.571249726216,3.71428571428571,230_4,stick2,0.031,0.061,0.0,0.032,6.0,0.046,0.016,156.82651366748235,156.82651366748235,156.82651366748235,27.81977619748942,30.452979490761543,156.86019405305154,156.86019405305154,156.86019405305154,350.0,350.0,348.0,347.0,345.0,337.0
2.0,484.963325813877,3.54906054279749,230_4,stick2,0.031,0.061,0.0,0.032,6.0,0.046,0.016,156.8268089103543,156.8268089103543,156.8268089103543,27.81977619748942,30.452979490761543,156.8604892959235,156.8604892959235,156.8604892959235,479.0,479.0,479.0,476.0,471.0,462.0
2.01,413.871563548454,4.3956043956044,230_4,stick2,0.031,0.061,0.0,0.032,6.0,0.046,0.016,156.82697352412927,156.82697352412927,156.82697352412927,27.81977619748942,30.452979490761543,156.86065390969847,156.86065390969847,156.86065390969847,455.0,455.0,455.0,454.0,448.0,435.0
2.03,701.979508397509,8.67579908675799,230_4,stick2,0.031,0.061,0.0,0.032,6.0,0.046,0.016,156.82726189292424,156.82726189292424,156.82726189292424,27.81977619748942,30.452979490761543,156.86094227849344,156.86094227849344,156.86094227849344,439.0,438.0,438.0,435.0,423.0,400.0
2.03,107.486254915716,5.20833333333333,230_4,stick2,0.031,0.061,0.0,0.032,6.0,0.046,0.016,156.82747474583977,156.82747474583977,156.82747474583977,27.81977619748942,30.452979490761543,156.86115513140896,156.86115513140896,156.86115513140896,384.0,384.0,382.0,382.0,381.0,364.0
2.05,397.512827893289,6.6193853427896,230_4,stick2,0.031,0.061,0.0,0.032,6.0,0.046,0.016,156.8282637999416,156.8282637999416,156.8282637999416,27.81977619748942,30.452979490761543,156.8619441855108,156.8619441855108,156.8619441855108,423.0,423.0,422.0,419.0,411.0,395.0
2.06,325.950993539631,2.60115606936416,230_4,stick2,0.031,0.061,0.0,0.032,6.0,0.046,0.016,156.8285576715963,156.8285576715963,156.8285576715963,27.81977619748942,30.452979490761543,156.86223805716548,156.86223805716548,156.86223805716548,347.0,346.0,345.0,344.0,343.0,337.0
2.06,370.751756977529,6.66666666666667,230_4,stick2,0.031,0.061,0.0,0.032,6.0,0.046,0.016,156.82911968982683,156.82911968982683,156.82911968982683,27.81977619748942,30.452979490761543,156.86280007539602,156.86280007539602,156.86280007539602,480.0,480.0,480.0,477.0,471.0,448.0
2.05,273.228019001862,6.54205607476636,230_4,stick2,0.031,0.061,0.0,0.032,6.0,0.046,0.016,156.8293689021132,156.8293689021132,156.8293689021132,27.81977619748942,30.452979490761543,156.8630492876824,156.8630492876824,156.8630492876824,322.0,321.0,321.0,317.0,316.0,300.0
2.03,517.282001081809,5.51558752997602,230_4,stick2,0.031,0.061,0.0,0.032,6.0,0.046,0.016,156.8295815410262,156.8295815410262,156.8295815410262,27.81977619748942,30.452979490761543,156.86326192659538,156.86326192659538,156.86326192659538,417.0,417.0,415.0,412.0,409.0,394.0
1.98,355.886289854982,4.92610837438424,230_4,stick2,0.031,0.061,0.0,0.032,6.0,0.046,0.016,156.83015987308391,156.83015987308391,156.83015987308391,27.81977619748942,30.452979490761543,156.8638402586531,156.8638402586531,156.8638402586531,1015.0,1015.0,1014.0,1005.0,994.0,965.0
1.96,243.643184258597,6.02739726027397,230_4,stick2,0.031,0.061,0.0,0.032,6.0,0.046,0.016,156.8304017252997,156.8304017252997,156.8304017252997,27.81977619748942,30.452979490761543,156.8640821108689,156.8640821108689,156.8640821108689,365.0,365.0,365.0,364.0,361.0,343.0
1.95,185.235549938085,3.35195530726257,230_4,stick2,0.031,0.061,0.0,0.032,6.0,0.046,0.016,156.83061038924404,156.83061038924404,156.83061038924404,27.81977619748942,30.452979490761543,156.86429077481324,156.86429077481324,156.86429077481324,359.0,358.0,358.0,357.0,355.0,346.0
1.93,404.332117175408,4.86725663716814,230_4,stick2,0.031,0.061,0.0,0.032,6.0,0.046,0.016,156.83094286179582,156.83094286179582,156.83094286179582,27.81977619748942,30.452979490761543,156.86462324736502,156.86462324736502,156.86462324736502,453.0,452.0,451.0,451.0,447.0,430.0
1.91,358.301571758692,3.94366197183099,230_4,stick2,0.031,0.061,0.0,0.032,6.0,0.046,0.016,156.83110900829863,156.83110900829863,156.83110900829863,27.81977619748942,30.452979490761543,156.86478939386782,156.86478939386782,156.86478939386782,355.0,355.0,353.0,352.0,349.0,341.0
1.91,247.550084278487,5.53745928338762,230_4,stick2,0.031,0.061,0.0,0.032,6.0,0.046,0.016,156.8313092734286,156.8313092734286,156.8313092734286,27.81977619748942,30.452979490761543,156.86498965899779,156.86498965899779,156.86498965899779,307.0,307.0,307.0,306.0,298.0,290.0
1.91,539.511322790513,6.01092896174863,230_4,stick2,0.031,0.061,0.0,0.032,6.0,0.046,0.016,156.83161438571906,156.83161438571906,156.83161438571906,27.81977619748942,30.452979490761543,156.86529477128826,156.86529477128826,156.86529477128826,366.0,366.0,365.0,364.0,360.0,344.0
1.9,638.261634973963,5.51724137931035,230_4,stick2,0.031,0.061,0.0,0.032,6.0,0.046,0.016,156.8318969117593,156.8318969117593,156.8318969117593,27.81977619748942,30.452979490761543,156.86557729732849,156.86557729732849,156.86557729732849,435.0,435.0,434.0,432.0,420.0,411.0
1.9,220.481345710044,7.75193798449612,230_4,stick2,0.031,0.061,0.0,0.032,6.0,0.046,0.016,156.8321275412669,156.8321275412669,156.8321275412669,27.81977619748942,30.452979490761543,156.8658079268361,156.8658079268361,156.8658079268361,258.0,258.0,258.0,256.0,252.0,238.0
1.9,626.319597755022,5.35211267605634,230_4,stick2,0.031,0.061,0.0,0.032,6.0,0.046,0.016,156.83235197965158,156.83235197965158,156.83235197965158,27.81977619748942,30.452979490761543,156.86603236522078,156.86603236522078,156.86603236522078,356.0,355.0,354.0,354.0,349.0,336.0
1.9,407.54889576189,4.45859872611465,230_4,stick2,0.031,0.061,0.0,0.032,6.0,0.046,0.016,156.83261719127398,156.83261719127398,156.83261719127398,27.81977619748942,30.452979490761543,156.86629757684318,156.86629757684318,156.86629757684318,314.0,314.0,314.0,312.0,311.0,300.0
1.9,449.5611837996,4.89510489510489,230_4,stick2,0.031,0.061,0.0,0.032,6.0,0.046,0.016,156.83293324203612,156.83293324203612,156.83293324203612,27.81977619748942,30.452979490761543,156.86661362760532,156.86661362760532,156.86661362760532,286.0,286.0,286.0,283.0,280.0,272.0
1.9,299.011631139829,4.07523510971787,230_4,stick2,0.031,0.061,0.0,0.032,6.0,0.046,0.016,156.83318959943094,156.83318959943094,156.83318959943094,27.81977619748942,30.452979490761543,156.86686998500014,156.86686998500014,156.86686998500014,319.0,319.0,319.0,317.0,314.0,306.0
1.9,687.759663279748,4.02684563758389,230_4,stick2,0.031,0.061,0.0,0.032,6.0,0.046,0.016,156.8333588953029,156.8333588953029,156.8333588953029,27.81977619748942,30.452979490761543,156.8670392808721,156.8670392808721,156.8670392808721,298.0,298.0,295.0,294.0,294.0,286.0
1.9,260.499181364933,5.97014925373134,230_4,stick2,0.031,0.061,0.0,0.032,6.0,0.046,0.016,156.8336355876697,156.8336355876697,156.8336355876697,27.81977619748942,30.452979490761543,156.8673159732389,156.8673159732389,156.8673159732389,403.0,402.0,401.0,401.0,393.0,378.0
1.9,441.518074925436,6.87203791469194,230_4,stick2,0.031,0.061,0.0,0.032,6.0,0.046,0.016,156.83389197546566,156.83389197546566,156.83389197546566,27.81977619748942,30.452979490761543,156.86757236103486,156.86757236103486,156.86757236103486,422.0,422.0,420.0,415.0,409.0,393.0
1.89,119.057830644009,4.17754569190601,230_4,stick2,0.031,0.061,0.0,0.032,6.0,0.046,0.016,156.83414055475333,156.83414055475333,156.83414055475333,27.81977619748942,30.452979490761543,156.86782094032253,156.86782094032253,156.86782094032253,384.0,383.0,383.0,380.0,377.0,367.0
1.89,413.874373638619,9.12052117263844,230_4,stick2,0.031,0.061,0.0,0.032,6.0,0.046,0.016,156.8345018217543,156.8345018217543,156.8345018217543,27.81977619748942,30.452979490761543,156.86818220732349,156.86818220732349,156.86818220732349,614.0,614.0,613.0,605.0,597.0,558.0
1.88,410.724360229612,6.18279569892473,230_4,stick2,0.031,0.061,0.0,0.032,6.0,0.046,0.016,156.83480405669914,156.83480405669914,156.83480405669914,27.81977619748942,30.452979490761543,156.86848444226834,156.86848444226834,156.86848444226834,373.0,372.0,370.0,368.0,365.0,349.0
1.84,500.728415829252,7.72532188841202,230_4,stick2,0.031,0.061,0.0,0.032,6.0,0.046,0.016,156.8350436741891,156.8350436741891,156.8350436741891,27.81977619748942,30.452979490761543,156.8687240597583,156.8687240597583,156.8687240597583,466.0,466.0,464.0,462.0,457.0,430.0
1.84,351.093222687672,5.23415977961433,230_4,stick2,0.031,0.061,0.0,0.032,6.0,0.046,0.016,156.83525226745854,156.83525226745854,156.83525226745854,27.81977619748942,30.452979490761543,156.86893265302774,156.86893265302774,156.86893265302774,364.0,363.0,362.0,358.0,356.0,344.0
1.84,320.45502661538,6.23441396508728,230_4,stick2,0.031,0.061,0.0,0.032,6.0,0.046,0.016,156.8355555179688,156.8355555179688,156.8355555179688,27.81977619748942,30.452979490761543,156.869235903538,156.869235903538,156.869235903538,402.0,401.0,400.0,399.0,395.0,376.0
1.81,698.920596060783,6.56370656370656,230_4,stick2,0.031,0.061,0.0,0.032,6.0,0.046,0.016,156.83580291114896,156.83580291114896,156.83580291114896,27.81977619748942,30.452979490761543,156.86948329671816,156.86948329671816,156.86948329671816,519.0,518.0,516.0,513.0,504.0,484.0
1.77,375.831270143619,6.61577608142494,230_4,stick2,0.031,0.061,0.0,0.032,6.0,0.046,0.016,156.83605921565203,156.83605921565203,156.83605921565203,27.81977619748942,30.452979490761543,156.86973960122123,156.86973960122123,156.86973960122123,394.0,393.0,393.0,392.0,388.0,367.0
1.8,936.337971268244,11.2941176470588,230_4,stick2,0.031,0.061,0.0,0.032,6.0,0.046,0.016,156.83634310682163,156.83634310682163,156.83634310682163,27.81977619748942,30.452979490761543,156.87002349239083,156.87002349239083,156.87002349239083,425.0,425.0,423.0,420.0,405.0,377.0
1.79,317.478559254357,8.7719298245614,230_4,stick2,0.031,0.061,0.0,0.032,6.0,0.046,0.016,156.83685823393182,156.83685823393182,156.83685823393182,27.81977619748942,30.452979490761543,156.87053861950102,156.87053861950102,156.87053861950102,287.0,285.0,284.0,283.0,278.0,260.0
1.79,392.854424979434,7.83847980997625,230_4,stick2,0.031,0.061,0.0,0.032,6.0,0.046,0.016,156.8372165760106,156.8372165760106,156.8372165760106,27.81977619748942,30.452979490761543,156.8708969615798,156.8708969615798,156.8708969615798,422.0,421.0,420.0,413.0,405.0,388.0
1.79,517.95820041881,7.65171503957784,230_4,stick2,0.031,0.061,0.0,0.032,6.0,0.046,0.016,156.83751904820102,156.83751904820102,156.83751904820102,27.81977619748942,30.452979490761543,156.87119943377022,156.87119943377022,156.87119943377022,381.0,379.0,378.0,376.0,367.0,350.0
1.77,395.967611287562,9.18727915194346,230_4,stick2,0.031,0.061,0.0,0.032,6.0,0.046,0.016,156.8377448510748,156.8377448510748,156.8377448510748,27.81977619748942,30.452979490761543,156.871425236644,156.871425236644,156.871425236644,285.0,283.0,280.0,279.0,271.0,257.0
1.77,542.058038922884,7.88643533123028,230_4,stick2,0.031,0.061,0.0,0.032,6.0,0.046,0.016,156.83796496849334,156.83796496849334,156.83796496849334,27.81977619748942,30.452979490761543,156.87164535406254,156.87164535406254,156.87164535406254,318.0,317.0,316.0,314.0,306.0,292.0
1.73,792.225179247867,5.63380281690141,230_4,stick2,0.031,0.061,0.0,0.032,6.0,0.046,0.016,156.8382095244785,156.8382095244785,156.8382095244785,27.81977619748942,30.452979490761543,156.87188991004768,156.87188991004768,156.87188991004768,428.0,426.0,424.0,420.0,417.0,402.0
1.75,291.566962239918,4.26136363636364,230_4,stick2,0.031,0.061,0.0,0.032,6.0,0.046,0.016,156.83851064204646,156.83851064204646,156.83851064204646,27.81977619748942,30.452979490761543,156.87219102761566,156.87219102761566,156.87219102761566,352.0,352.0,351.0,350.0,347.0,337.0
1.72,569.237821338787,7.8740157480315,230_4,stick2,0.031,0.061,0.0,0.032,6.0,0.046,0.016,156.83876413104292,156.83876413104292,156.83876413104292,27.81977619748942,30.452979490761543,156.87244451661212,156.87244451661212,156.87244451661212,381.0,381.0,379.0,379.0,371.0,351.0
1.73,674.179028615295,7.36842105263158,230_4,stick2,0.031,0.061,0.0,0.032,6.0,0.046,0.016,156.83901282828577,156.83901282828577,156.83901282828577,27.81977619748942,30.452979490761543,156.87269321385497,156.87269321385497,156.87269321385497,287.0,285.0,284.0,281.0,276.0,264.0
1.65,387.756011835958,4.74777448071217,230_4,stick2,0.031,0.061,0.0,0.032,6.0,0.046,0.016,156.83931094172647,156.83931094172647,156.83931094172647,27.81977619748942,30.452979490761543,156.87299132729567,156.87299132729567,156.87299132729567,337.0,337.0,336.0,335.0,333.0,321.0
1.7,333.69173579484,3.71287128712871,230_4,stick2,0.031,0.061,0.0,0.032,6.0,0.046,0.016,156.8395193694438,156.8395193694438,156.8395193694438,27.81977619748942,30.452979490761543,156.873199755013,156.873199755013,156.873199755013,405.0,404.0,403.0,402.0,400.0,389.0
1.68,352.550878388209,5.63380281690141,230_4,stick2,0.031,0.061,0.0,0.032,6.0,0.046,0.016,156.8400114085222,156.8400114085222,156.8400114085222,27.81977619748942,30.452979490761543,156.8736917940914,156.8736917940914,156.8736917940914,213.0,213.0,213.0,210.0,207.0,201.0
1.68,313.094722410828,4.38247011952191,230_4,stick2,0.031,0.061,0.0,0.032,6.0,0.046,0.016,156.8402067910647,156.8402067910647,156.8402067910647,27.81977619748942,30.452979490761543,156.8738871766339,156.8738871766339,156.8738871766339,252.0,251.0,250.0,249.0,247.0,240.0
1.68,440.261050650106,8.13008130081301,230_4,stick2,0.031,0.061,0.0,0.032,6.0,0.046,0.016,156.84048092734298,156.84048092734298,156.84048092734298,27.81977619748942,30.452979490761543,156.87416131291218,156.87416131291218,156.87416131291218,246.0,246.0,245.0,243.0,239.0,226.0
1.68,362.218176439463,5.79710144927536,230_4,stick2,0.031,0.061,0.0,0.032,6.0,0.046,0.016,156.84070595588219,156.84070595588219,156.84070595588219,27.81977619748942,30.452979490761543,156.87438634145138,156.87438634145138,156.87438634145138,346.0,345.0,345.0,344.0,338.0,325.0
1.68,450.632935237254,7.3394495412844,230_4,stick2,0.031,0.061,0.0,0.032,6.0,0.046,0.016,156.8409527396425,156.8409527396425,156.8409527396425,27.81977619748942,30.452979490761543,156.8746331252117,156.8746331252117,156.8746331252117,328.0,327.0,327.0,327.0,321.0,303.0
1.66,437.701832441167,6.87022900763359,230_4,stick2,0.031,0.061,0.0,0.032,6.0,0.046,0.016,156.8412463898559,156.8412463898559,156.8412463898559,27.81977619748942,30.452979490761543,156.8749267754251,156.8749267754251,156.8749267754251,263.0,262.0,261.0,260.0,258.0,244.0
1.66,243.409973239662,5.42635658914729,230_4,stick2,0.031,0.061,0.0,0.032,6.0,0.046,0.016,156.8414223485477,156.8414223485477,156.8414223485477,27.81977619748942,30.452979490761543,156.8751027341169,156.8751027341169,156.8751027341169,259.0,258.0,258.0,257.0,256.0,244.0
1.66,180.82591576796,3.55329949238579,230_4,stick2,0.031,0.061,0.0,0.032,6.0,0.046,0.016,156.84179298801467,156.84179298801467,156.84179298801467,27.81977619748942,30.452979490761543,156.87547337358387,156.87547337358387,156.87547337358387,198.0,197.0,197.0,195.0,194.0,190.0
1.64,449.296974683273,5.20833333333333,230_4,stick2,0.031,0.061,0.0,0.032,6.0,0.046,0.016,156.84199720123536,156.84199720123536,156.84199720123536,27.81977619748942,30.452979490761543,156.87567758680456,156.87567758680456,156.87567758680456,384.0,384.0,384.0,384.0,378.0,364.0
1.68,304.242131669519,7.71812080536913,230_4,stick2,0.031,0.061,0.0,0.032,6.0,0.046,0.016,156.84224556601436,156.84224556601436,156.84224556601436,27.81977619748942,30.452979490761543,156.87592595158355,156.87592595158355,156.87592595158355,299.0,298.0,297.0,294.0,292.0,275.0
1.66,213.896060115891,4.57746478873239,230_4,stick2,0.031,0.061,0.0,0.032,6.0,0.046,0.016,156.84254224190505,156.84254224190505,156.84254224190505,27.81977619748942,30.452979490761543,156.87622262747425,156.87622262747425,156.87622262747425,284.0,284.0,282.0,282.0,280.0,271.0
1.66,117.811539099837,6.0,230_4,stick2,0.031,0.061,0.0,0.032,6.0,0.046,0.016,156.84283558364882,156.84283558364882,156.84283558364882,27.81977619748942,30.452979490761543,156.87651596921802,156.87651596921802,156.87651596921802,301.0,300.0,300.0,297.0,293.0,282.0
1.65,204.004743767425,6.00858369098712,230_4,stick2,0.031,0.061,0.0,0.032,6.0,0.046,0.016,156.84304852832847,156.84304852832847,156.84304852832847,27.81977619748942,30.452979490761543,156.87672891389767,156.87672891389767,156.87672891389767,234.0,233.0,232.0,231.0,228.0,219.0
1.65,205.296337591492,4.80769230769231,230_4,stick2,0.031,0.061,0.0,0.032,6.0,0.046,0.016,156.84326178321112,156.84326178321112,156.84326178321112,27.81977619748942,30.452979490761543,156.87694216878032,156.87694216878032,156.87694216878032,313.0,312.0,312.0,310.0,307.0,297.0
1.63,262.266588587074,5.27859237536657,230_4,stick2,0.031,0.061,0.0,0.032,6.0,0.046,0.016,156.8435435178457,156.8435435178457,156.8435435178457,27.81977619748942,30.452979490761543,156.8772239034149,156.8772239034149,156.8772239034149,341.0,341.0,340.0,339.0,337.0,323.0
1.63,445.518178367381,5.36082474226804,230_4,stick2,0.031,0.061,0.0,0.032,6.0,0.046,0.016,156.84370621047498,156.84370621047498,156.84370621047498,27.81977619748942,30.452979490761543,156.87738659604418,156.87738659604418,156.87738659604418,486.0,485.0,485.0,483.0,478.0,459.0
1.65,536.834046212601,6.03112840466926,230_4,stick2,0.031,0.061,0.0,0.032,6.0,0.046,0.016,156.84405366542052,156.84405366542052,156.84405366542052,27.81977619748942,30.452979490761543,156.87773405098972,156.87773405098972,156.87773405098972,516.0,514.0,512.0,508.0,505.0,483.0
1.65,885.561800361347,5.95744680851064,230_4,stick2,0.031,0.061,0.0,0.032,6.0,0.046,0.016,156.8442967603883,156.8442967603883,156.8442967603883,27.81977619748942,30.452979490761543,156.8779771459575,156.8779771459575,156.8779771459575,708.0,705.0,705.0,699.0,694.0,663.0
1.7,1645.74842286604,6.09080841638981,230_4,stick2,0.031,0.061,0.0,0.032,6.0,0.046,0.016,156.84449536248064,156.84449536248064,156.84449536248064,27.81977619748942,30.452979490761543,156.87817574804984,156.87817574804984,156.87817574804984,909.0,903.0,901.0,897.0,884.0,848.0
1.72,1290.27650097179,7.475317348378,230_4,stick2,0.031,0.061,0.0,0.032,6.0,0.046,0.016,156.84477624872972,156.84477624872972,156.84477624872972,27.81977619748942,30.452979490761543,156.8784566342989,156.8784566342989,156.8784566342989,710.0,709.0,707.0,704.0,693.0,656.0
1.75,1012.13023220256,8.44079718640094,230_4,stick2,0.031,0.061,0.0,0.032,6.0,0.046,0.016,156.84499978742383,156.84499978742383,156.84499978742383,27.81977619748942,30.452979490761543,156.87868017299303,156.87868017299303,156.87868017299303,855.0,853.0,852.0,847.0,833.0,781.0
1.83,1115.0472801288,8.11485642946317,230_4,stick2,0.031,0.061,0.0,0.032,6.0,0.046,0.016,156.8453369938437,156.8453369938437,156.8453369938437,27.81977619748942,30.452979490761543,156.8790173794129,156.8790173794129,156.8790173794129,806.0,801.0,798.0,796.0,786.0,736.0
1.84,2253.73095322912,7.87037037037037,230_4,stick2,0.031,0.061,0.0,0.032,6.0,0.046,0.016,156.845581785153,156.845581785153,156.845581785153,27.81977619748942,30.452979490761543,156.8792621707222,156.8792621707222,156.8792621707222,1086.0,1080.0,1078.0,1064.0,1046.0,995.0
1.87,1227.05743585867,8.17236255572065,230_4,stick2,0.031,0.061,0.0,0.032,6.0,0.046,0.016,156.8458795400746,156.8458795400746,156.8458795400746,27.81977619748942,30.452979490761543,156.8795599256438,156.8795599256438,156.8795599256438,677.0,673.0,669.0,660.0,650.0,618.0
1.89,444.030086029952,7.44949494949495,230_4,stick2,0.031,0.061,0.0,0.032,6.0,0.046,0.016,156.84611677766603,156.84611677766603,156.84611677766603,27.81977619748942,30.452979490761543,156.87979716323522,156.87979716323522,156.87979716323522,798.0,792.0,788.0,784.0,763.0,733.0
1.88,695.524875921902,6.46029609690444,230_4,stick2,0.031,0.061,0.0,0.032,6.0,0.046,0.016,156.84670264780152,156.84670264780152,156.84670264780152,27.81977619748942,30.452979490761543,156.88038303337072,156.88038303337072,156.88038303337072,747.0,743.0,738.0,735.0,726.0,695.0
1.87,1057.91782462928,6.12244897959184,230_4,stick2,0.031,0.061,0.0,0.032,6.0,0.046,0.016,156.84694504529253,156.84694504529253,156.84694504529253,27.81977619748942,30.452979490761543,156.88062543086173,156.88062543086173,156.88062543086173,736.0,735.0,734.0,728.0,715.0,690.0
1.89,552.237764111309,7.39856801909308,230_4,stick2,0.031,0.061,0.0,0.032,6.0,0.046,0.016,156.8472390304681,156.8472390304681,156.8472390304681,27.81977619748942,30.452979490761543,156.8809194160373,156.8809194160373,156.8809194160373,420.0,419.0,417.0,412.0,406.0,388.0
1.9,1467.04748605363,7.88461538461539,230_4,stick2,0.031,0.061,0.0,0.032,6.0,0.046,0.016,156.84747558162266,156.84747558162266,156.84747558162266,27.81977619748942,30.452979490761543,156.88115596719186,156.88115596719186,156.88115596719186,522.0,520.0,518.0,506.0,496.0,479.0
1.85,478.590929820184,6.10820244328098,230_4,stick2,0.031,0.061,0.0,0.032,6.0,0.046,0.016,156.847769553028,156.847769553028,156.847769553028,27.81977619748942,30.452979490761543,156.8814499385972,156.8814499385972,156.8814499385972,576.0,573.0,570.0,565.0,559.0,538.0
1.83,409.283025535168,6.85714285714286,230_4,stick2,0.031,0.061,0.0,0.032,6.0,0.046,0.016,156.84806384250567,156.84806384250567,156.84806384250567,27.81977619748942,30.452979490761543,156.88174422807487,156.88174422807487,156.88174422807487,526.0,525.0,524.0,522.0,513.0,489.0
1.82,661.88880446349,7.27272727272727,230_4,stick2,0.031,0.061,0.0,0.032,6.0,0.046,0.016,156.84830074871877,156.84830074871877,156.84830074871877,27.81977619748942,30.452979490761543,156.88198113428797,156.88198113428797,156.88198113428797,605.0,605.0,603.0,598.0,585.0,561.0
1.8,526.468914122734,4.72589792060491,230_4,stick2,0.031,0.061,0.0,0.032,6.0,0.046,0.016,156.84859470838265,156.84859470838265,156.84859470838265,27.81977619748942,30.452979490761543,156.88227509395185,156.88227509395185,156.88227509395185,533.0,529.0,528.0,526.0,520.0,504.0
1.79,616.017748054153,7.82241014799154,230_4,stick2,0.031,0.061,0.0,0.032,6.0,0.046,0.016,156.84883680161778,156.84883680161778,156.84883680161778,27.81977619748942,30.452979490761543,156.88251718718698,156.88251718718698,156.88251718718698,473.0,473.0,473.0,467.0,456.0,436.0
1.75,420.490900840944,6.26057529610829,230_4,stick2,0.031,0.061,0.0,0.032,6.0,0.046,0.016,156.84945239435226,156.84945239435226,156.84945239435226,27.81977619748942,30.452979490761543,156.88313277992145,156.88313277992145,156.88313277992145,1187.0,1182.0,1181.0,1172.0,1161.0,1108.0
1.75,352.601543884295,5.08083140877598,230_4,stick2,0.031,0.061,0.0,0.032,6.0,0.046,0.016,156.84974287975092,156.84974287975092,156.84974287975092,27.81977619748942,30.452979490761543,156.88342326532012,156.88342326532012,156.88342326532012,433.0,433.0,432.0,431.0,426.0,411.0
1.72,474.880945526949,5.45808966861598,230_4,stick2,0.031,0.061,0.0,0.032,6.0,0.046,0.016,156.8499846289104,156.8499846289104,156.8499846289104,27.81977619748942,30.452979490761543,156.8836650144796,156.8836650144796,156.8836650144796,514.0,513.0,512.0,512.0,505.0,485.0
1.69,424.728070018751,7.03125,230_4,stick2,0.031,0.061,0.0,0.032,6.0,0.046,0.016,156.85027547310972,156.85027547310972,156.85027547310972,27.81977619748942,30.452979490761543,156.88395585867892,156.88395585867892,156.88395585867892,384.0,384.0,382.0,378.0,372.0,357.0
1.69,731.288101882699,5.83153347732181,230_4,stick2,0.031,0.061,0.0,0.032,6.0,0.046,0.016,156.850569788223,156.850569788223,156.850569788223,27.81977619748942,30.452979490761543,156.8842501737922,156.8842501737922,156.8842501737922,464.0,463.0,462.0,462.0,455.0,436.0
1.66,476.041567884499,5.61797752808989,230_4,stick2,0.031,0.061,0.0,0.032,6.0,0.046,0.016,156.85080877166743,156.85080877166743,156.85080877166743,27.81977619748942,30.452979490761543,156.88448915723663,156.88448915723663,156.88448915723663,446.0,445.0,445.0,444.0,438.0,420.0
1.64,389.855588478906,5.45454545454545,230_4,stick2,0.031,0.061,0.0,0.032,6.0,0.046,0.016,156.85105083659548,156.85105083659548,156.85105083659548,27.81977619748942,30.452979490761543,156.88473122216467,156.88473122216467,156.88473122216467,385.0,385.0,384.0,382.0,379.0,364.0
1.6,347.04461294693,5.12820512820513,230_4,stick2,0.031,0.061,0.0,0.032,6.0,0.046,0.016,156.851344806668,156.851344806668,156.851344806668,27.81977619748942,30.452979490761543,156.8850251922372,156.8850251922372,156.8850251922372,351.0,351.0,351.0,348.0,348.0,333.0
1.61,966.741614716011,6.31578947368421,230_4,stick2,0.031,0.061,0.0,0.032,6.0,0.046,0.016,156.8516370196344,156.8516370196344,156.8516370196344,27.81977619748942,30.452979490761543,156.8853174052036,156.8853174052036,156.8853174052036,476.0,475.0,472.0,471.0,466.0,445.0
1.61,669.936557291216,6.0,230_4,stick2,0.031,0.061,0.0,0.032,6.0,0.046,0.016,156.8518763622467,156.8518763622467,156.8518763622467,27.81977619748942,30.452979490761543,156.8855567478159,156.8855567478159,156.8855567478159,350.0,350.0,350.0,347.0,343.0,329.0
1.61,349.922313460927,5.5363321799308,230_4,stick2,0.031,0.061,0.0,0.032,6.0,0.046,0.016,156.85211532084608,156.85211532084608,156.85211532084608,27.81977619748942,30.452979490761543,156.88579570641528,156.88579570641528,156.88579570641528,289.0,289.0,288.0,286.0,284.0,273.0
1.59,403.349729399778,4.53172205438066,230_4,stick2,0.031,0.061,0.0,0.032,6.0,0.046,0.016,156.85240999178416,156.85240999178416,156.85240999178416,27.81977619748942,30.452979490761543,156.88609037735336,156.88609037735336,156.88609037735336,333.0,331.0,330.0,329.0,326.0,316.0
1.59,523.540157775724,4.08653846153846,230_4,stick2,0.031,0.061,0.0,0.032,6.0,0.046,0.016,156.85265000094435,156.85265000094435,156.85265000094435,27.81977619748942,30.452979490761543,156.88633038651355,156.88633038651355,156.88633038651355,418.0,416.0,416.0,415.0,413.0,399.0
1.57,219.741200509279,5.91549295774648,230_4,stick2,0.031,0.061,0.0,0.032,6.0,0.046,0.016,156.8529408576698,156.8529408576698,156.8529408576698,27.81977619748942,30.452979490761543,156.886621243239,156.886621243239,156.886621243239,355.0,355.0,355.0,355.0,350.0,334.0
1.59,383.490415776116,5.32150776053215,230_4,stick2,0.031,0.061,0.0,0.032,6.0,0.046,0.016,156.85323446931605,156.85323446931605,156.85323446931605,27.81977619748942,30.452979490761543,156.88691485488525,156.88691485488525,156.88691485488525,452.0,451.0,449.0,447.0,440.0,427.0
1.54,391.711117154258,4.49438202247191,230_4,stick2,0.031,0.061,0.0,0.032,6.0,0.046,0.016,156.85353186890168,156.85353186890168,156.85353186890168,27.81977619748942,30.452979490761543,156.88721225447088,156.88721225447088,156.88721225447088,446.0,445.0,445.0,443.0,437.0,425.0
1.57,339.624655355351,5.18867924528302,230_4,stick2,0.031,0.061,0.0,0.032,6.0,0.046,0.016,156.853767049359,156.853767049359,156.853767049359,27.81977619748942,30.452979490761543,156.8874474349282,156.8874474349282,156.8874474349282,427.0,424.0,424.0,422.0,418.0,402.0
1.57,292.844980403976,3.9039039039039,230_4,stick2,0.031,0.061,0.0,0.032,6.0,0.046,0.016,156.85401017757655,156.85401017757655,156.85401017757655,27.81977619748942,30.452979490761543,156.88769056314575,156.88769056314575,156.88769056314575,333.0,333.0,333.0,332.0,328.0,320.0
1.54,289.812673265545,7.23684210526316,230_4,stick2,0.031,0.061,0.0,0.032,6.0,0.046,0.016,156.85430311250673,156.85430311250673,156.85430311250673,27.81977619748942,30.452979490761543,156.88798349807593,156.88798349807593,156.88798349807593,304.0,304.0,304.0,302.0,298.0,282.0
1.59,220.105586388724,3.47593582887701,230_4,stick2,0.031,0.061,0.0,0.032,6.0,0.046,0.016,156.85459706450212,156.85459706450212,156.85459706450212,27.81977619748942,30.452979490761543,156.8882774500713,156.8882774500713,156.8882774500713,374.0,374.0,374.0,372.0,370.0,361.0
1.59,311.919959468122,4.92610837438424,230_4,stick2,0.031,0.061,0.0,0.032,6.0,0.046,0.016,156.8552130038165,156.8552130038165,156.8552130038165,27.81977619748942,30.452979490761543,156.8888933893857,156.8888933893857,156.8888933893857,812.0,812.0,810.0,804.0,794.0,772.0
1.57,383.210130795979,6.12244897959184,230_4,stick2,0.031,0.061,0.0,0.032,6.0,0.046,0.016,156.85562378407127,156.85562378407127,156.85562378407127,27.81977619748942,30.452979490761543,156.88930416964047,156.88930416964047,156.88930416964047,343.0,343.0,340.0,338.0,331.0,322.0
1.6,278.704069024089,5.43478260869565,230_4,stick2,0.031,0.061,0.0,0.032,6.0,0.046,0.016,156.85575329077565,156.85575329077565,156.85575329077565,27.81977619748942,30.452979490761543,156.88943367634485,156.88943367634485,156.88943367634485,279.0,276.0,274.0,273.0,268.0,261.0
1.56,530.314482628078,6.00961538461539,230_4,stick2,0.031,0.061,0.0,0.032,6.0,0.046,0.016,156.85592888873714,156.85592888873714,156.85592888873714,27.81977619748942,30.452979490761543,156.88960927430634,156.88960927430634,156.88960927430634,418.0,416.0,415.0,414.0,404.0,391.0
1.59,465.640464477573,6.51558073654391,230_4,stick2,0.031,0.061,0.0,0.032,6.0,0.046,0.016,156.85611061845003,156.85611061845003,156.85611061845003,27.81977619748942,30.452979490761543,156.88979100401923,156.88979100401923,156.88979100401923,354.0,353.0,351.0,349.0,343.0,330.0
1.6,117.703846555271,7.18562874251497,230_4,stick2,0.031,0.061,0.0,0.032,6.0,0.046,0.016,156.85635677235916,156.85635677235916,156.85635677235916,27.81977619748942,30.452979490761543,156.89003715792836,156.89003715792836,156.89003715792836,334.0,334.0,333.0,331.0,326.0,310.0
1.56,179.589223045944,6.37450199203187,230_4,stick2,0.031,0.061,0.0,0.032,6.0,0.046,0.016,156.85684020093223,156.85684020093223,156.85684020093223,27.81977619748942,30.452979490761543,156.89052058650142,156.89052058650142,156.89052058650142,253.0,251.0,251.0,251.0,250.0,235.0
1.56,295.505899014892,6.56934306569343,230_4,stick2,0.031,0.061,0.0,0.032,6.0,0.046,0.016,156.85706697422384,156.85706697422384,156.85706697422384,27.81977619748942,30.452979490761543,156.89074735979304,156.89074735979304,156.89074735979304,274.0,274.0,274.0,271.0,269.0,256.0
1.55,664.815919019083,6.28930817610063,230_4,stick2,0.031,0.061,0.0,0.032,6.0,0.046,0.016,156.85723464780716,156.85723464780716,156.85723464780716,27.81977619748942,30.452979490761543,156.89091503337636,156.89091503337636,156.89091503337636,319.0,318.0,318.0,315.0,310.0,298.0
1.57,279.586151939379,4.33333333333333,230_4,stick2,0.031,0.061,0.0,0.032,6.0,0.046,0.016,156.85755488411704,156.85755488411704,156.85755488411704,27.81977619748942,30.452979490761543,156.89123526968623,156.89123526968623,156.89123526968623,301.0,300.0,300.0,296.0,295.0,287.0
1.59,275.230269230525,6.62020905923345,230_4,stick2,0.031,0.061,0.0,0.032,6.0,0.046,0.016,156.85785947686165,156.85785947686165,156.85785947686165,27.81977619748942,30.452979490761543,156.89153986243085,156.89153986243085,156.89153986243085,287.0,287.0,284.0,283.0,283.0,268.0
1.59,530.436591482005,5.35714285714286,230_4,stick2,0.031,0.061,0.0,0.032,6.0,0.046,0.016,156.85804601280662,156.85804601280662,156.85804601280662,27.81977619748942,30.452979490761543,156.89172639837582,156.89172639837582,156.89172639837582,280.0,280.0,280.0,277.0,275.0,265.0
1.59,294.617586684973,7.6555023923445,230_4,stick2,0.031,0.061,0.0,0.032,6.0,0.046,0.016,156.85829926740522,156.85829926740522,156.85829926740522,27.81977619748942,30.452979490761543,156.8919796529744,156.8919796529744,156.8919796529744,209.0,209.0,208.0,206.0,205.0,193.0
1.56,298.157371032856,5.45454545454545,230_4,stick2,0.031,0.061,0.0,0.032,6.0,0.046,0.016,156.8585834918848,156.8585834918848,156.8585834918848,27.81977619748942,30.452979490761543,156.89226387745398,156.89226387745398,156.89226387745398,220.0,220.0,220.0,218.0,216.0,208.0
1.58,305.80918680489,3.57142857142857,230_4,stick2,0.031,0.061,0.0,0.032,6.0,0.046,0.016,156.85879888285905,156.85879888285905,156.85879888285905,27.81977619748942,30.452979490761543,156.89247926842825,156.89247926842825,156.89247926842825,225.0,224.0,224.0,223.0,221.0,216.0
1.58,269.211791966652,8.49673202614379,230_4,stick2,0.031,0.061,0.0,0.032,6.0,0.046,0.016,156.85898007724052,156.85898007724052,156.85898007724052,27.81977619748942,30.452979490761543,156.89266046280972,156.89266046280972,156.89266046280972,153.0,153.0,153.0,151.0,148.0,140.0
1.58,159.222020510983,3.88349514563107,230_4,stick2,0.031,0.061,0.0,0.032,6.0,0.046,0.016,156.8592049282107,156.8592049282107,156.8592049282107,27.81977619748942,30.452979490761543,156.89288531377989,156.89288531377989,156.89288531377989,207.0,206.0,206.0,203.0,202.0,198.0
1.58,336.760040477024,4.86111111111111,230_4,stick2,0.031,0.061,0.0,0.032,6.0,0.046,0.016,156.85939678684983,156.85939678684983,156.85939678684983,27.81977619748942,30.452979490761543,156.89307717241903,156.89307717241903,156.89307717241903,288.0,288.0,288.0,287.0,283.0,274.0
1.57,33.6041957164793,4.28571428571429,230_4,stick2,0.031,0.061,0.0,0.032,6.0,0.046,0.016,156.8599046975254,156.8599046975254,156.8599046975254,27.81977619748942,30.452979490761543,156.8935850830946,156.8935850830946,156.8935850830946,141.0,140.0,140.0,140.0,139.0,134.0
1.57,223.175179081154,4.71698113207547,230_4,stick2,0.031,0.061,0.0,0.032,6.0,0.046,0.016,156.8601389060095,156.8601389060095,156.8601389060095,27.81977619748942,30.452979490761543,156.8938192915787,156.8938192915787,156.8938192915787,214.0,212.0,212.0,211.0,209.0,202.0
1.59,298.414974110883,6.01851851851852,230_4,stick2,0.031,0.061,0.0,0.032,6.0,0.046,0.016,156.86036136812393,156.86036136812393,156.86036136812393,27.81977619748942,30.452979490761543,156.89404175369313,156.89404175369313,156.89404175369313,218.0,216.0,216.0,215.0,211.0,203.0
1.56,166.311616982632,6.48648648648649,230_4,stick2,0.031,0.061,0.0,0.032,6.0,0.046,0.016,156.8606621753064,156.8606621753064,156.8606621753064,27.81977619748942,30.452979490761543,156.8943425608756,156.8943425608756,156.8943425608756,185.0,185.0,185.0,184.0,182.0,173.0
1.55,396.707056034661,4.64135021097046,230_4,stick2,0.031,0.061,0.0,0.032,6.0,0.046,0.016,156.86098690489646,156.86098690489646,156.86098690489646,27.81977619748942,30.452979490761543,156.89466729046566,156.89466729046566,156.89466729046566,237.0,237.0,236.0,235.0,232.0,226.0
1.55,146.410624264877,5.79710144927536,230_4,stick2,0.031,0.061,0.0,0.032,6.0,0.046,0.016,156.86117286268774,156.86117286268774,156.86117286268774,27.81977619748942,30.452979490761543,156.89485324825694,156.89485324825694,156.89485324825694,138.0,138.0,138.0,137.0,137.0,130.0
1.55,259.963552691216,8.75,230_4,stick2,0.031,0.061,0.0,0.032,6.0,0.046,0.016,156.8613716833215,156.8613716833215,156.8613716833215,27.81977619748942,30.452979490761543,156.8950520688907,156.8950520688907,156.8950520688907,160.0,160.0,159.0,157.0,154.0,146.0
1.57,241.243362513605,6.25,230_4,stick2,0.031,0.061,0.0,0.032,6.0,0.046,0.016,156.86169077057258,156.86169077057258,156.86169077057258,27.81977619748942,30.452979490761543,156.89537115614178,156.89537115614178,156.89537115614178,208.0,208.0,208.0,208.0,205.0,195.0
1.54,330.615183618707,6.72645739910314,230_4,stick2,0.031,0.061,0.0,0.032,6.0,0.046,0.016,156.86191052737436,156.86191052737436,156.86191052737436,27.81977619748942,30.452979490761543,156.89559091294356,156.89559091294356,156.89559091294356,224.0,223.0,223.0,223.0,217.0,208.0
1.54,197.808514788964,5.31400966183575,230_4,stick2,0.031,0.061,0.0,0.032,6.0,0.046,0.016,156.86214316259597,156.86214316259597,156.86214316259597,27.81977619748942,30.452979490761543,156.89582354816517,156.89582354816517,156.89582354816517,207.0,207.0,207.0,206.0,203.0,196.0
1.52,370.012558887919,6.35593220338983,230_4,stick2,0.031,0.061,0.0,0.032,6.0,0.046,0.016,156.86236412455233,156.86236412455233,156.86236412455233,27.81977619748942,30.452979490761543,156.89604451012153,156.89604451012153,156.89604451012153,236.0,236.0,235.0,233.0,229.0,221.0
1.52,75.4565456433251,4.04040404040404,230_4,stick2,0.031,0.061,0.0,0.032,6.0,0.046,0.016,156.86250275878936,156.86250275878936,156.86250275878936,27.81977619748942,30.452979490761543,156.89618314435856,156.89618314435856,156.89618314435856,99.0,99.0,99.0,99.0,97.0,95.0
1.51,302.47459668918,5.94059405940594,230_4,stick2,0.031,0.061,0.0,0.032,6.0,0.046,0.016,156.86300568162986,156.86300568162986,156.86300568162986,27.81977619748942,30.452979490761543,156.89668606719906,156.89668606719906,156.89668606719906,202.0,202.0,200.0,200.0,197.0,190.0
1.53,260.151920126493,6.63507109004739,230_4,stick2,0.031,0.061,0.0,0.032,6.0,0.046,0.016,156.86330966669854,156.86330966669854,156.86330966669854,27.81977619748942,30.452979490761543,156.89699005226774,156.89699005226774,156.89699005226774,212.0,211.0,210.0,210.0,205.0,197.0
1.53,245.57620604123,5.61122244488978,230_4,stick2,0.031,0.061,0.0,0.032,6.0,0.046,0.016,156.86387441347128,156.86387441347128,156.86387441347128,27.81977619748942,30.452979490761543,156.89755479904048,156.89755479904048,156.89755479904048,500.0,499.0,498.0,496.0,491.0,471.0
1.53,242.103189185082,7.78688524590164,230_4,stick2,0.031,0.061,0.0,0.032,6.0,0.046,0.016,156.8641487286913,156.8641487286913,156.8641487286913,27.81977619748942,30.452979490761543,156.8978291142605,156.8978291142605,156.8978291142605,244.0,244.0,243.0,242.0,238.0,225.0
1.53,394.490569524903,5.74324324324324,230_4,stick2,0.031,0.061,0.0,0.032,6.0,0.046,0.016,156.86437767732446,156.86437767732446,156.86437767732446,27.81977619748942,30.452979490761543,156.89805806289365,156.89805806289365,156.89805806289365,300.0,296.0,296.0,293.0,287.0,279.0
1.52,228.160995972714,7.21649484536082,230_4,stick2,0.031,0.061,0.0,0.032,6.0,0.046,0.016,156.86459821861595,156.86459821861595,156.86459821861595,27.81977619748942,30.452979490761543,156.89827860418515,156.89827860418515,156.89827860418515,196.0,194.0,194.0,192.0,190.0,180.0
1.52,463.210431056741,6.16740088105727,230_4,stick2,0.031,0.061,0.0,0.032,6.0,0.046,0.016,156.8648282571368,156.8648282571368,156.8648282571368,27.81977619748942,30.452979490761543,156.898508642706,156.898508642706,156.898508642706,229.0,227.0,227.0,225.0,223.0,213.0
1.52,201.281111081052,5.92885375494071,230_4,stick2,0.031,0.061,0.0,0.032,6.0,0.046,0.016,156.86505247883449,156.86505247883449,156.86505247883449,27.81977619748942,30.452979490761543,156.89873286440368,156.89873286440368,156.89873286440368,253.0,253.0,253.0,252.0,249.0,238.0
1.46,313.309899024295,7.8125,230_4,stick2,0.031,0.061,0.0,0.032,6.0,0.046,0.016,156.86533114553947,156.86533114553947,156.86533114553947,27.81977619748942,30.452979490761543,156.89901153110867,156.89901153110867,156.89901153110867,257.0,256.0,256.0,256.0,255.0,236.0
1.5,157.303567767677,4.34782608695652,230_4,stick2,0.031,0.061,0.0,0.032,6.0,0.046,0.016,156.8655558886211,156.8655558886211,156.8655558886211,27.81977619748942,30.452979490761543,156.8992362741903,156.8992362741903,156.8992362741903,184.0,184.0,184.0,184.0,182.0,176.0
1.5,322.46312071807,5.15873015873016,230_4,stick2,0.031,0.061,0.0,0.032,6.0,0.046,0.016,156.86621280189442,156.86621280189442,156.86621280189442,27.81977619748942,30.452979490761543,156.89989318746362,156.89989318746362,156.89989318746362,506.0,504.0,503.0,498.0,493.0,478.0
1.5,178.969815449022,7.42574257425743,230_4,stick2,0.031,0.061,0.0,0.032,6.0,0.046,0.016,156.8664916914961,156.8664916914961,156.8664916914961,27.81977619748942,30.452979490761543,156.9001720770653,156.9001720770653,156.9001720770653,202.0,202.0,202.0,200.0,197.0,187.0
1.5,337.176227219405,5.53191489361702,230_4,stick2,0.031,0.061,0.0,0.032,6.0,0.046,0.016,156.86675588130038,156.86675588130038,156.86675588130038,27.81977619748942,30.452979490761543,156.90043626686958,156.90043626686958,156.90043626686958,238.0,235.0,235.0,235.0,231.0,222.0
1.47,537.908591719977,8.63636363636364,230_4,stick2,0.031,0.061,0.0,0.032,6.0,0.046,0.016,156.86692721409105,156.86692721409105,156.86692721409105,27.81977619748942,30.452979490761543,156.90060759966025,156.90060759966025,156.90060759966025,220.0,220.0,220.0,213.0,212.0,201.0
1.49,331.494565648842,6.69856459330144,230_4,stick2,0.031,0.061,0.0,0.032,6.0,0.046,0.016,156.86718811391535,156.86718811391535,156.86718811391535,27.81977619748942,30.452979490761543,156.90086849948455,156.90086849948455,156.90086849948455,209.0,209.0,207.0,207.0,202.0,195.0
1.47,211.839025078088,4.74308300395257,230_4,stick2,0.031,0.061,0.0,0.032,6.0,0.046,0.016,156.86746828326847,156.86746828326847,156.86746828326847,27.81977619748942,30.452979490761543,156.90114866883766,156.90114866883766,156.90114866883766,254.0,253.0,252.0,252.0,250.0,241.0
1.46,200.297431120987,6.48464163822526,230_4,stick2,0.031,0.061,0.0,0.032,6.0,0.046,0.016,156.86811396447996,156.86811396447996,156.86811396447996,27.81977619748942,30.452979490761543,156.90179435004916,156.90179435004916,156.90179435004916,589.0,586.0,585.0,581.0,572.0,548.0
1.49,297.76616229678,5.83657587548638,230_4,stick2,0.031,0.061,0.0,0.032,6.0,0.046,0.016,156.86835162322757,156.86835162322757,156.86835162322757,27.81977619748942,30.452979490761543,156.90203200879677,156.90203200879677,156.90203200879677,258.0,257.0,256.0,256.0,254.0,242.0
1.49,570.241324688667,7.31707317073171,230_4,stick2,0.031,0.061,0.0,0.032,6.0,0.046,0.016,156.86891583681182,156.86891583681182,156.86891583681182,27.81977619748942,30.452979490761543,156.90259622238102,156.90259622238102,156.90259622238102,246.0,246.0,245.0,241.0,234.0,228.0
1.55,114.763360026466,5.13833992094862,230_4,stick2,0.031,0.061,0.0,0.032,6.0,0.046,0.016,156.86912040775744,156.86912040775744,156.86912040775744,27.81977619748942,30.452979490761543,156.90280079332663,156.90280079332663,156.90280079332663,255.0,253.0,252.0,249.0,248.0,240.0
1.5,138.384634147142,8.67579908675799,230_4,stick2,0.031,0.061,0.0,0.032,6.0,0.046,0.016,156.86964106428303,156.86964106428303,156.86964106428303,27.81977619748942,30.452979490761543,156.90332144985223,156.90332144985223,156.90332144985223,219.0,219.0,216.0,215.0,211.0,200.0
1.51,236.43467048309,5.88235294117647,230_4,stick2,0.031,0.061,0.0,0.032,6.0,0.046,0.016,156.86988109604053,156.86988109604053,156.86988109604053,27.81977619748942,30.452979490761543,156.90356148160973,156.90356148160973,156.90356148160973,187.0,187.0,187.0,186.0,183.0,176.0
1.53,569.032396505011,8.36120401337793,230_4,stick2,0.031,0.061,0.0,0.032,6.0,0.046,0.016,156.87010023955975,156.87010023955975,156.87010023955975,27.81977619748942,30.452979490761543,156.90378062512895,156.90378062512895,156.90378062512895,301.0,299.0,299.0,295.0,289.0,274.0
1.5,509.73741357181,5.75539568345324,230_4,stick2,0.031,0.061,0.0,0.032,6.0,0.046,0.016,156.87042371597235,156.87042371597235,156.87042371597235,27.81977619748942,30.452979490761543,156.90410410154155,156.90410410154155,156.90410410154155,278.0,278.0,276.0,276.0,271.0,262.0
1.5,265.026232879494,3.84615384615385,230_4,stick2,0.031,0.061,0.0,0.032,6.0,0.046,0.016,156.87069918982303,156.87069918982303,156.87069918982303,27.81977619748942,30.452979490761543,156.90437957539223,156.90437957539223,156.90437957539223,235.0,234.0,233.0,233.0,231.0,225.0
1.5,417.980609106594,8.82352941176471,230_4,stick2,0.031,0.061,0.0,0.032,6.0,0.046,0.016,156.87100635444511,156.87100635444511,156.87100635444511,27.81977619748942,30.452979490761543,156.9046867400143,156.9046867400143,156.9046867400143,238.0,238.0,236.0,234.0,228.0,217.0
1.5,479.818338913884,9.34959349593496,230_4,stick2,0.031,0.061,0.0,0.032,6.0,0.046,0.016,156.87132685985307,156.87132685985307,156.87132685985307,27.81977619748942,30.452979490761543,156.90500724542227,156.90500724542227,156.90500724542227,247.0,246.0,244.0,242.0,240.0,223.0
1.52,227.024177384711,7.2463768115942,230_4,stick2,0.031,0.061,0.0,0.032,6.0,0.046,0.016,156.87158603521263,156.87158603521263,156.87158603521263,27.81977619748942,30.452979490761543,156.90526642078183,156.90526642078183,156.90526642078183,207.0,207.0,207.0,206.0,203.0,192.0
1.51,469.575461776451,6.48464163822526,230_4,stick2,0.031,0.061,0.0,0.032,6.0,0.046,0.016,156.87225826659272,156.87225826659272,156.87225826659272,27.81977619748942,30.452979490761543,156.90593865216192,156.90593865216192,156.90593865216192,590.0,586.0,585.0,582.0,572.0,548.0
1.5,246.55715137173,6.40394088669951,230_4,stick2,0.031,0.061,0.0,0.032,6.0,0.046,0.016,156.87255608176835,156.87255608176835,156.87255608176835,27.81977619748942,30.452979490761543,156.90623646733755,156.90623646733755,156.90623646733755,204.0,203.0,203.0,202.0,201.0,190.0
1.53,335.509861159926,6.52173913043478,230_4,stick2,0.031,0.061,0.0,0.032,6.0,0.046,0.016,156.87276037849443,156.87276037849443,156.87276037849443,27.81977619748942,30.452979490761543,156.90644076406363,156.90644076406363,156.90644076406363,184.0,184.0,183.0,182.0,180.0,172.0
1.52,193.46150003734,4.76190476190476,230_4,stick2,0.031,0.061,0.0,0.032,6.0,0.046,0.016,156.8730544455488,156.8730544455488,156.8730544455488,27.81977619748942,30.452979490761543,156.906734831118,156.906734831118,156.906734831118,252.0,252.0,252.0,251.0,250.0,240.0
1.52,523.294491073113,6.32411067193676,230_4,stick2,0.031,0.061,0.0,0.032,6.0,0.046,0.016,156.87333838509872,156.87333838509872,156.87333838509872,27.81977619748942,30.452979490761543,156.90701877066792,156.90701877066792,156.90701877066792,253.0,253.0,252.0,251.0,247.0,237.0
1.49,127.052790406531,2.06185567010309,230_4,stick2,0.031,0.061,0.0,0.032,6.0,0.046,0.016,156.87365293207515,156.87365293207515,156.87365293207515,27.81977619748942,30.452979490761543,156.90733331764434,156.90733331764434,156.90733331764434,194.0,194.0,194.0,194.0,194.0,190.0
1.5,363.522418802414,7.54716981132075,230_4,stick2,0.031,0.061,0.0,0.032,6.0,0.046,0.016,156.87395531257437,156.87395531257437,156.87395531257437,27.81977619748942,30.452979490761543,156.90763569814357,156.90763569814357,156.90763569814357,212.0,212.0,211.0,207.0,207.0,196.0
1.51,280.91414933967,6.25,230_4,stick2,0.031,0.061,0.0,0.032,6.0,0.046,0.016,156.87465592772395,156.87465592772395,156.87465592772395,27.81977619748942,30.452979490761543,156.90833631329315,156.90833631329315,156.90833631329315,497.0,496.0,495.0,495.0,480.0,465.0
1.55,342.42587061182,7.05882352941176,230_4,stick2,0.031,0.061,0.0,0.032,6.0,0.046,0.016,156.8753006526481,156.8753006526481,156.8753006526481,27.81977619748942,30.452979490761543,156.9089810382173,156.9089810382173,156.9089810382173,171.0,170.0,170.0,170.0,165.0,158.0
1.54,286.738316060368,7.69230769230769,230_4,stick2,0.031,0.061,0.0,0.032,6.0,0.046,0.016,156.87554212999567,156.87554212999567,156.87554212999567,27.81977619748942,30.452979490761543,156.90922251556486,156.90922251556486,156.90922251556486,156.0,156.0,156.0,153.0,150.0,144.0
1.57,387.056312429941,6.22406639004149,230_4,stick2,0.031,0.061,0.0,0.032,6.0,0.046,0.016,156.8758286621144,156.8758286621144,156.8758286621144,27.81977619748942,30.452979490761543,156.9095090476836,156.9095090476836,156.9095090476836,241.0,241.0,241.0,240.0,235.0,226.0
1.55,68.1621017207237,4.3956043956044,230_4,stick2,0.031,0.061,0.0,0.032,6.0,0.046,0.016,156.8760617671719,156.8760617671719,156.8760617671719,27.81977619748942,30.452979490761543,156.9097421527411,156.9097421527411,156.9097421527411,182.0,182.0,181.0,181.0,178.0,174.0
1.55,309.683991804409,5.33980582524272,230_4,stick2,0.031,0.061,0.0,0.032,6.0,0.046,0.016,156.87641707117803,156.87641707117803,156.87641707117803,27.81977619748942,30.452979490761543,156.91009745674722,156.91009745674722,156.91009745674722,207.0,206.0,205.0,204.0,199.0,195.0
1.55,270.513386804045,5.67685589519651,230_4,stick2,0.031,0.061,0.0,0.032,6.0,0.046,0.016,156.87671449070154,156.87671449070154,156.87671449070154,27.81977619748942,30.452979490761543,156.91039487627074,156.91039487627074,156.91039487627074,229.0,229.0,227.0,227.0,225.0,216.0
1.55,442.640256001881,6.25,230_4,stick2,0.031,0.061,0.0,0.032,6.0,0.046,0.016,156.87687751535637,156.87687751535637,156.87687751535637,27.81977619748942,30.452979490761543,156.91055790092557,156.91055790092557,156.91055790092557,193.0,192.0,192.0,191.0,187.0,180.0
1.55,279.143901923219,6.72268907563025,230_4,stick2,0.031,0.061,0.0,0.032,6.0,0.046,0.016,156.87722413177343,156.87722413177343,156.87722413177343,27.81977619748942,30.452979490761543,156.91090451734263,156.91090451734263,156.91090451734263,238.0,238.0,238.0,236.0,232.0,222.0
1.56,207.819387514657,3.82775119617225,230_4,stick2,0.031,0.061,0.0,0.032,6.0,0.046,0.016,156.87747049409134,156.87747049409134,156.87747049409134,27.81977619748942,30.452979490761543,156.91115087966054,156.91115087966054,156.91115087966054,210.0,209.0,209.0,209.0,206.0,201.0
1.56,169.374318394774,2.29357798165138,230_4,stick2,0.031,0.061,0.0,0.032,6.0,0.046,0.016,156.87777027580154,156.87777027580154,156.87777027580154,27.81977619748942,30.452979490761543,156.91145066137074,156.91145066137074,156.91145066137074,218.0,218.0,217.0,217.0,217.0,213.0
1.58,219.587539905424,5.22388059701493,230_4,stick2,0.031,0.061,0.0,0.032,6.0,0.046,0.016,156.87802707088855,156.87802707088855,156.87802707088855,27.81977619748942,30.452979490761543,156.91170745645775,156.91170745645775,156.91170745645775,270.0,268.0,267.0,267.0,263.0,254.0
1.6,75.9406808623623,4.39024390243902,230_4,stick2,0.031,0.061,0.0,0.032,6.0,0.046,0.016,156.87827401533568,156.87827401533568,156.87827401533568,27.81977619748942,30.452979490761543,156.91195440090488,156.91195440090488,156.91195440090488,206.0,205.0,204.0,203.0,202.0,196.0
1.6,254.810262649229,5.97014925373134,230_4,stick2,0.031,0.061,0.0,0.032,6.0,0.046,0.016,156.87887232037372,156.87887232037372,156.87887232037372,27.81977619748942,30.452979490761543,156.91255270594291,156.91255270594291,156.91255270594291,201.0,201.0,201.0,200.0,198.0,189.0
1.63,198.533339534297,4.18006430868167,230_4,stick2,0.031,0.061,0.0,0.032,6.0,0.046,0.016,156.87912725283678,156.87912725283678,156.87912725283678,27.81977619748942,30.452979490761543,156.91280763840598,156.91280763840598,156.91280763840598,313.0,311.0,310.0,307.0,305.0,298.0
1.59,356.282893247951,7.55287009063444,230_4,stick2,0.031,0.061,0.0,0.032,6.0,0.046,0.016,156.87945645289395,156.87945645289395,156.87945645289395,27.81977619748942,30.452979490761543,156.91313683846315,156.91313683846315,156.91313683846315,331.0,331.0,330.0,329.0,321.0,306.0
1.59,197.013660559965,4.63576158940397,230_4,stick2,0.031,0.061,0.0,0.032,6.0,0.046,0.016,156.8797473034482,156.8797473034482,156.8797473034482,27.81977619748942,30.452979490761543,156.9134276890174,156.9134276890174,156.9134276890174,302.0,302.0,302.0,301.0,297.0,288.0
1.59,320.360721764334,6.53266331658291,230_4,stick2,0.031,0.061,0.0,0.032,6.0,0.046,0.016,156.8800581161714,156.8800581161714,156.8800581161714,27.81977619748942,30.452979490761543,156.9137385017406,156.9137385017406,156.9137385017406,199.0,199.0,198.0,196.0,193.0,186.0
1.59,326.57317236497,6.25,230_4,stick2,0.031,0.061,0.0,0.032,6.0,0.046,0.016,156.88034277248806,156.88034277248806,156.88034277248806,27.81977619748942,30.452979490761543,156.91402315805726,156.91402315805726,156.91402315805726,272.0,272.0,270.0,267.0,264.0,255.0
1.59,151.702366077963,4.08163265306122,230_4,stick2,0.031,0.061,0.0,0.032,6.0,0.046,0.016,156.88059859633825,156.88059859633825,156.88059859633825,27.81977619748942,30.452979490761543,156.91427898190744,156.91427898190744,156.91427898190744,245.0,245.0,245.0,245.0,243.0,235.0
1.59,396.864571585804,6.53061224489796,230_4,stick2,0.031,0.061,0.0,0.032,6.0,0.046,0.016,156.88105537433495,156.88105537433495,156.88105537433495,27.81977619748942,30.452979490761543,156.91473575990415,156.91473575990415,156.91473575990415,493.0,490.0,490.0,481.0,476.0,458.0
1.59,246.928722988036,4.70588235294118,230_4,stick2,0.031,0.061,0.0,0.032,6.0,0.046,0.016,156.88132640942314,156.88132640942314,156.88132640942314,27.81977619748942,30.452979490761543,156.91500679499234,156.91500679499234,156.91500679499234,171.0,170.0,170.0,169.0,167.0,162.0
1.59,304.580559781164,9.09090909090909,230_4,stick2,0.031,0.061,0.0,0.032,6.0,0.046,0.016,156.88152812805293,156.88152812805293,156.88152812805293,27.81977619748942,30.452979490761543,156.91520851362213,156.91520851362213,156.91520851362213,154.0,154.0,153.0,152.0,151.0,140.0
1.6,162.436695936114,3.01507537688442,230_4,stick2,0.031,0.061,0.0,0.032,6.0,0.046,0.016,156.88175528257477,156.88175528257477,156.88175528257477,27.81977619748942,30.452979490761543,156.91543566814397,156.91543566814397,156.91543566814397,199.0,199.0,198.0,197.0,197.0,193.0
1.59,375.688447082932,5.57620817843866,230_4,stick2,0.031,0.061,0.0,0.032,6.0,0.046,0.016,156.88210446792107,156.88210446792107,156.88210446792107,27.81977619748942,30.452979490761543,156.91578485349027,156.91578485349027,156.91578485349027,270.0,269.0,268.0,267.0,265.0,254.0
1.59,500.023995973466,7.40740740740741,230_4,stick2,0.031,0.061,0.0,0.032,6.0,0.046,0.016,156.88238490800583,156.88238490800583,156.88238490800583,27.81977619748942,30.452979490761543,156.91606529357503,156.91606529357503,156.91606529357503,244.0,243.0,240.0,239.0,238.0,225.0
1.59,321.536037247356,3.87931034482759,230_4,stick2,0.031,0.061,0.0,0.032,6.0,0.046,0.016,156.8825920162572,156.8825920162572,156.8825920162572,27.81977619748942,30.452979490761543,156.9162724018264,156.9162724018264,156.9162724018264,232.0,232.0,231.0,230.0,229.0,223.0
1.59,214.017474719438,6.07476635514019,230_4,stick2,0.031,0.061,0.0,0.032,6.0,0.046,0.016,156.88290531814104,156.88290531814104,156.88290531814104,27.81977619748942,30.452979490761543,156.91658570371024,156.91658570371024,156.91658570371024,214.0,214.0,214.0,212.0,212.0,201.0
1.6,421.564632852397,5.55555555555556,230_4,stick2,0.031,0.061,0.0,0.032,6.0,0.046,0.016,156.88313004120025,156.88313004120025,156.88313004120025,27.81977619748942,30.452979490761543,156.91681042676944,156.91681042676944,156.91681042676944,234.0,234.0,234.0,231.0,227.0,221.0
1.6,280.947705314573,5.74162679425837,230_4,stick2,0.031,0.061,0.0,0.032,6.0,0.046,0.016,156.88335332986122,156.88335332986122,156.88335332986122,27.81977619748942,30.452979490761543,156.91703371543042,156.91703371543042,156.91703371543042,210.0,209.0,209.0,206.0,204.0,197.0
1.6,336.204370754927,6.71641791044776,230_4,stick2,0.031,0.061,0.0,0.032,6.0,0.046,0.016,156.8836010472187,156.8836010472187,156.8836010472187,27.81977619748942,30.452979490761543,156.9172814327879,156.9172814327879,156.9172814327879,269.0,268.0,266.0,265.0,261.0,250.0
1.59,359.840662134368,6.63900414937759,230_4,stick2,0.031,0.061,0.0,0.032,6.0,0.046,0.016,156.8839090461258,156.8839090461258,156.8839090461258,27.81977619748942,30.452979490761543,156.917589431695,156.917589431695,156.917589431695,242.0,241.0,240.0,238.0,235.0,225.0
1.59,542.186948212662,7.77777777777778,230_4,stick2,0.031,0.061,0.0,0.032,6.0,0.046,0.016,156.88411319946698,156.88411319946698,156.88411319946698,27.81977619748942,30.452979490761543,156.91779358503618,156.91779358503618,156.91779358503618,270.0,270.0,268.0,266.0,263.0,249.0
1.6,407.925908760659,4.29184549356223,230_4,stick2,0.031,0.061,0.0,0.032,6.0,0.046,0.016,156.88435742205678,156.88435742205678,156.88435742205678,27.81977619748942,30.452979490761543,156.91803780762598,156.91803780762598,156.91803780762598,233.0,233.0,232.0,231.0,229.0,223.0
1.6,15.6982839995148,2.56410256410256,230_4,stick2,0.031,0.061,0.0,0.032,6.0,0.046,0.016,156.88493059528807,156.88493059528807,156.88493059528807,27.81977619748942,30.452979490761543,156.91861098085727,156.91861098085727,156.91861098085727,39.0,39.0,39.0,39.0,39.0,38.0
1.6,373.372634170516,5.69395017793594,230_4,stick2,0.031,0.061,0.0,0.032,6.0,0.046,0.016,156.88518522651748,156.88518522651748,156.88518522651748,27.81977619748942,30.452979490761543,156.91886561208668,156.91886561208668,156.91886561208668,282.0,281.0,277.0,277.0,275.0,265.0
1.61,290.229587249051,4.38247011952191,230_4,stick2,0.031,0.061,0.0,0.032,6.0,0.046,0.016,156.88542560707083,156.88542560707083,156.88542560707083,27.81977619748942,30.452979490761543,156.91910599264003,156.91910599264003,156.91910599264003,252.0,251.0,249.0,248.0,246.0,240.0
1.62,468.329933629432,8.07174887892377,230_4,stick2,0.031,0.061,0.0,0.032,6.0,0.046,0.016,156.88571668260025,156.88571668260025,156.88571668260025,27.81977619748942,30.452979490761543,156.91939706816945,156.91939706816945,156.91939706816945,223.0,223.0,221.0,219.0,215.0,205.0
1.6,430.072122510909,6.95364238410596,230_4,stick2,0.031,0.061,0.0,0.032,6.0,0.046,0.016,156.88594791224176,156.88594791224176,156.88594791224176,27.81977619748942,30.452979490761543,156.91962829781096,156.91962829781096,156.91962829781096,303.0,302.0,301.0,301.0,299.0,281.0
1.59,231.281450622879,4.48430493273543,230_4,stick2,0.031,0.061,0.0,0.032,6.0,0.046,0.016,156.88619445761103,156.88619445761103,156.88619445761103,27.81977619748942,30.452979490761543,156.91987484318022,156.91987484318022,156.91987484318022,225.0,223.0,222.0,219.0,215.0,213.0
1.59,405.350433575962,8.55018587360595,230_4,stick2,0.031,0.061,0.0,0.032,6.0,0.046,0.016,156.88644233047287,156.88644233047287,156.88644233047287,27.81977619748942,30.452979490761543,156.92012271604207,156.92012271604207,156.92012271604207,271.0,269.0,267.0,265.0,260.0,246.0
1.59,498.97781941797,8.84615384615385,230_4,stick2,0.031,0.061,0.0,0.032,6.0,0.046,0.016,156.8866807811771,156.8866807811771,156.8866807811771,27.81977619748942,30.452979490761543,156.9203611667463,156.9203611667463,156.9203611667463,260.0,260.0,260.0,255.0,252.0,237.0
1.59,260.912374002047,5.61797752808989,230_4,stick2,0.031,0.061,0.0,0.032,6.0,0.046,0.016,156.8869487771953,156.8869487771953,156.8869487771953,27.81977619748942,30.452979490761543,156.9206291627645,156.9206291627645,156.9206291627645,178.0,178.0,178.0,177.0,175.0,168.0
1.59,394.925821688108,9.05660377358491,230_4,stick2,0.031,0.061,0.0,0.032,6.0,0.046,0.016,156.88727796129086,156.88727796129086,156.88727796129086,27.81977619748942,30.452979490761543,156.92095834686006,156.92095834686006,156.92095834686006,265.0,265.0,263.0,263.0,258.0,241.0
1.6,666.257664350741,5.32319391634981,230_4,stick2,0.031,0.061,0.0,0.032,6.0,0.046,0.016,156.88751508764219,156.88751508764219,156.88751508764219,27.81977619748942,30.452979490761543,156.92119547321138,156.92119547321138,156.92119547321138,263.0,263.0,262.0,259.0,256.0,249.0
1.6,472.188345526471,6.19834710743802,230_4,stick2,0.031,0.061,0.0,0.032,6.0,0.046,0.016,156.88775251534844,156.88775251534844,156.88775251534844,27.81977619748942,30.452979490761543,156.92143290091764,156.92143290091764,156.92143290091764,242.0,242.0,241.0,241.0,237.0,227.0
1.64,300.649430640094,7.19178082191781,230_4,stick2,0.031,0.061,0.0,0.032,6.0,0.046,0.016,156.8882736025972,156.8882736025972,156.8882736025972,27.81977619748942,30.452979490761543,156.9219539881664,156.9219539881664,156.9219539881664,586.0,584.0,583.0,576.0,569.0,542.0
1.64,468.303084111208,9.89399293286219,230_4,stick2,0.031,0.061,0.0,0.032,6.0,0.046,0.016,156.8885154633193,156.8885154633193,156.8885154633193,27.81977619748942,30.452979490761543,156.9221958488885,156.9221958488885,156.9221958488885,287.0,283.0,280.0,277.0,270.0,255.0
1.68,377.054813695668,5.79268292682927,230_4,stick2,0.031,0.061,0.0,0.032,6.0,0.046,0.016,156.8890586128929,156.8890586128929,156.8890586128929,27.81977619748942,30.452979490761543,156.9227389984621,156.9227389984621,156.9227389984621,329.0,328.0,328.0,327.0,323.0,309.0
1.69,330.94929922822,7.92079207920792,230_4,stick2,0.031,0.061,0.0,0.032,6.0,0.046,0.016,156.88932503823153,156.88932503823153,156.88932503823153,27.81977619748942,30.452979490761543,156.92300542380073,156.92300542380073,156.92300542380073,303.0,303.0,303.0,301.0,299.0,279.0
1.71,326.242219260224,4.94186046511628,230_4,stick2,0.031,0.061,0.0,0.032,6.0,0.046,0.016,156.88956139785986,156.88956139785986,156.88956139785986,27.81977619748942,30.452979490761543,156.92324178342906,156.92324178342906,156.92324178342906,345.0,344.0,344.0,342.0,337.0,327.0
1.8,172.487341091692,5.3921568627451,230_4,stick2,0.031,0.061,0.0,0.032,6.0,0.046,0.016,156.89029170914785,156.89029170914785,156.89029170914785,27.81977619748942,30.452979490761543,156.92397209471704,156.92397209471704,156.92397209471704,206.0,204.0,204.0,204.0,202.0,193.0
1.8,403.939899570734,6.0702875399361,230_4,stick2,0.031,0.061,0.0,0.032,6.0,0.046,0.016,156.89050139323047,156.89050139323047,156.89050139323047,27.81977619748942,30.452979490761543,156.92418177879966,156.92418177879966,156.92418177879966,313.0,313.0,310.0,308.0,307.0,294.0
1.82,479.87787463997,8.63095238095238,230_4,stick2,0.031,0.061,0.0,0.032,6.0,0.046,0.016,156.891097431564,156.891097431564,156.891097431564,27.81977619748942,30.452979490761543,156.9247778171332,156.9247778171332,156.9247778171332,337.0,336.0,336.0,333.0,330.0,307.0
1.82,440.621705333515,6.5625,230_4,stick2,0.031,0.061,0.0,0.032,6.0,0.046,0.016,156.89134951688467,156.89134951688467,156.89134951688467,27.81977619748942,30.452979490761543,156.92502990245387,156.92502990245387,156.92502990245387,321.0,320.0,320.0,317.0,311.0,299.0
1.82,465.603781197777,8.53658536585366,230_4,stick2,0.031,0.061,0.0,0.032,6.0,0.046,0.016,156.8916527647142,156.8916527647142,156.8916527647142,27.81977619748942,30.452979490761543,156.9253331502834,156.9253331502834,156.9253331502834,248.0,246.0,245.0,242.0,238.0,225.0
1.82,1352.01575609643,8.52130325814536,230_4,stick2,0.031,0.061,0.0,0.032,6.0,0.046,0.016,156.891905587368,156.891905587368,156.891905587368,27.81977619748942,30.452979490761543,156.9255859729372,156.9255859729372,156.9255859729372,402.0,399.0,398.0,392.0,386.0,365.0
1.85,558.252506910352,5.77540106951872,230_4,stick2,0.031,0.061,0.0,0.032,6.0,0.046,0.016,156.89254340874933,156.89254340874933,156.89254340874933,27.81977619748942,30.452979490761543,156.92622379431853,156.92622379431853,156.92622379431853,940.0,935.0,931.0,925.0,915.0,881.0
1.85,879.814702802324,8.10234541577825,230_4,stick2,0.031,0.061,0.0,0.032,6.0,0.046,0.016,156.8928491665598,156.8928491665598,156.8928491665598,27.81977619748942,30.452979490761543,156.926529552129,156.926529552129,156.926529552129,470.0,469.0,469.0,465.0,454.0,431.0
1.85,753.083218158442,8.87290167865707,230_4,stick2,0.031,0.061,0.0,0.032,6.0,0.046,0.016,156.89334977701358,156.89334977701358,156.89334977701358,27.81977619748942,30.452979490761543,156.92703016258278,156.92703016258278,156.92703016258278,418.0,417.0,415.0,411.0,403.0,380.0
1.83,578.571420847794,7.05128205128205,230_4,stick2,0.031,0.061,0.0,0.032,6.0,0.046,0.016,156.89365160408988,156.89365160408988,156.89365160408988,27.81977619748942,30.452979490761543,156.92733198965908,156.92733198965908,156.92733198965908,469.0,468.0,467.0,463.0,457.0,435.0
1.85,617.145248284517,7.53880266075388,230_4,stick2,0.031,0.061,0.0,0.032,6.0,0.046,0.016,156.8939040360335,156.8939040360335,156.8939040360335,27.81977619748942,30.452979490761543,156.9275844216027,156.9275844216027,156.9275844216027,452.0,451.0,450.0,447.0,439.0,417.0
1.85,177.67398139465,7.09534368070953,230_4,stick2,0.031,0.061,0.0,0.032,6.0,0.046,0.016,156.8942072934605,156.8942072934605,156.8942072934605,27.81977619748942,30.452979490761543,156.9278876790297,156.9278876790297,156.9278876790297,452.0,451.0,450.0,446.0,438.0,419.0
1.86,562.123410175205,7.54257907542579,230_4,stick2,0.031,0.061,0.0,0.032,6.0,0.046,0.016,156.89451265984013,156.89451265984013,156.89451265984013,27.81977619748942,30.452979490761543,156.92819304540933,156.92819304540933,156.92819304540933,413.0,411.0,410.0,407.0,400.0,380.0
1.85,910.128790548,8.44155844155844,230_4,stick2,0.031,0.061,0.0,0.032,6.0,0.046,0.016,156.89476299880548,156.89476299880548,156.89476299880548,27.81977619748942,30.452979490761543,156.92844338437467,156.92844338437467,156.92844338437467,464.0,462.0,460.0,453.0,444.0,423.0
1.85,828.385583552456,6.6,230_4,stick2,0.031,0.061,0.0,0.032,6.0,0.046,0.016,156.89507162601228,156.89507162601228,156.89507162601228,27.81977619748942,30.452979490761543,156.92875201158148,156.92875201158148,156.92875201158148,503.0,500.0,496.0,493.0,490.0,467.0
1.83,314.298754621427,7.69230769230769,230_4,stick2,0.031,0.061,0.0,0.032,6.0,0.046,0.016,156.89562371864957,156.89562371864957,156.89562371864957,27.81977619748942,30.452979490761543,156.92930410421877,156.92930410421877,156.92930410421877,364.0,364.0,363.0,358.0,350.0,336.0
1.83,526.849742122852,6.11916264090177,230_4,stick2,0.031,0.061,0.0,0.032,6.0,0.046,0.016,156.89592733259312,156.89592733259312,156.89592733259312,27.81977619748942,30.452979490761543,156.92960771816232,156.92960771816232,156.92960771816232,624.0,621.0,621.0,615.0,609.0,583.0
1.82,954.582929049047,8.59538784067086,230_4,stick2,0.031,0.061,0.0,0.032,6.0,0.046,0.016,156.89618088510295,156.89618088510295,156.89618088510295,27.81977619748942,30.452979490761543,156.92986127067215,156.92986127067215,156.92986127067215,480.0,477.0,472.0,469.0,460.0,436.0
1.82,438.29263449483,9.00692840646651,230_4,stick2,0.031,0.061,0.0,0.032,6.0,0.046,0.016,156.89648376089764,156.89648376089764,156.89648376089764,27.81977619748942,30.452979490761543,156.93016414646684,156.93016414646684,156.93016414646684,434.0,433.0,432.0,430.0,420.0,394.0
1.8,731.684479756125,6.69077757685353,230_4,stick2,0.031,0.061,0.0,0.032,6.0,0.046,0.016,156.8967326045061,156.8967326045061,156.8967326045061,27.81977619748942,30.452979490761543,156.9304129900753,156.9304129900753,156.9304129900753,554.0,553.0,549.0,547.0,542.0,516.0
1.8,345.627841150428,7.12166172106825,230_4,stick2,0.031,0.061,0.0,0.032,6.0,0.046,0.016,156.89704197035056,156.89704197035056,156.89704197035056,27.81977619748942,30.452979490761543,156.93072235591976,156.93072235591976,156.93072235591976,338.0,337.0,334.0,331.0,325.0,313.0
1.8,231.947262017826,6.08108108108108,230_4,stick2,0.031,0.061,0.0,0.032,6.0,0.046,0.016,156.89734342908764,156.89734342908764,156.89734342908764,27.81977619748942,30.452979490761543,156.93102381465684,156.93102381465684,156.93102381465684,297.0,296.0,296.0,294.0,292.0,278.0
1.77,792.473865463887,7.91896869244936,230_4,stick2,0.031,0.061,0.0,0.032,6.0,0.046,0.016,156.897649178684,156.897649178684,156.897649178684,27.81977619748942,30.452979490761543,156.9313295642532,156.9313295642532,156.9313295642532,545.0,543.0,542.0,536.0,527.0,500.0
1.79,759.689449186501,5.72687224669604,230_4,stick2,0.031,0.061,0.0,0.032,6.0,0.046,0.016,156.89789805582888,156.89789805582888,156.89789805582888,27.81977619748942,30.452979490761543,156.93157844139807,156.93157844139807,156.93157844139807,454.0,454.0,453.0,450.0,445.0,428.0
1.75,636.3447972516,6.41711229946524,230_4,stick2,0.031,0.061,0.0,0.032,6.0,0.046,0.016,156.89851174237072,156.89851174237072,156.89851174237072,27.81977619748942,30.452979490761543,156.9321921279399,156.9321921279399,156.9321921279399,375.0,374.0,370.0,363.0,361.0,350.0
1.76,181.27268829787,6.31970260223048,230_4,stick2,0.031,0.061,0.0,0.032,6.0,0.046,0.016,156.89881857551742,156.89881857551742,156.89881857551742,27.81977619748942,30.452979490761543,156.93249896108662,156.93249896108662,156.93249896108662,272.0,269.0,269.0,267.0,266.0,252.0
1.75,895.794425140842,7.38916256157635,230_4,stick2,0.031,0.061,0.0,0.032,6.0,0.046,0.016,156.8990649062948,156.8990649062948,156.8990649062948,27.81977619748942,30.452979490761543,156.932745291864,156.932745291864,156.932745291864,407.0,406.0,402.0,398.0,395.0,376.0
1.73,269.34704855852,6.47482014388489,230_4,stick2,0.031,0.061,0.0,0.032,6.0,0.046,0.016,156.899371038639,156.899371038639,156.899371038639,27.81977619748942,30.452979490761543,156.9330514242082,156.9330514242082,156.9330514242082,280.0,278.0,278.0,275.0,274.0,260.0
1.7,283.166051387629,7.93103448275862,230_4,stick2,0.031,0.061,0.0,0.032,6.0,0.046,0.016,156.89967715425823,156.89967715425823,156.89967715425823,27.81977619748942,30.452979490761543,156.93335753982743,156.93335753982743,156.93335753982743,291.0,290.0,289.0,285.0,282.0,267.0
1.71,447.522777248407,5.01392757660167,230_4,stick2,0.031,0.061,0.0,0.032,6.0,0.046,0.016,156.89998363632458,156.89998363632458,156.89998363632458,27.81977619748942,30.452979490761543,156.93366402189378,156.93366402189378,156.93366402189378,361.0,359.0,358.0,358.0,354.0,341.0
1.71,535.455874210435,4.95626822157434,230_4,stick2,0.031,0.061,0.0,0.032,6.0,0.046,0.016,156.90023035030586,156.90023035030586,156.90023035030586,27.81977619748942,30.452979490761543,156.93391073587506,156.93391073587506,156.93391073587506,344.0,343.0,341.0,337.0,335.0,326.0
1.7,250.870582593215,6.28930817610063,230_4,stick2,0.031,0.061,0.0,0.032,6.0,0.046,0.016,156.90048209487784,156.90048209487784,156.90048209487784,27.81977619748942,30.452979490761543,156.93416248044704,156.93416248044704,156.93416248044704,319.0,318.0,317.0,316.0,314.0,298.0
1.66,270.123527369359,5.24079320113314,230_4,stick2,0.031,0.061,0.0,0.032,6.0,0.046,0.016,156.90117718451276,156.90117718451276,156.90117718451276,27.81977619748942,30.452979490761543,156.93485757008196,156.93485757008196,156.93485757008196,708.0,706.0,706.0,706.0,695.0,669.0
1.69,476.26683744222,5.48628428927681,230_4,stick2,0.031,0.061,0.0,0.032,6.0,0.046,0.016,156.90148402349567,156.90148402349567,156.90148402349567,27.81977619748942,30.452979490761543,156.93516440906487,156.93516440906487,156.93516440906487,403.0,401.0,401.0,400.0,395.0,379.0
1.67,504.80790970648,5.45634920634921,230_4,stick2,0.031,0.061,0.0,0.032,6.0,0.046,0.016,156.90252412211692,156.90252412211692,156.90252412211692,27.81977619748942,30.452979490761543,156.9362045076861,156.9362045076861,156.9362045076861,1008.0,1008.0,1005.0,1002.0,993.0,953.0
1.65,235.181975222583,5.49450549450549,230_4,stick2,0.031,0.061,0.0,0.032,6.0,0.046,0.016,156.90265072396468,156.90265072396468,156.90265072396468,27.81977619748942,30.452979490761543,156.93633110953388,156.93633110953388,156.93633110953388,274.0,273.0,273.0,272.0,267.0,258.0
1.65,407.298490262671,8.49673202614379,230_4,stick2,0.031,0.061,0.0,0.032,6.0,0.046,0.016,156.90285195299722,156.90285195299722,156.90285195299722,27.81977619748942,30.452979490761543,156.93653233856642,156.93653233856642,156.93653233856642,307.0,306.0,306.0,303.0,297.0,280.0
1.67,211.099208887528,6.08695652173913,230_4,stick2,0.031,0.061,0.0,0.032,6.0,0.046,0.016,156.9031285736944,156.9031285736944,156.9031285736944,27.81977619748942,30.452979490761543,156.9368089592636,156.9368089592636,156.9368089592636,230.0,230.0,230.0,229.0,226.0,216.0
1.64,204.484841268945,4.61538461538461,230_4,stick2,0.031,0.061,0.0,0.032,6.0,0.046,0.016,156.90339072093516,156.90339072093516,156.90339072093516,27.81977619748942,30.452979490761543,156.93707110650436,156.93707110650436,156.93707110650436,260.0,260.0,260.0,260.0,255.0,248.0
1.65,224.76014565939,6.18181818181818,230_4,stick2,0.031,0.061,0.0,0.032,6.0,0.046,0.016,156.9036563333351,156.9036563333351,156.9036563333351,27.81977619748942,30.452979490761543,156.9373367189043,156.9373367189043,156.9373367189043,275.0,275.0,275.0,274.0,267.0,258.0
1.65,166.139734538838,5.08474576271186,230_4,stick2,0.031,0.061,0.0,0.032,6.0,0.046,0.016,156.9040031861804,156.9040031861804,156.9040031861804,27.81977619748942,30.452979490761543,156.9376835717496,156.9376835717496,156.9376835717496,237.0,236.0,236.0,235.0,233.0,224.0
1.65,265.665713461758,5.98006644518272,230_4,stick2,0.031,0.061,0.0,0.032,6.0,0.046,0.016,156.9043004645063,156.9043004645063,156.9043004645063,27.81977619748942,30.452979490761543,156.9379808500755,156.9379808500755,156.9379808500755,301.0,301.0,300.0,299.0,296.0,283.0
1.65,249.966765576043,5.07246376811594,230_4,stick2,0.031,0.061,0.0,0.032,6.0,0.046,0.016,156.90455217403343,156.90455217403343,156.90455217403343,27.81977619748942,30.452979490761543,156.93823255960262,156.93823255960262,156.93823255960262,276.0,276.0,276.0,275.0,272.0,262.0
1.68,297.272241875147,6.74603174603175,230_4,stick2,0.031,0.061,0.0,0.032,6.0,0.046,0.016,156.90480636971128,156.90480636971128,156.90480636971128,27.81977619748942,30.452979490761543,156.93848675528048,156.93848675528048,156.93848675528048,254.0,252.0,251.0,250.0,246.0,235.0
1.66,254.015141507442,4.45062586926286,230_4,stick2,0.031,0.061,0.0,0.032,6.0,0.046,0.016,156.90539450251396,156.90539450251396,156.90539450251396,27.81977619748942,30.452979490761543,156.93907488808316,156.93907488808316,156.93907488808316,720.0,719.0,719.0,718.0,713.0,687.0
1.65,178.696340365154,6.58914728682171,230_4,stick2,0.031,0.061,0.0,0.032,6.0,0.046,0.016,156.9057189930155,156.9057189930155,156.9057189930155,27.81977619748942,30.452979490761543,156.9393993785847,156.9393993785847,156.9393993785847,258.0,258.0,258.0,257.0,252.0,241.0
1.68,265.711147201692,6.08974358974359,230_4,stick2,0.031,0.061,0.0,0.032,6.0,0.046,0.016,156.9059943376725,156.9059943376725,156.9059943376725,27.81977619748942,30.452979490761543,156.9396747232417,156.9396747232417,156.9396747232417,315.0,312.0,312.0,311.0,307.0,293.0
1.63,192.339942821527,3.23886639676113,230_4,stick2,0.031,0.061,0.0,0.032,6.0,0.046,0.016,156.90631803599248,156.90631803599248,156.90631803599248,27.81977619748942,30.452979490761543,156.93999842156168,156.93999842156168,156.93999842156168,247.0,247.0,247.0,247.0,243.0,239.0
1.68,425.450778957851,5.98802395209581,230_4,stick2,0.031,0.061,0.0,0.032,6.0,0.046,0.016,156.90665607636527,156.90665607636527,156.90665607636527,27.81977619748942,30.452979490761543,156.94033646193446,156.94033646193446,156.94033646193446,336.0,334.0,333.0,330.0,325.0,314.0
1.68,477.495305481359,6.59340659340659,230_4,stick2,0.031,0.061,0.0,0.032,6.0,0.046,0.016,156.90689835138252,156.90689835138252,156.90689835138252,27.81977619748942,30.452979490761543,156.94057873695172,156.94057873695172,156.94057873695172,273.0,273.0,272.0,269.0,267.0,255.0
1.66,144.945104785057,3.62903225806452,230_4,stick2,0.031,0.061,0.0,0.032,6.0,0.046,0.016,156.9074572294919,156.9074572294919,156.9074572294919,27.81977619748942,30.452979490761543,156.9411376150611,156.9411376150611,156.9411376150611,249.0,248.0,247.0,247.0,246.0,239.0
1.69,269.061144077103,4.81481481481481,230_4,stick2,0.031,0.061,0.0,0.032,6.0,0.046,0.016,156.90772404598985,156.90772404598985,156.90772404598985,27.81977619748942,30.452979490761543,156.94140443155905,156.94140443155905,156.94140443155905,271.0,270.0,270.0,269.0,266.0,257.0
1.67,170.296011247965,6.03448275862069,230_4,stick2,0.031,0.061,0.0,0.032,6.0,0.046,0.016,156.90805784820517,156.90805784820517,156.90805784820517,27.81977619748942,30.452979490761543,156.94173823377437,156.94173823377437,156.94173823377437,232.0,232.0,232.0,232.0,228.0,218.0
1.67,399.647795301816,6.03174603174603,230_4,stick2,0.031,0.061,0.0,0.032,6.0,0.046,0.016,156.90828616690894,156.90828616690894,156.90828616690894,27.81977619748942,30.452979490761543,156.94196655247814,156.94196655247814,156.94196655247814,316.0,315.0,315.0,314.0,313.0,296.0
1.69,169.810041249097,7.69230769230769,230_4,stick2,0.031,0.061,0.0,0.032,6.0,0.046,0.016,156.90853087714885,156.90853087714885,156.90853087714885,27.81977619748942,30.452979490761543,156.94221126271805,156.94221126271805,156.94221126271805,260.0,260.0,260.0,260.0,258.0,240.0
1.67,362.953511685571,6.07142857142857,230_4,stick2,0.031,0.061,0.0,0.032,6.0,0.046,0.016,156.9087644740142,156.9087644740142,156.9087644740142,27.81977619748942,30.452979490761543,156.9424448595834,156.9424448595834,156.9424448595834,280.0,280.0,279.0,279.0,276.0,263.0
1.67,238.763845757877,7.04845814977974,230_4,stick2,0.031,0.061,0.0,0.032,6.0,0.046,0.016,156.90906576367888,156.90906576367888,156.90906576367888,27.81977619748942,30.452979490761543,156.94274614924808,156.94274614924808,156.94274614924808,227.0,227.0,226.0,226.0,222.0,211.0
1.67,143.237275755099,4.3956043956044,230_4,stick2,0.031,0.061,0.0,0.032,6.0,0.046,0.016,156.90940190063773,156.90940190063773,156.90940190063773,27.81977619748942,30.452979490761543,156.94308228620693,156.94308228620693,156.94308228620693,275.0,273.0,273.0,273.0,270.0,261.0
1.68,316.63301026529,6.84523809523809,230_4,stick2,0.031,0.061,0.0,0.032,6.0,0.046,0.016,156.90968107149578,156.90968107149578,156.90968107149578,27.81977619748942,30.452979490761543,156.94336145706498,156.94336145706498,156.94336145706498,336.0,336.0,335.0,334.0,330.0,313.0
1.67,370.659352171875,8.06451612903226,230_4,stick2,0.031,0.061,0.0,0.032,6.0,0.046,0.016,156.9101456705063,156.9101456705063,156.9101456705063,27.81977619748942,30.452979490761543,156.9438260560755,156.9438260560755,156.9438260560755,248.0,248.0,248.0,248.0,246.0,228.0
1.67,117.462147426985,3.09734513274336,230_4,stick2,0.031,0.061,0.0,0.032,6.0,0.046,0.016,156.91047216012274,156.91047216012274,156.91047216012274,27.81977619748942,30.452979490761543,156.94415254569194,156.94415254569194,156.94415254569194,226.0,226.0,226.0,226.0,225.0,219.0
1.67,384.044099140516,4.3343653250774,230_4,stick2,0.031,0.061,0.0,0.032,6.0,0.046,0.016,156.9107400651492,156.9107400651492,156.9107400651492,27.81977619748942,30.452979490761543,156.9444204507184,156.9444204507184,156.9444204507184,323.0,323.0,323.0,320.0,316.0,309.0
1.7,361.779251748939,4.66926070038911,230_4,stick2,0.031,0.061,0.0,0.032,6.0,0.046,0.016,156.91101496630023,156.91101496630023,156.91101496630023,27.81977619748942,30.452979490761543,156.94469535186943,156.94469535186943,156.94469535186943,257.0,257.0,256.0,255.0,253.0,245.0
1.7,306.991017420927,4.62962962962963,230_4,stick2,0.031,0.061,0.0,0.032,6.0,0.046,0.016,156.9112468253969,156.9112468253969,156.9112468253969,27.81977619748942,30.452979490761543,156.94492721096609,156.94492721096609,156.94492721096609,325.0,324.0,324.0,324.0,321.0,309.0
1.68,277.273813332738,4.6639231824417,230_4,stick2,0.031,0.061,0.0,0.032,6.0,0.046,0.016,156.91192637134995,156.91192637134995,156.91192637134995,27.81977619748942,30.452979490761543,156.94560675691915,156.94560675691915,156.94560675691915,730.0,729.0,728.0,726.0,719.0,695.0
1.7,114.618085207,7.27272727272727,230_4,stick2,0.031,0.061,0.0,0.032,6.0,0.046,0.016,156.91218888186438,156.91218888186438,156.91218888186438,27.81977619748942,30.452979490761543,156.94586926743358,156.94586926743358,156.94586926743358,330.0,330.0,328.0,327.0,325.0,306.0
1.71,470.055232177288,6.96378830083565,230_4,stick2,0.031,0.061,0.0,0.032,6.0,0.046,0.016,156.91243683645848,156.91243683645848,156.91243683645848,27.81977619748942,30.452979490761543,156.94611722202768,156.94611722202768,156.94611722202768,359.0,359.0,359.0,357.0,355.0,334.0
1.73,392.401526706671,7.66550522648084,230_4,stick2,0.031,0.061,0.0,0.032,6.0,0.046,0.016,156.9126888457821,156.9126888457821,156.9126888457821,27.81977619748942,30.452979490761543,156.9463692313513,156.9463692313513,156.9463692313513,287.0,287.0,286.0,285.0,278.0,265.0
1.67,360.587317506249,6.46153846153846,230_4,stick2,0.031,0.061,0.0,0.032,6.0,0.046,0.016,156.9129889969427,156.9129889969427,156.9129889969427,27.81977619748942,30.452979490761543,156.94666938251189,156.94666938251189,156.94666938251189,325.0,325.0,325.0,324.0,320.0,304.0
1.71,300.832518346044,6.53846153846154,230_4,stick2,0.031,0.061,0.0,0.032,6.0,0.046,0.016,156.9132921404634,156.9132921404634,156.9132921404634,27.81977619748942,30.452979490761543,156.9469725260326,156.9469725260326,156.9469725260326,261.0,260.0,260.0,259.0,258.0,243.0
1.69,292.443766074516,5.61622464898596,230_4,stick2,0.031,0.061,0.0,0.032,6.0,0.046,0.016,156.9142259977584,156.9142259977584,156.9142259977584,27.81977619748942,30.452979490761543,156.9479063833276,156.9479063833276,156.9479063833276,641.0,641.0,637.0,635.0,626.0,605.0
1.7,390.187363602746,3.27380952380952,230_4,stick2,0.031,0.061,0.0,0.032,6.0,0.046,0.016,156.91446039627616,156.91446039627616,156.91446039627616,27.81977619748942,30.452979490761543,156.94814078184535,156.94814078184535,156.94814078184535,337.0,336.0,335.0,334.0,333.0,325.0
1.67,306.66576796543,3.71621621621622,230_4,stick2,0.031,0.061,0.0,0.032,6.0,0.046,0.016,156.91475206471915,156.91475206471915,156.91475206471915,27.81977619748942,30.452979490761543,156.94843245028835,156.94843245028835,156.94843245028835,297.0,296.0,296.0,293.0,290.0,285.0
1.7,230.379390137747,7.23514211886305,230_4,stick2,0.031,0.061,0.0,0.032,6.0,0.046,0.016,156.91506627898343,156.91506627898343,156.91506627898343,27.81977619748942,30.452979490761543,156.94874666455263,156.94874666455263,156.94874666455263,387.0,387.0,386.0,385.0,377.0,359.0
1.74,384.895455672469,6.30372492836676,230_4,stick2,0.031,0.061,0.0,0.032,6.0,0.046,0.016,156.91534637211817,156.91534637211817,156.91534637211817,27.81977619748942,30.452979490761543,156.94902675768736,156.94902675768736,156.94902675768736,349.0,349.0,347.0,345.0,339.0,327.0
1.69,264.222252310478,6.59340659340659,230_4,stick2,0.031,0.061,0.0,0.032,6.0,0.046,0.016,156.91561218772864,156.91561218772864,156.91561218772864,27.81977619748942,30.452979490761543,156.94929257329784,156.94929257329784,156.94929257329784,273.0,273.0,273.0,271.0,270.0,255.0
1.7,437.782253923729,5.26315789473684,230_4,stick2,0.031,0.061,0.0,0.032,6.0,0.046,0.016,156.91587245463646,156.91587245463646,156.91587245463646,27.81977619748942,30.452979490761543,156.94955284020566,156.94955284020566,156.94955284020566,361.0,361.0,361.0,358.0,356.0,342.0
1.71,171.028342126591,4.14201183431953,230_4,stick2,0.031,0.061,0.0,0.032,6.0,0.046,0.016,156.91621253440928,156.91621253440928,156.91621253440928,27.81977619748942,30.452979490761543,156.94989291997848,156.94989291997848,156.94989291997848,338.0,338.0,337.0,337.0,336.0,324.0
1.72,420.537460266432,4.97512437810945,230_4,stick2,0.031,0.061,0.0,0.032,6.0,0.046,0.016,156.91651509721765,156.91651509721765,156.91651509721765,27.81977619748942,30.452979490761543,156.95019548278685,156.95019548278685,156.95019548278685,405.0,402.0,402.0,401.0,399.0,382.0
1.74,362.848667806964,4.51807228915663,230_4,stick2,0.031,0.061,0.0,0.032,6.0,0.046,0.016,156.91677565897774,156.91677565897774,156.91677565897774,27.81977619748942,30.452979490761543,156.95045604454694,156.95045604454694,156.95045604454694,333.0,332.0,332.0,331.0,329.0,317.0
1.73,224.775052699056,5.20446096654275,230_4,stick2,0.031,0.061,0.0,0.032,6.0,0.046,0.016,156.91711650061993,156.91711650061993,156.91711650061993,27.81977619748942,30.452979490761543,156.95079688618912,156.95079688618912,156.95079688618912,270.0,269.0,269.0,269.0,263.0,255.0
1.75,584.010140106292,4.81927710843374,230_4,stick2,0.031,0.061,0.0,0.032,6.0,0.046,0.016,156.91739315871442,156.91739315871442,156.91739315871442,27.81977619748942,30.452979490761543,156.95107354428362,156.95107354428362,156.95107354428362,417.0,415.0,414.0,412.0,407.0,395.0
1.76,568.589568417204,5.64102564102564,230_4,stick2,0.031,0.061,0.0,0.032,6.0,0.046,0.016,156.9176729941262,156.9176729941262,156.9176729941262,27.81977619748942,30.452979490761543,156.9513533796954,156.9513533796954,156.9513533796954,391.0,390.0,389.0,388.0,383.0,368.0
1.78,380.550346356493,6.14525139664805,230_4,stick2,0.031,0.061,0.0,0.032,6.0,0.046,0.016,156.91797704340547,156.91797704340547,156.91797704340547,27.81977619748942,30.452979490761543,156.95165742897467,156.95165742897467,156.95165742897467,358.0,358.0,356.0,354.0,348.0,336.0
1.78,259.02071943304,3.44827586206897,230_4,stick2,0.031,0.061,0.0,0.032,6.0,0.046,0.016,156.91824846628415,156.91824846628415,156.91824846628415,27.81977619748942,30.452979490761543,156.95192885185335,156.95192885185335,156.95192885185335,319.0,319.0,319.0,319.0,318.0,308.0
1.81,320.802781454361,5.0561797752809,230_4,stick2,0.031,0.061,0.0,0.032,6.0,0.046,0.016,156.91857939570212,156.91857939570212,156.91857939570212,27.81977619748942,30.452979490761543,156.95225978127132,156.95225978127132,156.95225978127132,356.0,356.0,356.0,355.0,349.0,338.0
1.85,583.222912884952,5.39906103286385,230_4,stick2,0.031,0.061,0.0,0.032,6.0,0.046,0.016,156.9188570955783,156.9188570955783,156.9188570955783,27.81977619748942,30.452979490761543,156.9525374811475,156.9525374811475,156.9525374811475,427.0,426.0,425.0,424.0,420.0,403.0
1.83,314.394582430982,5.93607305936073,230_4,stick2,0.031,0.061,0.0,0.032,6.0,0.046,0.016,156.91918069849788,156.91918069849788,156.91918069849788,27.81977619748942,30.452979490761543,156.95286108406708,156.95286108406708,156.95286108406708,438.0,438.0,437.0,436.0,429.0,412.0
1.86,447.156497404784,4.78170478170478,230_4,stick2,0.031,0.061,0.0,0.032,6.0,0.046,0.016,156.91948134829644,156.91948134829644,156.91948134829644,27.81977619748942,30.452979490761543,156.95316173386564,156.95316173386564,156.95316173386564,481.0,481.0,477.0,473.0,469.0,458.0
1.88,728.666546093245,5.55555555555556,230_4,stick2,0.031,0.061,0.0,0.032,6.0,0.046,0.016,156.91968545341038,156.91968545341038,156.91968545341038,27.81977619748942,30.452979490761543,156.95336583897958,156.95336583897958,156.95336583897958,453.0,450.0,447.0,444.0,436.0,425.0
1.88,395.390045759451,6.2015503875969,230_4,stick2,0.031,0.061,0.0,0.032,6.0,0.046,0.016,156.91995819649506,156.91995819649506,156.91995819649506,27.81977619748942,30.452979490761543,156.95363858206426,156.95363858206426,156.95363858206426,388.0,387.0,386.0,384.0,376.0,363.0
1.88,656.785112996655,7.07635009310987,230_4,stick2,0.031,0.061,0.0,0.032,6.0,0.046,0.016,156.92023126998473,156.92023126998473,156.92023126998473,27.81977619748942,30.452979490761543,156.95391165555392,156.95391165555392,156.95391165555392,537.0,537.0,534.0,531.0,528.0,499.0
1.9,333.090313183265,5.83333333333333,230_4,stick2,0.031,0.061,0.0,0.032,6.0,0.046,0.016,156.92057287746013,156.92057287746013,156.92057287746013,27.81977619748942,30.452979490761543,156.95425326302933,156.95425326302933,156.95425326302933,360.0,360.0,360.0,359.0,356.0,339.0
1.91,988.9486541194,5.91603053435114,230_4,stick2,0.031,0.061,0.0,0.032,6.0,0.046,0.016,156.92088833621082,156.92088833621082,156.92088833621082,27.81977619748942,30.452979490761543,156.95456872178002,156.95456872178002,156.95456872178002,525.0,524.0,523.0,520.0,514.0,493.0
1.91,418.064250662791,4.9800796812749,230_4,stick2,0.031,0.061,0.0,0.032,6.0,0.046,0.016,156.9211631256981,156.9211631256981,156.9211631256981,27.81977619748942,30.452979490761543,156.95484351126728,156.95484351126728,156.95484351126728,505.0,502.0,502.0,502.0,496.0,477.0
1.95,1027.13646564197,7.10172744721689,230_4,stick2,0.031,0.061,0.0,0.032,6.0,0.046,0.016,156.9220679123316,156.9220679123316,156.9220679123316,27.81977619748942,30.452979490761543,156.9557482979008,156.9557482979008,156.9557482979008,1045.0,1042.0,1039.0,1032.0,1013.0,968.0
1.95,665.640946174316,6.11246943765281,230_4,stick2,0.031,0.061,0.0,0.032,6.0,0.046,0.016,156.92264157285422,156.92264157285422,156.92264157285422,27.81977619748942,30.452979490761543,156.95632195842342,156.95632195842342,156.95632195842342,410.0,409.0,408.0,405.0,401.0,384.0
1.98,784.535030417377,7.27762803234501,230_4,stick2,0.031,0.061,0.0,0.032,6.0,0.046,0.016,156.92313001072893,156.92313001072893,156.92313001072893,27.81977619748942,30.452979490761543,156.95681039629812,156.95681039629812,156.95681039629812,374.0,371.0,371.0,368.0,361.0,344.0
1.98,560.323296345882,5.75342465753425,230_4,stick2,0.031,0.061,0.0,0.032,6.0,0.046,0.016,156.9234488782659,156.9234488782659,156.9234488782659,27.81977619748942,30.452979490761543,156.9571292638351,156.9571292638351,156.9571292638351,367.0,365.0,364.0,362.0,358.0,344.0
1.96,766.342652824269,7.09534368070953,230_4,stick2,0.031,0.061,0.0,0.032,6.0,0.046,0.016,156.92377370934167,156.92377370934167,156.92377370934167,27.81977619748942,30.452979490761543,156.95745409491087,156.95745409491087,156.95745409491087,452.0,451.0,451.0,451.0,444.0,419.0
1.98,326.815592417833,3.44827586206897,230_4,stick2,0.031,0.061,0.0,0.032,6.0,0.046,0.016,156.9240194697273,156.9240194697273,156.9240194697273,27.81977619748942,30.452979490761543,156.9576998552965,156.9576998552965,156.9576998552965,322.0,319.0,319.0,318.0,317.0,308.0
1.98,828.219360067808,8.19672131147541,230_4,stick2,0.031,0.061,0.0,0.032,6.0,0.046,0.016,156.92431782075096,156.92431782075096,156.92431782075096,27.81977619748942,30.452979490761543,156.95799820632016,156.95799820632016,156.95799820632016,368.0,366.0,363.0,362.0,354.0,336.0
1.97,850.541448301895,6.58914728682171,230_4,stick2,0.031,0.061,0.0,0.032,6.0,0.046,0.016,156.92461337310394,156.92461337310394,156.92461337310394,27.81977619748942,30.452979490761543,156.95829375867314,156.95829375867314,156.95829375867314,516.0,516.0,515.0,513.0,508.0,482.0
1.99,319.972272741024,6.22083981337481,230_4,stick2,0.031,0.061,0.0,0.032,6.0,0.046,0.016,156.9252446975205,156.9252446975205,156.9252446975205,27.81977619748942,30.452979490761543,156.9589250830897,156.9589250830897,156.9589250830897,645.0,643.0,643.0,639.0,631.0,603.0
2.0,389.159413858827,9.56175298804781,230_4,stick2,0.031,0.061,0.0,0.032,6.0,0.046,0.016,156.92585181166447,156.92585181166447,156.92585181166447,27.81977619748942,30.452979490761543,156.95953219723367,156.95953219723367,156.95953219723367,253.0,251.0,250.0,249.0,243.0,227.0
2.01,244.932377680945,4.8,230_4,stick2,0.031,0.061,0.0,0.032,6.0,0.046,0.016,156.92616165893037,156.92616165893037,156.92616165893037,27.81977619748942,30.452979490761543,156.95984204449957,156.95984204449957,156.95984204449957,250.0,250.0,249.0,249.0,248.0,238.0
2.03,294.558371407066,7.02702702702703,230_4,stick2,0.031,0.061,0.0,0.032,6.0,0.046,0.016,156.92691912582785,156.92691912582785,156.92691912582785,27.81977619748942,30.452979490761543,156.96059951139705,156.96059951139705,156.96059951139705,186.0,185.0,185.0,184.0,182.0,172.0
2.05,277.842494231907,6.50887573964497,230_4,stick2,0.031,0.061,0.0,0.032,6.0,0.046,0.016,156.92755550086912,156.92755550086912,156.92755550086912,27.81977619748942,30.452979490761543,156.96123588643832,156.96123588643832,156.96123588643832,338.0,338.0,338.0,336.0,329.0,316.0
2.06,870.936607294269,6.54545454545455,230_4,stick2,0.031,0.061,0.0,0.032,6.0,0.046,0.016,156.92774770640557,156.92774770640557,156.92774770640557,27.81977619748942,30.452979490761543,156.96142809197477,156.96142809197477,156.96142809197477,278.0,275.0,273.0,272.0,268.0,257.0
2.06,281.178102792415,7.90513833992095,230_4,stick2,0.031,0.061,0.0,0.032,6.0,0.046,0.016,156.92803369925136,156.92803369925136,156.92803369925136,27.81977619748942,30.452979490761543,156.96171408482056,156.96171408482056,156.96171408482056,256.0,253.0,252.0,250.0,246.0,233.0
2.06,448.073598111164,5.40540540540541,230_4,stick2,0.031,0.061,0.0,0.032,6.0,0.046,0.016,156.92839176317233,156.92839176317233,156.92839176317233,27.81977619748942,30.452979490761543,156.96207214874153,156.96207214874153,156.96207214874153,520.0,518.0,517.0,517.0,508.0,490.0
2.08,418.062154328417,8.45771144278607,230_4,stick2,0.031,0.061,0.0,0.032,6.0,0.046,0.016,156.9289382905365,156.9289382905365,156.9289382905365,27.81977619748942,30.452979490761543,156.9626186761057,156.9626186761057,156.9626186761057,201.0,201.0,200.0,199.0,194.0,184.0
2.08,505.178157165656,5.75079872204473,230_4,stick2,0.031,0.061,0.0,0.032,6.0,0.046,0.016,156.9291547895263,156.9291547895263,156.9291547895263,27.81977619748942,30.452979490761543,156.9628351750955,156.9628351750955,156.9628351750955,314.0,313.0,313.0,312.0,311.0,295.0
2.07,325.988660768555,5.55555555555556,230_4,stick2,0.031,0.061,0.0,0.032,6.0,0.046,0.016,156.92945074720194,156.92945074720194,156.92945074720194,27.81977619748942,30.452979490761543,156.96313113277114,156.96313113277114,156.96313113277114,289.0,288.0,288.0,286.0,284.0,272.0
2.07,321.651235194021,5.74018126888217,230_4,stick2,0.031,0.061,0.0,0.032,6.0,0.046,0.016,156.92972629483796,156.92972629483796,156.92972629483796,27.81977619748942,30.452979490761543,156.96340668040716,156.96340668040716,156.96340668040716,332.0,331.0,331.0,327.0,322.0,312.0
2.06,395.5275650553,7.32484076433121,230_4,stick2,0.031,0.061,0.0,0.032,6.0,0.046,0.016,156.93003249346992,156.93003249346992,156.93003249346992,27.81977619748942,30.452979490761543,156.96371287903912,156.96371287903912,156.96371287903912,314.0,314.0,314.0,313.0,308.0,291.0
2.06,690.553294459342,8.42105263157895,230_4,stick2,0.031,0.061,0.0,0.032,6.0,0.046,0.016,156.93053769077505,156.93053769077505,156.93053769077505,27.81977619748942,30.452979490761543,156.96421807634425,156.96421807634425,156.96421807634425,381.0,380.0,380.0,379.0,372.0,348.0
2.06,763.409914229477,7.94117647058824,230_4,stick2,0.031,0.061,0.0,0.032,6.0,0.046,0.016,156.93084897459542,156.93084897459542,156.93084897459542,27.81977619748942,30.452979490761543,156.96452936016462,156.96452936016462,156.96452936016462,340.0,340.0,338.0,336.0,331.0,313.0
2.06,127.223407612171,6.96969696969697,230_4,stick2,0.031,0.061,0.0,0.032,6.0,0.046,0.016,156.93134934804016,156.93134934804016,156.93134934804016,27.81977619748942,30.452979490761543,156.96502973360936,156.96502973360936,156.96502973360936,331.0,330.0,329.0,329.0,320.0,307.0
2.06,413.933569650677,5.01089324618736,230_4,stick2,0.031,0.061,0.0,0.032,6.0,0.046,0.016,156.93165374006975,156.93165374006975,156.93165374006975,27.81977619748942,30.452979490761543,156.96533412563895,156.96533412563895,156.96533412563895,461.0,459.0,459.0,459.0,454.0,436.0
2.06,195.957347712603,6.8359375,230_4,stick2,0.031,0.061,0.0,0.032,6.0,0.046,0.016,156.9319532545934,156.9319532545934,156.9319532545934,27.81977619748942,30.452979490761543,156.9656336401626,156.9656336401626,156.9656336401626,512.0,512.0,511.0,506.0,499.0,477.0
2.06,407.562165584942,6.23655913978495,230_4,stick2,0.031,0.061,0.0,0.032,6.0,0.046,0.016,156.93224613392894,156.93224613392894,156.93224613392894,27.81977619748942,30.452979490761543,156.96592651949814,156.96592651949814,156.96592651949814,467.0,465.0,465.0,463.0,456.0,436.0
2.07,408.135460596618,5.10204081632653,230_4,stick2,0.031,0.061,0.0,0.032,6.0,0.046,0.016,156.93283552265828,156.93283552265828,156.93283552265828,27.81977619748942,30.452979490761543,156.96651590822748,156.96651590822748,156.96651590822748,886.0,882.0,879.0,875.0,867.0,837.0
2.07,881.350830310162,7.58620689655172,230_4,stick2,0.031,0.061,0.0,0.032,6.0,0.046,0.016,156.9330439053734,156.9330439053734,156.9330439053734,27.81977619748942,30.452979490761543,156.9667242909426,156.9667242909426,156.9667242909426,292.0,290.0,288.0,286.0,280.0,268.0
2.07,574.098112943301,5.35211267605634,230_4,stick2,0.031,0.061,0.0,0.032,6.0,0.046,0.016,156.9333564042086,156.9333564042086,156.9333564042086,27.81977619748942,30.452979490761543,156.9670367897778,156.9670367897778,156.9670367897778,356.0,355.0,355.0,354.0,347.0,336.0
2.07,999.671124930623,5.65217391304348,230_4,stick2,0.031,0.061,0.0,0.032,6.0,0.046,0.016,156.93364533306783,156.93364533306783,156.93364533306783,27.81977619748942,30.452979490761543,156.96732571863703,156.96732571863703,156.96732571863703,460.0,460.0,460.0,459.0,450.0,434.0
2.07,657.859607604712,5.71992110453649,230_4,stick2,0.031,0.061,0.0,0.032,6.0,0.046,0.016,156.9339295927551,156.9339295927551,156.9339295927551,27.81977619748942,30.452979490761543,156.9676099783243,156.9676099783243,156.9676099783243,508.0,507.0,504.0,504.0,498.0,478.0
2.07,956.029162964817,6.54205607476636,230_4,stick2,0.031,0.061,0.0,0.032,6.0,0.046,0.016,156.93416624078466,156.93416624078466,156.93416624078466,27.81977619748942,30.452979490761543,156.96784662635386,156.96784662635386,156.96784662635386,430.0,428.0,427.0,423.0,413.0,400.0
2.07,1113.96984828308,7.36196319018405,230_4,stick2,0.031,0.061,0.0,0.032,6.0,0.046,0.016,156.93441300333,156.93441300333,156.93441300333,27.81977619748942,30.452979490761543,156.9680933888992,156.9680933888992,156.9680933888992,490.0,489.0,489.0,487.0,477.0,453.0
2.06,300.075581368967,4.5045045045045,230_4,stick2,0.031,0.061,0.0,0.032,6.0,0.046,0.016,156.9346733402824,156.9346733402824,156.9346733402824,27.81977619748942,30.452979490761543,156.96835372585159,156.96835372585159,156.96835372585159,445.0,444.0,442.0,442.0,438.0,424.0
2.06,523.193458433995,5.17241379310345,230_4,stick2,0.031,0.061,0.0,0.032,6.0,0.046,0.016,156.93491115830687,156.93491115830687,156.93491115830687,27.81977619748942,30.452979490761543,156.96859154387607,156.96859154387607,156.96859154387607,522.0,522.0,521.0,518.0,510.0,495.0
2.04,570.867748731794,5.83657587548638,230_4,stick2,0.031,0.061,0.0,0.032,6.0,0.046,0.016,156.9352124481572,156.9352124481572,156.9352124481572,27.81977619748942,30.452979490761543,156.9688928337264,156.9688928337264,156.9688928337264,514.0,514.0,512.0,508.0,505.0,484.0
2.02,349.485159417798,5.29801324503311,230_4,stick2,0.031,0.061,0.0,0.032,6.0,0.046,0.016,156.9355583098248,156.9355583098248,156.9355583098248,27.81977619748942,30.452979490761543,156.969238695394,156.969238695394,156.969238695394,453.0,453.0,453.0,452.0,444.0,429.0
2.02,325.432679654394,7.04960835509138,230_4,stick2,0.031,0.061,0.0,0.032,6.0,0.046,0.016,156.935781179738,156.935781179738,156.935781179738,27.81977619748942,30.452979490761543,156.9694615653072,156.9694615653072,156.9694615653072,383.0,383.0,382.0,380.0,375.0,356.0
2.01,353.04505900338,5.33049040511727,230_4,stick2,0.031,0.061,0.0,0.032,6.0,0.046,0.016,156.93600620135433,156.93600620135433,156.93600620135433,27.81977619748942,30.452979490761543,156.96968658692353,156.96968658692353,156.96968658692353,470.0,469.0,469.0,467.0,460.0,444.0
1.99,567.61859222056,5.94965675057208,230_4,stick2,0.031,0.061,0.0,0.032,6.0,0.046,0.016,156.93624357222657,156.93624357222657,156.93624357222657,27.81977619748942,30.452979490761543,156.96992395779577,156.96992395779577,156.96992395779577,437.0,437.0,436.0,433.0,432.0,411.0
2.06,522.723280517652,4.6189376443418,230_4,stick2,0.031,0.061,0.0,0.032,6.0,0.046,0.016,156.93656531018095,156.93656531018095,156.93656531018095,27.81977619748942,30.452979490761543,156.97024569575015,156.97024569575015,156.97024569575015,433.0,433.0,430.0,428.0,425.0,413.0
2.01,333.813848124285,5.94594594594595,230_4,stick2,0.031,0.061,0.0,0.032,6.0,0.046,0.016,156.9368297918397,156.9368297918397,156.9368297918397,27.81977619748942,30.452979490761543,156.9705101774089,156.9705101774089,156.9705101774089,372.0,370.0,370.0,369.0,365.0,348.0
2.01,403.160192684068,4.86322188449848,230_4,stick2,0.031,0.061,0.0,0.032,6.0,0.046,0.016,156.93703645997505,156.93703645997505,156.93703645997505,27.81977619748942,30.452979490761543,156.97071684554425,156.97071684554425,156.97071684554425,330.0,329.0,328.0,326.0,323.0,313.0
2.01,371.675295270729,6.47058823529412,230_4,stick2,0.031,0.061,0.0,0.032,6.0,0.046,0.016,156.93760011630357,156.93760011630357,156.93760011630357,27.81977619748942,30.452979490761543,156.97128050187277,156.97128050187277,156.97128050187277,340.0,340.0,339.0,336.0,334.0,318.0
2.02,574.805345364987,5.22388059701493,230_4,stick2,0.031,0.061,0.0,0.032,6.0,0.046,0.016,156.93785824507242,156.93785824507242,156.93785824507242,27.81977619748942,30.452979490761543,156.97153863064162,156.97153863064162,156.97153863064162,403.0,402.0,402.0,400.0,398.0,381.0
1.99,130.384951107057,6.23501199040767,230_4,stick2,0.031,0.061,0.0,0.032,6.0,0.046,0.016,156.93848523026608,156.93848523026608,156.93848523026608,27.81977619748942,30.452979490761543,156.97216561583528,156.97216561583528,156.97216561583528,835.0,834.0,832.0,827.0,819.0,782.0
1.97,291.234086629895,4.94505494505495,230_4,stick2,0.031,0.061,0.0,0.032,6.0,0.046,0.016,156.93868766970482,156.93868766970482,156.93868766970482,27.81977619748942,30.452979490761543,156.97236805527402,156.97236805527402,156.97236805527402,365.0,364.0,364.0,363.0,361.0,346.0
1.96,254.16241021856,5.81717451523546,230_4,stick2,0.031,0.061,0.0,0.032,6.0,0.046,0.016,156.9389839808259,156.9389839808259,156.9389839808259,27.81977619748942,30.452979490761543,156.9726643663951,156.9726643663951,156.9726643663951,363.0,361.0,361.0,360.0,358.0,340.0
1.93,578.257778161639,4.98533724340176,230_4,stick2,0.031,0.061,0.0,0.032,6.0,0.046,0.016,156.93923081424794,156.93923081424794,156.93923081424794,27.81977619748942,30.452979490761543,156.97291119981713,156.97291119981713,156.97291119981713,342.0,341.0,340.0,338.0,335.0,324.0
1.91,271.317287195635,5.57275541795666,230_4,stick2,0.031,0.061,0.0,0.032,6.0,0.046,0.016,156.93945749102394,156.93945749102394,156.93945749102394,27.81977619748942,30.452979490761543,156.97313787659314,156.97313787659314,156.97313787659314,323.0,323.0,322.0,319.0,315.0,305.0
1.86,231.021142517983,7.2289156626506,230_4,stick2,0.031,0.061,0.0,0.032,6.0,0.046,0.016,156.9397349548654,156.9397349548654,156.9397349548654,27.81977619748942,30.452979490761543,156.9734153404346,156.9734153404346,156.9734153404346,333.0,332.0,332.0,332.0,327.0,308.0
1.88,482.56330116463,6.23306233062331,230_4,stick2,0.031,0.061,0.0,0.032,6.0,0.046,0.016,156.9400273309995,156.9400273309995,156.9400273309995,27.81977619748942,30.452979490761543,156.9737077165687,156.9737077165687,156.9737077165687,370.0,369.0,368.0,366.0,362.0,346.0
1.86,370.47663721056,4.31654676258993,230_4,stick2,0.031,0.061,0.0,0.032,6.0,0.046,0.016,156.94052176064596,156.94052176064596,156.94052176064596,27.81977619748942,30.452979490761543,156.97420214621516,156.97420214621516,156.97420214621516,696.0,695.0,692.0,691.0,685.0,665.0
1.86,189.321331319913,5.09090909090909,230_4,stick2,0.031,0.061,0.0,0.032,6.0,0.046,0.016,156.94076902540402,156.94076902540402,156.94076902540402,27.81977619748942,30.452979490761543,156.97444941097322,156.97444941097322,156.97444941097322,275.0,275.0,275.0,274.0,273.0,261.0
1.83,170.00577276419,5.43130990415335,230_4,stick2,0.031,0.061,0.0,0.032,6.0,0.046,0.016,156.94106888994605,156.94106888994605,156.94106888994605,27.81977619748942,30.452979490761543,156.97474927551525,156.97474927551525,156.97474927551525,314.0,313.0,313.0,312.0,308.0,296.0
1.8,276.449917050164,3.2,230_4,stick2,0.031,0.061,0.0,0.032,6.0,0.046,0.016,156.94127665391338,156.94127665391338,156.94127665391338,27.81977619748942,30.452979490761543,156.97495703948258,156.97495703948258,156.97495703948258,375.0,375.0,375.0,375.0,370.0,363.0
1.8,399.76343347585,5.01672240802676,230_4,stick2,0.031,0.061,0.0,0.032,6.0,0.046,0.016,156.94157234064937,156.94157234064937,156.94157234064937,27.81977619748942,30.452979490761543,156.97525272621857,156.97525272621857,156.97525272621857,301.0,299.0,299.0,295.0,293.0,284.0
1.78,165.694339371507,3.27868852459016,230_4,stick2,0.031,0.061,0.0,0.032,6.0,0.046,0.016,156.94177958995493,156.94177958995493,156.94177958995493,27.81977619748942,30.452979490761543,156.97545997552413,156.97545997552413,156.97545997552413,244.0,244.0,243.0,242.0,242.0,236.0
1.76,177.341027634152,4.0590405904059,230_4,stick2,0.031,0.061,0.0,0.032,6.0,0.046,0.016,156.94198350397343,156.94198350397343,156.94198350397343,27.81977619748942,30.452979490761543,156.97566388954263,156.97566388954263,156.97566388954263,271.0,271.0,270.0,269.0,268.0,260.0
1.76,267.45919053398,4.54545454545455,230_4,stick2,0.031,0.061,0.0,0.032,6.0,0.046,0.016,156.9422201981574,156.9422201981574,156.9422201981574,27.81977619748942,30.452979490761543,156.9759005837266,156.9759005837266,156.9759005837266,332.0,330.0,330.0,329.0,325.0,315.0
1.74,312.359012127167,5.57377049180328,230_4,stick2,0.031,0.061,0.0,0.032,6.0,0.046,0.016,156.94246854183274,156.94246854183274,156.94246854183274,27.81977619748942,30.452979490761543,156.97614892740194,156.97614892740194,156.97614892740194,306.0,305.0,305.0,305.0,304.0,288.0
1.73,297.325778015286,6.10169491525424,230_4,stick2,0.031,0.061,0.0,0.032,6.0,0.046,0.016,156.94269277304628,156.94269277304628,156.94269277304628,27.81977619748942,30.452979490761543,156.97637315861547,156.97637315861547,156.97637315861547,296.0,295.0,294.0,293.0,288.0,277.0
1.66,351.943537954644,4.85074626865672,230_4,stick2,0.031,0.061,0.0,0.032,6.0,0.046,0.016,156.942912087039,156.942912087039,156.942912087039,27.81977619748942,30.452979490761543,156.9765924726082,156.9765924726082,156.9765924726082,269.0,268.0,267.0,266.0,264.0,255.0
1.74,233.788904748027,6.88405797101449,230_4,stick2,0.031,0.061,0.0,0.032,6.0,0.046,0.016,156.94319852042943,156.94319852042943,156.94319852042943,27.81977619748942,30.452979490761543,156.97687890599863,156.97687890599863,156.97687890599863,276.0,276.0,275.0,273.0,271.0,257.0
1.71,217.929517429922,4.80225988700565,230_4,stick2,0.031,0.061,0.0,0.032,6.0,0.046,0.016,156.9434878134722,156.9434878134722,156.9434878134722,27.81977619748942,30.452979490761543,156.9771681990414,156.9771681990414,156.9771681990414,355.0,354.0,353.0,352.0,348.0,337.0
1.7,242.793216059697,5.14469453376206,230_4,stick2,0.031,0.061,0.0,0.032,6.0,0.046,0.016,156.94372580609067,156.94372580609067,156.94372580609067,27.81977619748942,30.452979490761543,156.97740619165987,156.97740619165987,156.97740619165987,314.0,311.0,310.0,308.0,304.0,295.0
1.68,238.16101862336,7.61904761904762,230_4,stick2,0.031,0.061,0.0,0.032,6.0,0.046,0.016,156.9439409011484,156.9439409011484,156.9439409011484,27.81977619748942,30.452979490761543,156.9776212867176,156.9776212867176,156.9776212867176,211.0,210.0,209.0,207.0,206.0,194.0
1.68,220.276418719274,7.6,230_4,stick2,0.031,0.061,0.0,0.032,6.0,0.046,0.016,156.9442738134303,156.9442738134303,156.9442738134303,27.81977619748942,30.452979490761543,156.9779541989995,156.9779541989995,156.9779541989995,252.0,250.0,250.0,250.0,247.0,231.0
1.66,276.749371550595,6.64556962025316,230_4,stick2,0.031,0.061,0.0,0.032,6.0,0.046,0.016,156.94448888034114,156.94448888034114,156.94448888034114,27.81977619748942,30.452979490761543,156.97816926591034,156.97816926591034,156.97816926591034,318.0,316.0,315.0,315.0,312.0,295.0
1.64,314.414195059357,4.43548387096774,230_4,stick2,0.031,0.061,0.0,0.032,6.0,0.046,0.016,156.94474672564522,156.94474672564522,156.94474672564522,27.81977619748942,30.452979490761543,156.97842711121442,156.97842711121442,156.97842711121442,249.0,248.0,247.0,244.0,243.0,237.0
1.66,339.811801953628,5.91133004926108,230_4,stick2,0.031,0.061,0.0,0.032,6.0,0.046,0.016,156.9450309108683,156.9450309108683,156.9450309108683,27.81977619748942,30.452979490761543,156.9787112964375,156.9787112964375,156.9787112964375,204.0,203.0,203.0,200.0,198.0,191.0
1.66,344.988280927009,3.47826086956522,230_4,stick2,0.031,0.061,0.0,0.032,6.0,0.046,0.016,156.94524268075497,156.94524268075497,156.94524268075497,27.81977619748942,30.452979490761543,156.97892306632417,156.97892306632417,156.97892306632417,231.0,230.0,229.0,229.0,228.0,222.0
1.64,305.927573050764,5.26315789473684,230_4,stick2,0.031,0.061,0.0,0.032,6.0,0.046,0.016,156.94568954355657,156.94568954355657,156.94568954355657,27.81977619748942,30.452979490761543,156.97936992912577,156.97936992912577,156.97936992912577,247.0,247.0,246.0,246.0,243.0,234.0
1.64,225.922359380465,4.56852791878173,230_4,stick2,0.031,0.061,0.0,0.032,6.0,0.046,0.016,156.9459596741689,156.9459596741689,156.9459596741689,27.81977619748942,30.452979490761543,156.9796400597381,156.9796400597381,156.9796400597381,197.0,197.0,196.0,195.0,193.0,188.0
1.63,544.26404515449,5.71428571428571,230_4,stick2,0.031,0.061,0.0,0.032,6.0,0.046,0.016,156.94630103557932,156.94630103557932,156.94630103557932,27.81977619748942,30.452979490761543,156.97998142114852,156.97998142114852,156.97998142114852,280.0,280.0,278.0,277.0,275.0,264.0
1.65,153.707901888324,4.36681222707424,230_4,stick2,0.031,0.061,0.0,0.032,6.0,0.046,0.016,156.94653469836354,156.94653469836354,156.94653469836354,27.81977619748942,30.452979490761543,156.98021508393273,156.98021508393273,156.98021508393273,229.0,229.0,229.0,226.0,224.0,219.0
1.64,93.046470629608,3.39622641509434,230_4,stick2,0.031,0.061,0.0,0.032,6.0,0.046,0.016,156.94680309036323,156.94680309036323,156.94680309036323,27.81977619748942,30.452979490761543,156.98048347593243,156.98048347593243,156.98048347593243,265.0,265.0,265.0,265.0,264.0,256.0
1.64,251.709790640025,3.1496062992126,230_4,stick2,0.031,0.061,0.0,0.032,6.0,0.046,0.016,156.94725186743906,156.94725186743906,156.94725186743906,27.81977619748942,30.452979490761543,156.98093225300826,156.98093225300826,156.98093225300826,254.0,254.0,254.0,253.0,250.0,246.0
1.65,185.270241722292,8.23529411764706,230_4,stick2,0.031,0.061,0.0,0.032,6.0,0.046,0.016,156.9474394181266,156.9474394181266,156.9474394181266,27.81977619748942,30.452979490761543,156.9811198036958,156.9811198036958,156.9811198036958,170.0,170.0,170.0,169.0,165.0,156.0
1.63,369.500631036035,5.82959641255605,230_4,stick2,0.031,0.061,0.0,0.032,6.0,0.046,0.016,156.9477590875552,156.9477590875552,156.9477590875552,27.81977619748942,30.452979490761543,156.9814394731244,156.9814394731244,156.9814394731244,223.0,223.0,222.0,222.0,220.0,210.0
1.63,76.8351766547019,5.31400966183575,230_4,stick2,0.031,0.061,0.0,0.032,6.0,0.046,0.016,156.94800955143512,156.94800955143512,156.94800955143512,27.81977619748942,30.452979490761543,156.98168993700432,156.98168993700432,156.98168993700432,207.0,207.0,207.0,206.0,203.0,196.0
1.62,117.583675856284,2.58620689655172,230_4,stick2,0.031,0.061,0.0,0.032,6.0,0.046,0.016,156.94820590188303,156.94820590188303,156.94820590188303,27.81977619748942,30.452979490761543,156.98188628745223,156.98188628745223,156.98188628745223,116.0,116.0,116.0,115.0,115.0,113.0
1.63,110.062902618384,3.86740331491713,230_4,stick2,0.031,0.061,0.0,0.032,6.0,0.046,0.016,156.9484545662838,156.9484545662838,156.9484545662838,27.81977619748942,30.452979490761543,156.982134951853,156.982134951853,156.982134951853,182.0,181.0,181.0,181.0,179.0,174.0
1.63,211.904267805595,5.72519083969466,230_4,stick2,0.031,0.061,0.0,0.032,6.0,0.046,0.016,156.9486841900651,156.9486841900651,156.9486841900651,27.81977619748942,30.452979490761543,156.9823645756343,156.9823645756343,156.9823645756343,262.0,262.0,260.0,259.0,258.0,247.0
1.59,160.032348230379,1.97044334975369,230_4,stick2,0.031,0.061,0.0,0.032,6.0,0.046,0.016,156.94890800688202,156.94890800688202,156.94890800688202,27.81977619748942,30.452979490761543,156.98258839245122,156.98258839245122,156.98258839245122,203.0,203.0,203.0,203.0,202.0,199.0
1.62,209.071613604677,4.68085106382979,230_4,stick2,0.031,0.061,0.0,0.032,6.0,0.046,0.016,156.94921005260406,156.94921005260406,156.94921005260406,27.81977619748942,30.452979490761543,156.98289043817326,156.98289043817326,156.98289043817326,236.0,235.0,235.0,233.0,231.0,224.0
1.63,186.101706881884,4.60829493087558,230_4,stick2,0.031,0.061,0.0,0.032,6.0,0.046,0.016,156.9494441390213,156.9494441390213,156.9494441390213,27.81977619748942,30.452979490761543,156.9831245245905,156.9831245245905,156.9831245245905,217.0,217.0,217.0,217.0,214.0,207.0
1.65,147.502625485971,1.0989010989011,230_4,stick2,0.031,0.061,0.0,0.032,6.0,0.046,0.016,156.94974960070374,156.94974960070374,156.94974960070374,27.81977619748942,30.452979490761543,156.98342998627294,156.98342998627294,156.98342998627294,182.0,182.0,182.0,182.0,181.0,180.0
1.63,256.532501185665,3.77358490566038,230_4,stick2,0.031,0.061,0.0,0.032,6.0,0.046,0.016,156.95004574787706,156.95004574787706,156.95004574787706,27.81977619748942,30.452979490761543,156.98372613344625,156.98372613344625,156.98372613344625,212.0,212.0,211.0,210.0,209.0,204.0
1.61,460.093132428508,3.42205323193916,230_4,stick2,0.031,0.061,0.0,0.032,6.0,0.046,0.016,156.95024402895825,156.95024402895825,156.95024402895825,27.81977619748942,30.452979490761543,156.98392441452745,156.98392441452745,156.98392441452745,263.0,263.0,262.0,262.0,260.0,254.0
1.63,115.180299690007,2.7027027027027,230_4,stick2,0.031,0.061,0.0,0.032,6.0,0.046,0.016,156.95047569312416,156.95047569312416,156.95047569312416,27.81977619748942,30.452979490761543,156.98415607869336,156.98415607869336,156.98415607869336,185.0,185.0,185.0,185.0,183.0,180.0
1.68,333.506516324602,6.16740088105727,230_4,stick2,0.031,0.061,0.0,0.032,6.0,0.046,0.016,156.95074906148972,156.95074906148972,156.95074906148972,27.81977619748942,30.452979490761543,156.98442944705891,156.98442944705891,156.98442944705891,227.0,227.0,226.0,225.0,222.0,213.0
1.63,186.401678226079,5.97826086956522,230_4,stick2,0.031,0.061,0.0,0.032,6.0,0.046,0.016,156.95136049742635,156.95136049742635,156.95136049742635,27.81977619748942,30.452979490761543,156.98504088299555,156.98504088299555,156.98504088299555,184.0,184.0,184.0,183.0,180.0,173.0
1.65,242.580174144331,6.69456066945607,230_4,stick2,0.031,0.061,0.0,0.032,6.0,0.046,0.016,156.95160365216952,156.95160365216952,156.95160365216952,27.81977619748942,30.452979490761543,156.98528403773872,156.98528403773872,156.98528403773872,239.0,239.0,237.0,237.0,236.0,223.0
1.63,241.036460972696,5.11627906976744,230_4,stick2,0.031,0.061,0.0,0.032,6.0,0.046,0.016,156.95180691719887,156.95180691719887,156.95180691719887,27.81977619748942,30.452979490761543,156.98548730276806,156.98548730276806,156.98548730276806,215.0,215.0,215.0,213.0,211.0,204.0
1.64,456.077490765006,5.16605166051661,230_4,stick2,0.031,0.061,0.0,0.032,6.0,0.046,0.016,156.95201553566653,156.95201553566653,156.95201553566653,27.81977619748942,30.452979490761543,156.98569592123573,156.98569592123573,156.98569592123573,271.0,271.0,271.0,269.0,265.0,257.0
1.64,100.570483827955,3.04568527918782,230_4,stick2,0.031,0.061,0.0,0.032,6.0,0.046,0.016,156.95240795542642,156.95240795542642,156.95240795542642,27.81977619748942,30.452979490761543,156.98608834099562,156.98608834099562,156.98608834099562,198.0,197.0,197.0,197.0,196.0,191.0
1.64,359.511896288148,5.40540540540541,230_4,stick2,0.031,0.061,0.0,0.032,6.0,0.046,0.016,156.95265631323142,156.95265631323142,156.95265631323142,27.81977619748942,30.452979490761543,156.9863366988006,156.9863366988006,156.9863366988006,334.0,333.0,333.0,329.0,323.0,315.0
1.62,202.802152729977,5.90717299578059,230_4,stick2,0.031,0.061,0.0,0.032,6.0,0.046,0.016,156.95283615337297,156.95283615337297,156.95283615337297,27.81977619748942,30.452979490761543,156.98651653894217,156.98651653894217,156.98651653894217,237.0,237.0,237.0,235.0,232.0,223.0
1.64,506.328437975524,5.65371024734982,230_4,stick2,0.031,0.061,0.0,0.032,6.0,0.046,0.016,156.95307974051502,156.95307974051502,156.95307974051502,27.81977619748942,30.452979490761543,156.98676012608422,156.98676012608422,156.98676012608422,283.0,283.0,281.0,281.0,280.0,267.0
1.64,343.784175072949,7.3469387755102,230_4,stick2,0.031,0.061,0.0,0.032,6.0,0.046,0.016,156.95339365079172,156.95339365079172,156.95339365079172,27.81977619748942,30.452979490761543,156.98707403636092,156.98707403636092,156.98707403636092,245.0,245.0,244.0,239.0,238.0,227.0
1.64,232.223907072588,5.45454545454545,230_4,stick2,0.031,0.061,0.0,0.032,6.0,0.046,0.016,156.9536300003054,156.9536300003054,156.9536300003054,27.81977619748942,30.452979490761543,156.9873103858746,156.9873103858746,156.9873103858746,330.0,330.0,328.0,326.0,324.0,312.0
1.66,422.76404195023,6.45161290322581,230_4,stick2,0.031,0.061,0.0,0.032,6.0,0.046,0.016,156.95385198560143,156.95385198560143,156.95385198560143,27.81977619748942,30.452979490761543,156.98753237117063,156.98753237117063,156.98753237117063,342.0,341.0,340.0,337.0,333.0,319.0
1.65,216.778947114726,3.49344978165939,230_4,stick2,0.031,0.061,0.0,0.032,6.0,0.046,0.016,156.95406727361225,156.95406727361225,156.95406727361225,27.81977619748942,30.452979490761543,156.98774765918145,156.98774765918145,156.98774765918145,229.0,229.0,228.0,228.0,226.0,221.0
1.65,260.444019487175,6.25,230_4,stick2,0.031,0.061,0.0,0.032,6.0,0.046,0.016,156.9543829721409,156.9543829721409,156.9543829721409,27.81977619748942,30.452979490761543,156.9880633577101,156.9880633577101,156.9880633577101,320.0,320.0,320.0,318.0,313.0,300.0
1.66,292.559993233205,5.64971751412429,230_4,stick2,0.031,0.061,0.0,0.032,6.0,0.046,0.016,156.9546439875442,156.9546439875442,156.9546439875442,27.81977619748942,30.452979490761543,156.9883243731134,156.9883243731134,156.9883243731134,354.0,354.0,353.0,352.0,351.0,334.0
1.67,752.627131578211,6.20985010706638,230_4,stick2,0.031,0.061,0.0,0.032,6.0,0.046,0.016,156.95481757525135,156.95481757525135,156.95481757525135,27.81977619748942,30.452979490761543,156.98849796082055,156.98849796082055,156.98849796082055,468.0,467.0,464.0,461.0,455.0,438.0
1.67,438.846045873634,6.03112840466926,230_4,stick2,0.031,0.061,0.0,0.032,6.0,0.046,0.016,156.95515773429636,156.95515773429636,156.95515773429636,27.81977619748942,30.452979490761543,156.98883811986556,156.98883811986556,156.98883811986556,514.0,514.0,514.0,511.0,510.0,483.0
1.67,975.32121094919,5.22540983606557,230_4,stick2,0.031,0.061,0.0,0.032,6.0,0.046,0.016,156.95536862067385,156.95536862067385,156.95536862067385,27.81977619748942,30.452979490761543,156.98904900624305,156.98904900624305,156.98904900624305,977.0,976.0,972.0,970.0,960.0,925.0
1.67,827.813317296118,7.08502024291498,230_4,stick2,0.031,0.061,0.0,0.032,6.0,0.046,0.016,156.95568512373058,156.95568512373058,156.95568512373058,27.81977619748942,30.452979490761543,156.98936550929977,156.98936550929977,156.98936550929977,989.0,988.0,986.0,979.0,968.0,918.0
1.67,946.235231065782,5.42168674698795,230_4,stick2,0.031,0.061,0.0,0.032,6.0,0.046,0.016,156.9559523506636,156.9559523506636,156.9559523506636,27.81977619748942,30.452979490761543,156.9896327362328,156.9896327362328,156.9896327362328,997.0,996.0,995.0,988.0,980.0,942.0
1.67,1112.7053586427,6.5331928345627,230_4,stick2,0.031,0.061,0.0,0.032,6.0,0.046,0.016,156.95613288091988,156.95613288091988,156.95613288091988,27.81977619748942,30.452979490761543,156.98981326648908,156.98981326648908,156.98981326648908,950.0,949.0,944.0,939.0,925.0,887.0
1.66,895.893531225405,5.94059405940594,230_4,stick2,0.031,0.061,0.0,0.032,6.0,0.046,0.016,156.9565254550713,156.9565254550713,156.9565254550713,27.81977619748942,30.452979490761543,156.9902058406405,156.9902058406405,156.9902058406405,1013.0,1010.0,1006.0,1001.0,986.0,950.0
1.69,1153.36723340608,6.58513640639699,230_4,stick2,0.031,0.061,0.0,0.032,6.0,0.046,0.016,156.95676721572434,156.95676721572434,156.95676721572434,27.81977619748942,30.452979490761543,156.99044760129354,156.99044760129354,156.99044760129354,1065.0,1063.0,1061.0,1056.0,1045.0,993.0
1.67,704.364563211345,4.86725663716814,230_4,stick2,0.031,0.061,0.0,0.032,6.0,0.046,0.016,156.95697475356323,156.95697475356323,156.95697475356323,27.81977619748942,30.452979490761543,156.99065513913243,156.99065513913243,156.99065513913243,680.0,678.0,677.0,673.0,667.0,645.0
1.69,967.814493863394,7.11297071129707,230_4,stick2,0.031,0.061,0.0,0.032,6.0,0.046,0.016,156.9572292093305,156.9572292093305,156.9572292093305,27.81977619748942,30.452979490761543,156.9909095948997,156.9909095948997,156.9909095948997,722.0,717.0,715.0,711.0,697.0,666.0
1.69,960.194237949899,7.39827373612824,230_4,stick2,0.031,0.061,0.0,0.032,6.0,0.046,0.016,156.95756074872529,156.95756074872529,156.95756074872529,27.81977619748942,30.452979490761543,156.99124113429448,156.99124113429448,156.99124113429448,812.0,811.0,808.0,800.0,790.0,751.0
1.71,706.648555646118,6.01226993865031,230_4,stick2,0.031,0.061,0.0,0.032,6.0,0.046,0.016,156.95774437232228,156.95774437232228,156.95774437232228,27.81977619748942,30.452979490761543,156.99142475789148,156.99142475789148,156.99142475789148,816.0,815.0,812.0,810.0,800.0,766.0
1.69,670.599274875234,6.79190751445087,230_4,stick2,0.031,0.061,0.0,0.032,6.0,0.046,0.016,156.95806697180743,156.95806697180743,156.95806697180743,27.81977619748942,30.452979490761543,156.99174735737662,156.99174735737662,156.99174735737662,695.0,692.0,688.0,684.0,677.0,645.0
1.72,638.403572269064,6.50406504065041,230_4,stick2,0.031,0.061,0.0,0.032,6.0,0.046,0.016,156.95828588139483,156.95828588139483,156.95828588139483,27.81977619748942,30.452979490761543,156.99196626696403,156.99196626696403,156.99196626696403,617.0,615.0,614.0,609.0,599.0,575.0
1.71,746.122654925901,6.62460567823344,230_4,stick2,0.031,0.061,0.0,0.032,6.0,0.046,0.016,156.95858584957665,156.95858584957665,156.95858584957665,27.81977619748942,30.452979490761543,156.99226623514585,156.99226623514585,156.99226623514585,634.0,634.0,633.0,625.0,618.0,592.0
1.71,302.71053912949,4.85933503836317,230_4,stick2,0.031,0.061,0.0,0.032,6.0,0.046,0.016,156.95881035004268,156.95881035004268,156.95881035004268,27.81977619748942,30.452979490761543,156.99249073561188,156.99249073561188,156.99249073561188,391.0,391.0,391.0,389.0,386.0,372.0
1.71,283.197067521989,5.62613430127042,230_4,stick2,0.031,0.061,0.0,0.032,6.0,0.046,0.016,156.9590356414666,156.9590356414666,156.9590356414666,27.81977619748942,30.452979490761543,156.9927160270358,156.9927160270358,156.9927160270358,554.0,551.0,550.0,549.0,544.0,520.0
1.71,791.204647457205,5.72687224669604,230_4,stick2,0.031,0.061,0.0,0.032,6.0,0.046,0.016,156.95922782532213,156.95922782532213,156.95922782532213,27.81977619748942,30.452979490761543,156.99290821089133,156.99290821089133,156.99290821089133,682.0,681.0,680.0,677.0,664.0,642.0
1.69,291.880386796821,4.05405405405405,230_4,stick2,0.031,0.061,0.0,0.032,6.0,0.046,0.016,156.95950820982233,156.95950820982233,156.95950820982233,27.81977619748942,30.452979490761543,156.99318859539153,156.99318859539153,156.99318859539153,444.0,444.0,443.0,442.0,440.0,426.0
1.7,298.223686415224,4.24628450106157,230_4,stick2,0.031,0.061,0.0,0.032,6.0,0.046,0.016,156.95978972941475,156.95978972941475,156.95978972941475,27.81977619748942,30.452979490761543,156.99347011498395,156.99347011498395,156.99347011498395,473.0,471.0,469.0,468.0,466.0,451.0
1.68,962.320348760902,7.01402805611222,230_4,stick2,0.031,0.061,0.0,0.032,6.0,0.046,0.016,156.9600722690932,156.9600722690932,156.9600722690932,27.81977619748942,30.452979490761543,156.9937526546624,156.9937526546624,156.9937526546624,500.0,499.0,495.0,493.0,486.0,464.0
1.71,554.843877048232,6.72566371681416,230_4,stick2,0.031,0.061,0.0,0.032,6.0,0.046,0.016,156.9602971516898,156.9602971516898,156.9602971516898,27.81977619748942,30.452979490761543,156.99397753725898,156.99397753725898,156.99397753725898,566.0,565.0,564.0,561.0,552.0,527.0
1.71,933.862536413759,5.65723793677205,230_4,stick2,0.031,0.061,0.0,0.032,6.0,0.046,0.016,156.96059539960348,156.96059539960348,156.96059539960348,27.81977619748942,30.452979490761543,156.99427578517268,156.99427578517268,156.99427578517268,607.0,601.0,597.0,593.0,589.0,567.0
1.71,193.25365944591,5.51330798479087,230_4,stick2,0.031,0.061,0.0,0.032,6.0,0.046,0.016,156.96083769580173,156.96083769580173,156.96083769580173,27.81977619748942,30.452979490761543,156.99451808137093,156.99451808137093,156.99451808137093,529.0,526.0,524.0,523.0,518.0,497.0
1.71,590.121849376373,6.50224215246637,230_4,stick2,0.031,0.061,0.0,0.032,6.0,0.046,0.016,156.9610405251187,156.9610405251187,156.9610405251187,27.81977619748942,30.452979490761543,156.9947209106879,156.9947209106879,156.9947209106879,447.0,446.0,445.0,440.0,435.0,417.0
1.71,350.036109065987,5.46875,230_4,stick2,0.031,0.061,0.0,0.032,6.0,0.046,0.016,156.96132360434305,156.96132360434305,156.96132360434305,27.81977619748942,30.452979490761543,156.99500398991225,156.99500398991225,156.99500398991225,514.0,512.0,511.0,508.0,504.0,484.0
1.69,517.66989888178,3.85906040268456,230_4,stick2,0.031,0.061,0.0,0.032,6.0,0.046,0.016,156.96164885211292,156.96164885211292,156.96164885211292,27.81977619748942,30.452979490761543,156.9953292376821,156.9953292376821,156.9953292376821,598.0,596.0,595.0,593.0,590.0,573.0
1.71,339.767124340736,5.83333333333333,230_4,stick2,0.031,0.061,0.0,0.032,6.0,0.046,0.016,156.96188244483525,156.96188244483525,156.96188244483525,27.81977619748942,30.452979490761543,156.99556283040445,156.99556283040445,156.99556283040445,360.0,360.0,360.0,357.0,353.0,339.0
1.71,272.796078099731,5.94059405940594,230_4,stick2,0.031,0.061,0.0,0.032,6.0,0.046,0.016,156.96215184929474,156.96215184929474,156.96215184929474,27.81977619748942,30.452979490761543,156.99583223486394,156.99583223486394,156.99583223486394,304.0,303.0,301.0,300.0,296.0,285.0
1.74,777.946067246824,6.39269406392694,230_4,stick2,0.031,0.061,0.0,0.032,6.0,0.046,0.016,156.96248345160032,156.96248345160032,156.96248345160032,27.81977619748942,30.452979490761543,156.99616383716952,156.99616383716952,156.99616383716952,440.0,438.0,437.0,434.0,432.0,410.0
1.72,547.568591079488,5.5441478439425,230_4,stick2,0.031,0.061,0.0,0.032,6.0,0.046,0.016,156.96270191387092,156.96270191387092,156.96270191387092,27.81977619748942,30.452979490761543,156.9963822994401,156.9963822994401,156.9963822994401,488.0,487.0,486.0,484.0,479.0,460.0
1.71,280.467308094541,3.93013100436681,230_4,stick2,0.031,0.061,0.0,0.032,6.0,0.046,0.016,156.96288626718035,156.96288626718035,156.96288626718035,27.81977619748942,30.452979490761543,156.99656665274955,156.99656665274955,156.99656665274955,460.0,458.0,458.0,458.0,454.0,440.0
1.73,350.064474820085,6.39810426540284,230_4,stick2,0.031,0.061,0.0,0.032,6.0,0.046,0.016,156.96315655444346,156.96315655444346,156.96315655444346,27.81977619748942,30.452979490761543,156.99683694001266,156.99683694001266,156.99683694001266,423.0,422.0,421.0,417.0,410.0,395.0
1.74,349.108304237547,5.21541950113379,230_4,stick2,0.031,0.061,0.0,0.032,6.0,0.046,0.016,156.9634051919155,156.9634051919155,156.9634051919155,27.81977619748942,30.452979490761543,156.9970855774847,156.9970855774847,156.9970855774847,441.0,441.0,441.0,440.0,439.0,418.0
1.76,442.974357613425,7.21003134796238,230_4,stick2,0.031,0.061,0.0,0.032,6.0,0.046,0.016,156.96365203528597,156.96365203528597,156.96365203528597,27.81977619748942,30.452979490761543,156.99733242085517,156.99733242085517,156.99733242085517,320.0,319.0,318.0,316.0,309.0,296.0
1.74,572.814781527662,6.06796116504854,230_4,stick2,0.031,0.061,0.0,0.032,6.0,0.046,0.016,156.96399002858345,156.96399002858345,156.96399002858345,27.81977619748942,30.452979490761543,156.99767041415265,156.99767041415265,156.99767041415265,413.0,412.0,411.0,409.0,401.0,387.0
1.75,436.741688547227,6.37300843486411,230_4,stick2,0.031,0.061,0.0,0.032,6.0,0.046,0.016,156.9644805539096,156.9644805539096,156.9644805539096,27.81977619748942,30.452979490761543,156.9981609394788,156.9981609394788,156.9981609394788,1071.0,1067.0,1066.0,1058.0,1048.0,999.0
1.75,691.549601397669,8.24742268041237,230_4,stick2,0.031,0.061,0.0,0.032,6.0,0.046,0.016,156.9648205301836,156.9648205301836,156.9648205301836,27.81977619748942,30.452979490761543,156.9985009157528,156.9985009157528,156.9985009157528,388.0,388.0,388.0,385.0,381.0,356.0
1.76,486.987711747602,6.11353711790393,230_4,stick2,0.031,0.061,0.0,0.032,6.0,0.046,0.016,156.96503008212792,156.96503008212792,156.96503008212792,27.81977619748942,30.452979490761543,156.99871046769712,156.99871046769712,156.99871046769712,460.0,458.0,457.0,455.0,451.0,430.0
1.76,455.668836534166,6.96055684454756,230_4,stick2,0.031,0.061,0.0,0.032,6.0,0.046,0.016,156.9653240572626,156.9653240572626,156.9653240572626,27.81977619748942,30.452979490761543,156.9990044428318,156.9990044428318,156.9990044428318,434.0,431.0,428.0,425.0,420.0,401.0
1.76,937.211010186954,6.97674418604651,230_4,stick2,0.031,0.061,0.0,0.032,6.0,0.046,0.016,156.96552614011756,156.96552614011756,156.96552614011756,27.81977619748942,30.452979490761543,156.99920652568676,156.99920652568676,156.99920652568676,430.0,430.0,426.0,425.0,417.0,400.0
1.76,830.182991436397,6.38297872340426,230_4,stick2,0.031,0.061,0.0,0.032,6.0,0.046,0.016,156.96580946339577,156.96580946339577,156.96580946339577,27.81977619748942,30.452979490761543,156.99948984896497,156.99948984896497,156.99948984896497,426.0,423.0,421.0,418.0,415.0,396.0
1.76,408.74471747367,5.27704485488127,230_4,stick2,0.031,0.061,0.0,0.032,6.0,0.046,0.016,156.96607569302353,156.96607569302353,156.96607569302353,27.81977619748942,30.452979490761543,156.99975607859272,156.99975607859272,156.99975607859272,380.0,379.0,379.0,378.0,376.0,359.0
1.77,562.502279222527,7.76942355889724,230_4,stick2,0.031,0.061,0.0,0.032,6.0,0.046,0.016,156.96634678481175,156.96634678481175,156.96634678481175,27.81977619748942,30.452979490761543,157.00002717038095,157.00002717038095,157.00002717038095,400.0,399.0,398.0,395.0,388.0,368.0
1.75,625.289511098115,5.0125313283208,230_4,stick2,0.031,0.061,0.0,0.032,6.0,0.046,0.016,156.96657809143943,156.96657809143943,156.96657809143943,27.81977619748942,30.452979490761543,157.00025847700863,157.00025847700863,157.00025847700863,399.0,399.0,398.0,398.0,392.0,379.0
1.74,161.701283680038,6.57894736842105,230_4,stick2,0.031,0.061,0.0,0.032,6.0,0.046,0.016,156.96681967373613,156.96681967373613,156.96681967373613,27.81977619748942,30.452979490761543,157.00050005930532,157.00050005930532,157.00050005930532,456.0,456.0,455.0,452.0,445.0,426.0
1.74,259.586879535445,6.33245382585752,230_4,stick2,0.031,0.061,0.0,0.032,6.0,0.046,0.016,156.96709922210493,156.96709922210493,156.96709922210493,27.81977619748942,30.452979490761543,157.00077960767413,157.00077960767413,157.00077960767413,380.0,379.0,378.0,378.0,374.0,355.0
1.73,376.696817827206,5.73065902578797,230_4,stick2,0.031,0.061,0.0,0.032,6.0,0.046,0.016,156.96734974262105,156.96734974262105,156.96734974262105,27.81977619748942,30.452979490761543,157.00103012819025,157.00103012819025,157.00103012819025,351.0,349.0,349.0,347.0,342.0,329.0
1.73,584.198548582276,5.81896551724138,230_4,stick2,0.031,0.061,0.0,0.032,6.0,0.046,0.016,156.96765542347995,156.96765542347995,156.96765542347995,27.81977619748942,30.452979490761543,157.00133580904915,157.00133580904915,157.00133580904915,465.0,464.0,464.0,462.0,455.0,437.0
1.72,263.332642267503,3.80952380952381,230_4,stick2,0.031,0.061,0.0,0.032,6.0,0.046,0.016,156.96792882138524,156.96792882138524,156.96792882138524,27.81977619748942,30.452979490761543,157.00160920695444,157.00160920695444,157.00160920695444,420.0,420.0,420.0,418.0,412.0,404.0
1.74,301.098715665869,4.24028268551237,230_4,stick2,0.031,0.061,0.0,0.032,6.0,0.046,0.016,156.96822216585608,156.96822216585608,156.96822216585608,27.81977619748942,30.452979490761543,157.00190255142527,157.00190255142527,157.00190255142527,567.0,566.0,565.0,563.0,558.0,542.0
1.74,639.301457417941,5.10396975425331,230_4,stick2,0.031,0.061,0.0,0.032,6.0,0.046,0.016,156.96850482369555,156.96850482369555,156.96850482369555,27.81977619748942,30.452979490761543,157.00218520926475,157.00218520926475,157.00218520926475,531.0,529.0,528.0,524.0,518.0,502.0
1.74,564.257617836488,6.71462829736211,230_4,stick2,0.031,0.061,0.0,0.032,6.0,0.046,0.016,156.9686829937346,156.9686829937346,156.9686829937346,27.81977619748942,30.452979490761543,157.0023633793038,157.0023633793038,157.0023633793038,418.0,417.0,417.0,414.0,408.0,389.0
1.76,547.741447955742,6.23655913978495,230_4,stick2,0.031,0.061,0.0,0.032,6.0,0.046,0.016,156.9689293854866,156.9689293854866,156.9689293854866,27.81977619748942,30.452979490761543,157.0026097710558,157.0026097710558,157.0026097710558,466.0,465.0,461.0,456.0,450.0,436.0
1.81,638.929249786028,8.58059342421812,230_4,stick2,0.031,0.061,0.0,0.032,6.0,0.046,0.016,156.96953699506156,156.96953699506156,156.96953699506156,27.81977619748942,30.452979490761543,157.00321738063076,157.00321738063076,157.00321738063076,1255.0,1247.0,1241.0,1230.0,1206.0,1140.0
1.81,1109.51628522633,7.39957716701903,230_4,stick2,0.031,0.061,0.0,0.032,6.0,0.046,0.016,156.9697557132383,156.9697557132383,156.9697557132383,27.81977619748942,30.452979490761543,157.0034360988075,157.0034360988075,157.0034360988075,473.0,473.0,471.0,468.0,459.0,438.0
1.83,349.029418207401,7.42705570291777,230_4,stick2,0.031,0.061,0.0,0.032,6.0,0.046,0.016,156.97005128270646,156.97005128270646,156.97005128270646,27.81977619748942,30.452979490761543,157.00373166827566,157.00373166827566,157.00373166827566,378.0,377.0,376.0,375.0,366.0,349.0
1.83,718.507144959531,7.98668885191348,230_4,stick2,0.031,0.061,0.0,0.032,6.0,0.046,0.016,156.9703094115754,156.9703094115754,156.9703094115754,27.81977619748942,30.452979490761543,157.0039897971446,157.0039897971446,157.0039897971446,604.0,601.0,597.0,592.0,581.0,553.0
1.83,1103.03718636312,5.94679186228482,230_4,stick2,0.031,0.061,0.0,0.032,6.0,0.046,0.016,156.97060417442455,156.97060417442455,156.97060417442455,27.81977619748942,30.452979490761543,157.00428455999375,157.00428455999375,157.00428455999375,643.0,639.0,636.0,631.0,619.0,601.0
1.87,415.158748127917,6.18556701030928,230_4,stick2,0.031,0.061,0.0,0.032,6.0,0.046,0.016,156.97106275618324,156.97106275618324,156.97106275618324,27.81977619748942,30.452979490761543,157.00474314175244,157.00474314175244,157.00474314175244,390.0,388.0,387.0,383.0,378.0,364.0
1.83,813.215745784288,8.58283433133733,230_4,stick2,0.031,0.061,0.0,0.032,6.0,0.046,0.016,156.97130880644568,156.97130880644568,156.97130880644568,27.81977619748942,30.452979490761543,157.00498919201488,157.00498919201488,157.00498919201488,503.0,501.0,500.0,497.0,490.0,458.0
1.87,981.133164582113,6.08519269776876,230_4,stick2,0.031,0.061,0.0,0.032,6.0,0.046,0.016,156.9715577677383,156.9715577677383,156.9715577677383,27.81977619748942,30.452979490761543,157.0052381533075,157.0052381533075,157.0052381533075,493.0,493.0,493.0,489.0,480.0,463.0
1.87,715.154674207685,8.35443037974684,230_4,stick2,0.031,0.061,0.0,0.032,6.0,0.046,0.016,156.9718126288292,156.9718126288292,156.9718126288292,27.81977619748942,30.452979490761543,157.0054930143984,157.0054930143984,157.0054930143984,395.0,395.0,393.0,393.0,381.0,362.0
1.87,776.895453552386,7.54352030947776,230_4,stick2,0.031,0.061,0.0,0.032,6.0,0.046,0.016,156.97201199946304,156.97201199946304,156.97201199946304,27.81977619748942,30.452979490761543,157.00569238503223,157.00569238503223,157.00569238503223,517.0,517.0,517.0,511.0,502.0,478.0
1.87,821.788786202598,7.24299065420561,230_4,stick2,0.031,0.061,0.0,0.032,6.0,0.046,0.016,156.97227106641952,156.97227106641952,156.97227106641952,27.81977619748942,30.452979490761543,157.00595145198872,157.00595145198872,157.00595145198872,431.0,428.0,426.0,423.0,415.0,397.0
1.85,572.739224899384,7.48987854251012,230_4,stick2,0.031,0.061,0.0,0.032,6.0,0.046,0.016,156.97259093600795,156.97259093600795,156.97259093600795,27.81977619748942,30.452979490761543,157.00627132157715,157.00627132157715,157.00627132157715,495.0,494.0,493.0,490.0,482.0,457.0
1.85,654.278528935179,6.71378091872791,230_4,stick2,0.031,0.061,0.0,0.032,6.0,0.046,0.016,156.97287152762195,156.97287152762195,156.97287152762195,27.81977619748942,30.452979490761543,157.00655191319115,157.00655191319115,157.00655191319115,569.0,566.0,566.0,560.0,555.0,528.0
1.87,428.780255574953,6.53465346534653,230_4,stick2,0.031,0.061,0.0,0.032,6.0,0.046,0.016,156.9731302334359,156.9731302334359,156.9731302334359,27.81977619748942,30.452979490761543,157.0068106190051,157.0068106190051,157.0068106190051,508.0,505.0,503.0,501.0,495.0,472.0
1.87,671.855025466059,6.57894736842105,230_4,stick2,0.031,0.061,0.0,0.032,6.0,0.046,0.016,156.97329108268355,156.97329108268355,156.97329108268355,27.81977619748942,30.452979490761543,157.00697146825274,157.00697146825274,157.00697146825274,458.0,456.0,456.0,453.0,448.0,426.0
1.87,508.068063340453,9.09090909090909,230_4,stick2,0.031,0.061,0.0,0.032,6.0,0.046,0.016,156.97360616297567,156.97360616297567,156.97360616297567,27.81977619748942,30.452979490761543,157.00728654854487,157.00728654854487,157.00728654854487,497.0,495.0,493.0,487.0,480.0,450.0
1.88,438.467985820335,5.9204440333025,230_4,stick2,0.031,0.061,0.0,0.032,6.0,0.046,0.016,156.97417849630241,156.97417849630241,156.97417849630241,27.81977619748942,30.452979490761543,157.0078588818716,157.0078588818716,157.0078588818716,1082.0,1081.0,1077.0,1073.0,1054.0,1017.0
1.85,487.669078193015,7.16049382716049,230_4,stick2,0.031,0.061,0.0,0.032,6.0,0.046,0.016,156.97438222737878,156.97438222737878,156.97438222737878,27.81977619748942,30.452979490761543,157.00806261294798,157.00806261294798,157.00806261294798,407.0,405.0,405.0,403.0,395.0,376.0
1.87,530.498114110415,8.19672131147541,230_4,stick2,0.031,0.061,0.0,0.032,6.0,0.046,0.016,156.97473565386952,156.97473565386952,156.97473565386952,27.81977619748942,30.452979490761543,157.0084160394387,157.0084160394387,157.0084160394387,431.0,427.0,426.0,423.0,417.0,392.0
1.87,612.598573506526,7.17054263565892,230_4,stick2,0.031,0.061,0.0,0.032,6.0,0.046,0.016,156.97502735760875,156.97502735760875,156.97502735760875,27.81977619748942,30.452979490761543,157.00870774317795,157.00870774317795,157.00870774317795,519.0,516.0,513.0,511.0,503.0,479.0
1.87,524.714165704882,8.41346153846154,230_4,stick2,0.031,0.061,0.0,0.032,6.0,0.046,0.016,156.9752285129378,156.9752285129378,156.9752285129378,27.81977619748942,30.452979490761543,157.008908898507,157.008908898507,157.008908898507,420.0,416.0,413.0,408.0,405.0,381.0
1.84,655.203547989448,7.10659898477157,230_4,stick2,0.031,0.061,0.0,0.032,6.0,0.046,0.016,156.97549029246852,156.97549029246852,156.97549029246852,27.81977619748942,30.452979490761543,157.00917067803772,157.00917067803772,157.00917067803772,394.0,394.0,393.0,390.0,381.0,366.0
1.84,576.878891462001,8.82352941176471,230_4,stick2,0.031,0.061,0.0,0.032,6.0,0.046,0.016,156.97572864547072,156.97572864547072,156.97572864547072,27.81977619748942,30.452979490761543,157.00940903103992,157.00940903103992,157.00940903103992,411.0,408.0,408.0,402.0,397.0,372.0
1.84,546.583151586401,7.87037037037037,230_4,stick2,0.031,0.061,0.0,0.032,6.0,0.046,0.016,156.97599353673908,156.97599353673908,156.97599353673908,27.81977619748942,30.452979490761543,157.00967392230828,157.00967392230828,157.00967392230828,436.0,432.0,430.0,425.0,420.0,398.0
1.87,385.462086702417,5.85774058577406,230_4,stick2,0.031,0.061,0.0,0.032,6.0,0.046,0.016,156.97623457834365,156.97623457834365,156.97623457834365,27.81977619748942,30.452979490761543,157.00991496391285,157.00991496391285,157.00991496391285,478.0,478.0,478.0,474.0,470.0,450.0
1.87,675.14324070727,5.47045951859956,230_4,stick2,0.031,0.061,0.0,0.032,6.0,0.046,0.016,156.97651224806734,156.97651224806734,156.97651224806734,27.81977619748942,30.452979490761543,157.01019263363654,157.01019263363654,157.01019263363654,459.0,457.0,457.0,453.0,450.0,432.0
1.84,651.825525727152,5.62248995983936,230_4,stick2,0.031,0.061,0.0,0.032,6.0,0.046,0.016,156.97685157945358,156.97685157945358,156.97685157945358,27.81977619748942,30.452979490761543,157.01053196502278,157.01053196502278,157.01053196502278,502.0,498.0,497.0,496.0,487.0,470.0
1.84,502.433399058612,6.95443645083933,230_4,stick2,0.031,0.061,0.0,0.032,6.0,0.046,0.016,156.977078869344,156.977078869344,156.977078869344,27.81977619748942,30.452979490761543,157.0107592549132,157.0107592549132,157.0107592549132,419.0,417.0,417.0,414.0,408.0,388.0
1.81,418.696652774008,5.29100529100529,230_4,stick2,0.031,0.061,0.0,0.032,6.0,0.046,0.016,156.97728462728745,156.97728462728745,156.97728462728745,27.81977619748942,30.452979490761543,157.01096501285664,157.01096501285664,157.01096501285664,378.0,378.0,378.0,375.0,372.0,358.0
1.81,410.532385262298,5.26315789473684,230_4,stick2,0.031,0.061,0.0,0.032,6.0,0.046,0.016,156.9777830849301,156.9777830849301,156.9777830849301,27.81977619748942,30.452979490761543,157.0114634704993,157.0114634704993,157.0114634704993,381.0,380.0,380.0,379.0,377.0,360.0
1.76,710.91196908004,6.79156908665105,230_4,stick2,0.031,0.061,0.0,0.032,6.0,0.046,0.016,156.97802941046314,156.97802941046314,156.97802941046314,27.81977619748942,30.452979490761543,157.01170979603233,157.01170979603233,157.01170979603233,429.0,427.0,426.0,423.0,415.0,398.0
1.77,439.748710303756,7.13623725671918,230_4,stick2,0.031,0.061,0.0,0.032,6.0,0.046,0.016,156.97852567629326,156.97852567629326,156.97852567629326,27.81977619748942,30.452979490761543,157.01220606186246,157.01220606186246,157.01220606186246,1079.0,1079.0,1077.0,1065.0,1051.0,1002.0
1.81,600.058810941295,6.07843137254902,230_4,stick2,0.031,0.061,0.0,0.032,6.0,0.046,0.016,156.97876358430196,156.97876358430196,156.97876358430196,27.81977619748942,30.452979490761543,157.01244396987116,157.01244396987116,157.01244396987116,511.0,510.0,510.0,506.0,503.0,479.0
1.82,876.797645436704,5.59322033898305,230_4,stick2,0.031,0.061,0.0,0.032,6.0,0.046,0.016,156.97905573948435,156.97905573948435,156.97905573948435,27.81977619748942,30.452979490761543,157.01273612505355,157.01273612505355,157.01273612505355,591.0,590.0,587.0,585.0,579.0,557.0
1.84,475.789339770091,6.96055684454756,230_4,stick2,0.031,0.061,0.0,0.032,6.0,0.046,0.016,156.97929404820576,156.97929404820576,156.97929404820576,27.81977619748942,30.452979490761543,157.01297443377496,157.01297443377496,157.01297443377496,431.0,431.0,431.0,427.0,420.0,401.0
1.82,843.328429687412,6.50759219088937,230_4,stick2,0.031,0.061,0.0,0.032,6.0,0.046,0.016,156.9798284105787,156.9798284105787,156.9798284105787,27.81977619748942,30.452979490761543,157.0135087961479,157.0135087961479,157.0135087961479,463.0,461.0,459.0,455.0,447.0,431.0
1.81,703.546961744483,9.06921241050119,230_4,stick2,0.031,0.061,0.0,0.032,6.0,0.046,0.016,156.98013940537547,156.98013940537547,156.98013940537547,27.81977619748942,30.452979490761543,157.01381979094467,157.01381979094467,157.01381979094467,421.0,419.0,419.0,415.0,404.0,381.0
1.8,1413.98582548224,6.88405797101449,230_4,stick2,0.031,0.061,0.0,0.032,6.0,0.046,0.016,156.98036892179522,156.98036892179522,156.98036892179522,27.81977619748942,30.452979490761543,157.01404930736442,157.01404930736442,157.01404930736442,555.0,552.0,546.0,544.0,537.0,514.0
1.81,812.5013825814,7.52688172043011,230_4,stick2,0.031,0.061,0.0,0.032,6.0,0.046,0.016,156.9805319829426,156.9805319829426,156.9805319829426,27.81977619748942,30.452979490761543,157.0142123685118,157.0142123685118,157.0142123685118,373.0,372.0,370.0,367.0,362.0,344.0
1.81,649.095318107423,7.24346076458753,230_4,stick2,0.031,0.061,0.0,0.032,6.0,0.046,0.016,156.98086909383784,156.98086909383784,156.98086909383784,27.81977619748942,30.452979490761543,157.01454947940704,157.01454947940704,157.01454947940704,498.0,497.0,496.0,488.0,484.0,461.0
1.79,1037.88629468469,7.64563106796117,230_4,stick2,0.031,0.061,0.0,0.032,6.0,0.046,0.016,156.9813187822956,156.9813187822956,156.9813187822956,27.81977619748942,30.452979490761543,157.0149991678648,157.0149991678648,157.0149991678648,827.0,824.0,823.0,814.0,798.0,761.0
1.77,656.594026003537,7.37704918032787,230_4,stick2,0.031,0.061,0.0,0.032,6.0,0.046,0.016,156.98162444693335,156.98162444693335,156.98162444693335,27.81977619748942,30.452979490761543,157.01530483250255,157.01530483250255,157.01530483250255,490.0,488.0,485.0,484.0,472.0,452.0
1.79,358.943418059293,6.68380462724936,230_4,stick2,0.031,0.061,0.0,0.032,6.0,0.046,0.016,156.98192440635898,156.98192440635898,156.98192440635898,27.81977619748942,30.452979490761543,157.01560479192818,157.01560479192818,157.01560479192818,389.0,389.0,388.0,384.0,380.0,363.0
1.79,355.411409672844,5.93824228028504,230_4,stick2,0.031,0.061,0.0,0.032,6.0,0.046,0.016,156.98220364998573,156.98220364998573,156.98220364998573,27.81977619748942,30.452979490761543,157.01588403555493,157.01588403555493,157.01588403555493,421.0,421.0,420.0,420.0,415.0,396.0
1.77,589.688258409565,10.4477611940299,230_4,stick2,0.031,0.061,0.0,0.032,6.0,0.046,0.016,156.98242594507818,156.98242594507818,156.98242594507818,27.81977619748942,30.452979490761543,157.01610633064737,157.01610633064737,157.01610633064737,403.0,402.0,400.0,393.0,387.0,360.0
1.77,264.599212402907,3.67170626349892,230_4,stick2,0.031,0.061,0.0,0.032,6.0,0.046,0.016,156.9827305857639,156.9827305857639,156.9827305857639,27.81977619748942,30.452979490761543,157.0164109713331,157.0164109713331,157.0164109713331,464.0,463.0,463.0,460.0,456.0,446.0
1.77,1055.13014379214,7.90513833992095,230_4,stick2,0.031,0.061,0.0,0.032,6.0,0.046,0.016,156.98300411985235,156.98300411985235,156.98300411985235,27.81977619748942,30.452979490761543,157.01668450542155,157.01668450542155,157.01668450542155,506.0,506.0,502.0,498.0,488.0,466.0
1.76,580.782000710048,4.63414634146341,230_4,stick2,0.031,0.061,0.0,0.032,6.0,0.046,0.016,156.98321324787008,156.98321324787008,156.98321324787008,27.81977619748942,30.452979490761543,157.01689363343928,157.01689363343928,157.01689363343928,410.0,410.0,409.0,404.0,399.0,391.0
1.76,427.390040469752,8.02292263610315,230_4,stick2,0.031,0.061,0.0,0.032,6.0,0.046,0.016,156.98338721857723,156.98338721857723,156.98338721857723,27.81977619748942,30.452979490761543,157.01706760414643,157.01706760414643,157.01706760414643,349.0,349.0,348.0,347.0,338.0,321.0
1.74,404.893768268027,5.99520383693046,230_4,stick2,0.031,0.061,0.0,0.032,6.0,0.046,0.016,156.98356262745045,156.98356262745045,156.98356262745045,27.81977619748942,30.452979490761543,157.01724301301965,157.01724301301965,157.01724301301965,419.0,417.0,416.0,412.0,405.0,392.0
1.74,346.838774937901,4.53257790368272,230_4,stick2,0.031,0.061,0.0,0.032,6.0,0.046,0.016,156.9838759195522,156.9838759195522,156.9838759195522,27.81977619748942,30.452979490761543,157.0175563051214,157.0175563051214,157.0175563051214,353.0,353.0,351.0,351.0,346.0,337.0
1.74,528.933773751523,5.88235294117647,230_4,stick2,0.031,0.061,0.0,0.032,6.0,0.046,0.016,156.98415452708196,156.98415452708196,156.98415452708196,27.81977619748942,30.452979490761543,157.01783491265115,157.01783491265115,157.01783491265115,411.0,408.0,406.0,405.0,399.0,384.0
1.73,375.530784029253,6.06060606060606,230_4,stick2,0.031,0.061,0.0,0.032,6.0,0.046,0.016,156.98439128618975,156.98439128618975,156.98439128618975,27.81977619748942,30.452979490761543,157.01807167175895,157.01807167175895,157.01807167175895,330.0,330.0,327.0,326.0,325.0,310.0
1.71,433.339202487881,6.95443645083933,230_4,stick2,0.031,0.061,0.0,0.032,6.0,0.046,0.016,156.98464753174886,156.98464753174886,156.98464753174886,27.81977619748942,30.452979490761543,157.01832791731806,157.01832791731806,157.01832791731806,418.0,417.0,416.0,412.0,410.0,388.0
1.76,485.53135257688,6.35838150289017,230_4,stick2,0.031,0.061,0.0,0.032,6.0,0.046,0.016,156.98489709654328,156.98489709654328,156.98489709654328,27.81977619748942,30.452979490761543,157.01857748211248,157.01857748211248,157.01857748211248,347.0,346.0,346.0,339.0,336.0,324.0
1.73,333.28839022804,7.09677419354839,230_4,stick2,0.031,0.061,0.0,0.032,6.0,0.046,0.016,156.9851466172721,156.9851466172721,156.9851466172721,27.81977619748942,30.452979490761543,157.0188270028413,157.0188270028413,157.0188270028413,310.0,310.0,309.0,309.0,301.0,288.0
1.75,431.085475418985,0.399071330243033,230_4,stick2,0.031,0.061,0.0,0.032,6.0,0.046,0.016,156.98550084598938,156.98550084598938,156.98550084598938,27.81977619748942,30.452979490761543,157.01918123155858,157.01918123155858,157.01918123155858,4510.47184698487,4510.47184698487,4510.47184698487,4510.47184698487,4505.47184698487,4492.47184698487
1.73,507.289540961788,0.288086764955092,230_4,stick2,0.031,0.061,0.0,0.032,6.0,0.046,0.016,156.98566543753273,156.98566543753273,156.98566543753273,27.81977619748942,30.452979490761543,157.01934582310193,157.01934582310193,157.01934582310193,5901.0,5901.0,5901.0,5899.0,5897.0,5884.0
1.73,356.997356671442,6.22950819672131,230_4,stick2,0.031,0.061,0.0,0.032,6.0,0.046,0.016,156.9860038762106,156.9860038762106,156.9860038762106,27.81977619748942,30.452979490761543,157.0196842617798,157.0196842617798,157.0196842617798,305.0,305.0,304.0,301.0,295.0,286.0
1.71,408.276583329038,6.80100755667506,230_4,stick2,0.031,0.061,0.0,0.032,6.0,0.046,0.016,156.9862479761676,156.9862479761676,156.9862479761676,27.81977619748942,30.452979490761543,157.0199283617368,157.0199283617368,157.0199283617368,398.0,397.0,395.0,394.0,389.0,370.0
1.72,230.952271046464,5.12820512820513,230_4,stick2,0.031,0.061,0.0,0.032,6.0,0.046,0.016,156.98650622978,156.98650622978,156.98650622978,27.81977619748942,30.452979490761543,157.0201866153492,157.0201866153492,157.0201866153492,351.0,351.0,351.0,350.0,347.0,333.0
1.72,372.282610232876,4.21545667447307,230_4,stick2,0.031,0.061,0.0,0.032,6.0,0.046,0.016,156.98675362051785,156.98675362051785,156.98675362051785,27.81977619748942,30.452979490761543,157.02043400608704,157.02043400608704,157.02043400608704,428.0,427.0,425.0,425.0,421.0,409.0
1.72,382.098581949718,5.43130990415335,230_4,stick2,0.031,0.061,0.0,0.032,6.0,0.046,0.016,156.98710574914483,156.98710574914483,156.98710574914483,27.81977619748942,30.452979490761543,157.02078613471403,157.02078613471403,157.02078613471403,313.0,313.0,313.0,309.0,307.0,296.0
1.72,367.326278998613,7.69230769230769,230_4,stick2,0.031,0.061,0.0,0.032,6.0,0.046,0.016,156.98731217125578,156.98731217125578,156.98731217125578,27.81977619748942,30.452979490761543,157.02099255682498,157.02099255682498,157.02099255682498,364.0,364.0,363.0,362.0,357.0,336.0
1.7,1216.19985640424,6.61577608142494,230_4,stick2,0.031,0.061,0.0,0.032,6.0,0.046,0.016,156.98755707252576,156.98755707252576,156.98755707252576,27.81977619748942,30.452979490761543,157.02123745809496,157.02123745809496,157.02123745809496,394.0,393.0,390.0,387.0,383.0,367.0
1.71,673.071783900293,6.31578947368421,230_4,stick2,0.031,0.061,0.0,0.032,6.0,0.046,0.016,156.98790658159598,156.98790658159598,156.98790658159598,27.81977619748942,30.452979490761543,157.02158696716518,157.02158696716518,157.02158696716518,381.0,380.0,379.0,379.0,371.0,356.0
1.71,871.11198798448,5.48926014319809,230_4,stick2,0.031,0.061,0.0,0.032,6.0,0.046,0.016,156.98807051941574,156.98807051941574,156.98807051941574,27.81977619748942,30.452979490761543,157.02175090498494,157.02175090498494,157.02175090498494,421.0,419.0,418.0,415.0,408.0,396.0
1.74,534.191526829166,7.50853242320819,230_4,stick2,0.031,0.061,0.0,0.032,6.0,0.046,0.016,156.98830622228388,156.98830622228388,156.98830622228388,27.81977619748942,30.452979490761543,157.02198660785308,157.02198660785308,157.02198660785308,294.0,293.0,292.0,291.0,283.0,271.0
1.71,303.003783002917,6.88935281837161,230_4,stick2,0.031,0.061,0.0,0.032,6.0,0.046,0.016,156.98866249898668,156.98866249898668,156.98866249898668,27.81977619748942,30.452979490761543,157.02234288455588,157.02234288455588,157.02234288455588,481.0,479.0,478.0,477.0,471.0,446.0
1.73,648.528045586272,6.64739884393064,230_4,stick2,0.031,0.061,0.0,0.032,6.0,0.046,0.016,156.9892602634445,156.9892602634445,156.9892602634445,27.81977619748942,30.452979490761543,157.0229406490137,157.0229406490137,157.0229406490137,1040.0,1038.0,1035.0,1030.0,1016.0,969.0
1.73,537.672203559561,6.88259109311741,230_4,stick2,0.031,0.061,0.0,0.032,6.0,0.046,0.016,156.9896244469194,156.9896244469194,156.9896244469194,27.81977619748942,30.452979490761543,157.0233048324886,157.0233048324886,157.0233048324886,496.0,494.0,494.0,490.0,482.0,460.0
1.72,918.811759603188,6.00924499229584,230_4,stick2,0.031,0.061,0.0,0.032,6.0,0.046,0.016,156.98991071952875,156.98991071952875,156.98991071952875,27.81977619748942,30.452979490761543,157.02359110509795,157.02359110509795,157.02359110509795,649.0,649.0,648.0,642.0,636.0,610.0
1.73,518.161412954643,6.99300699300699,230_4,stick2,0.031,0.061,0.0,0.032,6.0,0.046,0.016,156.99023292066036,156.99023292066036,156.99023292066036,27.81977619748942,30.452979490761543,157.02391330622956,157.02391330622956,157.02391330622956,431.0,429.0,429.0,425.0,414.0,399.0
1.73,512.979214498906,7.88863109048724,230_4,stick2,0.031,0.061,0.0,0.032,6.0,0.046,0.016,156.99049314663552,156.99049314663552,156.99049314663552,27.81977619748942,30.452979490761543,157.0241735322047,157.0241735322047,157.0241735322047,432.0,431.0,430.0,428.0,419.0,397.0
1.71,432.945274720493,5.18018018018018,230_4,stick2,0.031,0.061,0.0,0.032,6.0,0.046,0.016,156.9907865342921,156.9907865342921,156.9907865342921,27.81977619748942,30.452979490761543,157.0244669198613,157.0244669198613,157.0244669198613,444.0,444.0,444.0,443.0,438.0,421.0
1.72,495.897222856693,8.84433962264151,230_4,stick2,0.031,0.061,0.0,0.032,6.0,0.046,0.016,156.99138409537684,156.99138409537684,156.99138409537684,27.81977619748942,30.452979490761543,157.02506448094604,157.02506448094604,157.02506448094604,848.0,848.0,845.0,836.0,817.0,773.0
1.72,579.299563507694,5.96026490066225,230_4,stick2,0.031,0.061,0.0,0.032,6.0,0.046,0.016,156.99155003975298,156.99155003975298,156.99155003975298,27.81977619748942,30.452979490761543,157.02523042532218,157.02523042532218,157.02523042532218,454.0,453.0,450.0,449.0,442.0,426.0
1.71,411.103945519534,6.96022727272727,230_4,stick2,0.031,0.061,0.0,0.032,6.0,0.046,0.016,156.99216541544118,156.99216541544118,156.99216541544118,27.81977619748942,30.452979490761543,157.02584580101038,157.02584580101038,157.02584580101038,705.0,704.0,701.0,692.0,679.0,655.0
1.72,350.228267747821,6.38977635782748,230_4,stick2,0.031,0.061,0.0,0.032,6.0,0.046,0.016,156.9926812748112,156.9926812748112,156.9926812748112,27.81977619748942,30.452979490761543,157.0263616603804,157.0263616603804,157.0263616603804,313.0,313.0,313.0,312.0,307.0,293.0
1.72,597.175008987948,3.16301703163017,230_4,stick2,0.031,0.061,0.0,0.032,6.0,0.046,0.016,156.99286805074786,156.99286805074786,156.99286805074786,27.81977619748942,30.452979490761543,157.02654843631706,157.02654843631706,157.02654843631706,411.0,411.0,409.0,406.0,406.0,398.0
1.71,431.703083007894,5.89970501474926,230_4,stick2,0.031,0.061,0.0,0.032,6.0,0.046,0.016,156.99315677779072,156.99315677779072,156.99315677779072,27.81977619748942,30.452979490761543,157.02683716335991,157.02683716335991,157.02683716335991,341.0,339.0,339.0,337.0,336.0,319.0
1.72,921.555229990603,7.88732394366197,230_4,stick2,0.031,0.061,0.0,0.032,6.0,0.046,0.016,156.9933746918498,156.9933746918498,156.9933746918498,27.81977619748942,30.452979490761543,157.027055077419,157.027055077419,157.027055077419,357.0,355.0,353.0,348.0,344.0,327.0
1.73,865.107497099635,7.26072607260726,230_4,stick2,0.031,0.061,0.0,0.032,6.0,0.046,0.016,156.9936151856356,156.9936151856356,156.9936151856356,27.81977619748942,30.452979490761543,157.0272955712048,157.0272955712048,157.0272955712048,305.0,303.0,302.0,299.0,293.0,281.0
1.72,738.90757176889,9.6514745308311,230_4,stick2,0.031,0.061,0.0,0.032,6.0,0.046,0.016,156.9938752841067,156.9938752841067,156.9938752841067,27.81977619748942,30.452979490761543,157.0275556696759,157.0275556696759,157.0275556696759,378.0,373.0,373.0,368.0,362.0,337.0
1.73,991.96303782308,8.69565217391304,230_4,stick2,0.031,0.061,0.0,0.032,6.0,0.046,0.016,156.99417377565325,156.99417377565325,156.99417377565325,27.81977619748942,30.452979490761543,157.02785416122245,157.02785416122245,157.02785416122245,394.0,391.0,390.0,384.0,378.0,357.0
1.76,263.676051498938,8.36820083682008,230_4,stick2,0.031,0.061,0.0,0.032,6.0,0.046,0.016,156.9944043780626,156.9944043780626,156.9944043780626,27.81977619748942,30.452979490761543,157.0280847636318,157.0280847636318,157.0280847636318,482.0,478.0,476.0,472.0,463.0,438.0
1.73,653.018393523711,7.9646017699115,230_4,stick2,0.031,0.061,0.0,0.032,6.0,0.046,0.016,156.99469214473538,156.99469214473538,156.99469214473538,27.81977619748942,30.452979490761543,157.02837253030458,157.02837253030458,157.02837253030458,342.0,339.0,338.0,335.0,334.0,312.0
1.73,1268.59832588571,8.3756345177665,230_4,stick2,0.031,0.061,0.0,0.032,6.0,0.046,0.016,156.99489377199902,156.99489377199902,156.99489377199902,27.81977619748942,30.452979490761543,157.02857415756822,157.02857415756822,157.02857415756822,396.0,394.0,394.0,390.0,381.0,361.0
1.75,1142.48960434928,8.49256900212314,230_4,stick2,0.031,0.061,0.0,0.032,6.0,0.046,0.016,156.99535901437667,156.99535901437667,156.99535901437667,27.81977619748942,30.452979490761543,157.02903939994587,157.02903939994587,157.02903939994587,474.0,471.0,470.0,464.0,455.0,431.0
1.75,775.274337607447,7.2093023255814,230_4,stick2,0.031,0.061,0.0,0.032,6.0,0.046,0.016,156.99559955813345,156.99559955813345,156.99559955813345,27.81977619748942,30.452979490761543,157.02927994370265,157.02927994370265,157.02927994370265,432.0,430.0,428.0,421.0,414.0,399.0
1.73,482.999009601541,9.09090909090909,230_4,stick2,0.031,0.061,0.0,0.032,6.0,0.046,0.016,156.99584402863522,156.99584402863522,156.99584402863522,27.81977619748942,30.452979490761543,157.02952441420442,157.02952441420442,157.02952441420442,232.0,231.0,231.0,228.0,222.0,210.0
1.74,196.515094624483,8.51528384279476,230_4,stick2,0.031,0.061,0.0,0.032,6.0,0.046,0.016,156.99652677979313,156.99652677979313,156.99652677979313,27.81977619748942,30.452979490761543,157.03020716536233,157.03020716536233,157.03020716536233,919.0,916.0,911.0,904.0,890.0,838.0
1.74,305.463026824979,9.91735537190083,230_4,stick2,0.031,0.061,0.0,0.032,6.0,0.046,0.016,156.9967868160713,156.9967868160713,156.9967868160713,27.81977619748942,30.452979490761543,157.0304672016405,157.0304672016405,157.0304672016405,242.0,242.0,241.0,237.0,232.0,218.0
1.72,882.130623074773,7.87172011661808,230_4,stick2,0.031,0.061,0.0,0.032,6.0,0.046,0.016,156.99709944632394,156.99709944632394,156.99709944632394,27.81977619748942,30.452979490761543,157.03077983189314,157.03077983189314,157.03077983189314,346.0,343.0,341.0,337.0,330.0,316.0
1.72,406.475053597812,8.71559633027523,230_4,stick2,0.031,0.061,0.0,0.032,6.0,0.046,0.016,156.9974072998733,156.9974072998733,156.9974072998733,27.81977619748942,30.452979490761543,157.0310876854425,157.0310876854425,157.0310876854425,218.0,218.0,218.0,216.0,209.0,199.0
1.71,196.302020615072,8.7719298245614,230_4,stick2,0.031,0.061,0.0,0.032,6.0,0.046,0.016,156.99797599731883,156.99797599731883,156.99797599731883,27.81977619748942,30.452979490761543,157.03165638288803,157.03165638288803,157.03165638288803,171.0,171.0,171.0,171.0,167.0,156.0
1.71,630.21619380555,7.61904761904762,230_4,stick2,0.031,0.061,0.0,0.032,6.0,0.046,0.016,156.99853879469495,156.99853879469495,156.99853879469495,27.81977619748942,30.452979490761543,157.03221918026415,157.03221918026415,157.03221918026415,421.0,420.0,420.0,417.0,405.0,388.0
1.71,382.625205297595,7.16981132075472,230_4,stick2,0.031,0.061,0.0,0.032,6.0,0.046,0.016,156.99879669057336,156.99879669057336,156.99879669057336,27.81977619748942,30.452979490761543,157.03247707614256,157.03247707614256,157.03247707614256,266.0,265.0,265.0,261.0,257.0,246.0
1.71,334.175712721017,7.64331210191083,230_4,stick2,0.031,0.061,0.0,0.032,6.0,0.046,0.016,156.99910932789223,156.99910932789223,156.99910932789223,27.81977619748942,30.452979490761543,157.03278971346143,157.03278971346143,157.03278971346143,314.0,314.0,314.0,310.0,305.0,290.0
1.71,1026.30530961893,6.49350649350649,230_4,stick2,0.031,0.061,0.0,0.032,6.0,0.046,0.016,156.99936095320746,156.99936095320746,156.99936095320746,27.81977619748942,30.452979490761543,157.03304133877666,157.03304133877666,157.03304133877666,464.0,462.0,457.0,455.0,447.0,432.0
1.71,561.86573684051,6.35451505016722,230_4,stick2,0.031,0.061,0.0,0.032,6.0,0.046,0.016,156.99967652029443,156.99967652029443,156.99967652029443,27.81977619748942,30.452979490761543,157.03335690586363,157.03335690586363,157.03335690586363,299.0,299.0,297.0,294.0,292.0,280.0
1.71,234.351042016435,6.66666666666667,230_4,stick2,0.031,0.061,0.0,0.032,6.0,0.046,0.016,156.99993038858528,156.99993038858528,156.99993038858528,27.81977619748942,30.452979490761543,157.03361077415448,157.03361077415448,157.03361077415448,270.0,270.0,270.0,269.0,265.0,252.0
1.74,343.307628024481,7.14285714285714,230_4,stick2,0.031,0.061,0.0,0.032,6.0,0.046,0.016,157.0010633436447,157.0010633436447,157.0010633436447,27.81977619748942,30.452979490761543,157.0347437292139,157.0347437292139,157.0347437292139,211.0,210.0,210.0,209.0,202.0,195.0
1.77,375.623312338062,5.22875816993464,230_4,stick2,0.031,0.061,0.0,0.032,6.0,0.046,0.016,157.001630582464,157.001630582464,157.001630582464,27.81977619748942,30.452979490761543,157.0353109680332,157.0353109680332,157.0353109680332,307.0,306.0,306.0,305.0,299.0,290.0
1.79,89.4218520445537,5.80110497237569,230_4,stick2,0.031,0.061,0.0,0.032,6.0,0.046,0.016,157.00205271271898,157.00205271271898,157.00205271271898,27.81977619748942,30.452979490761543,157.03573309828818,157.03573309828818,157.03573309828818,362.0,362.0,362.0,360.0,360.0,341.0
1.81,201.537009778176,6.13207547169811,230_4,stick2,0.031,0.061,0.0,0.032,6.0,0.046,0.016,157.00270360566878,157.00270360566878,157.00270360566878,27.81977619748942,30.452979490761543,157.03638399123798,157.03638399123798,157.03638399123798,212.0,212.0,212.0,212.0,209.0,199.0
1.81,326.350592982214,3.6319612590799,230_4,stick2,0.031,0.061,0.0,0.032,6.0,0.046,0.016,157.00295322169438,157.00295322169438,157.00295322169438,27.81977619748942,30.452979490761543,157.03663360726358,157.03663360726358,157.03663360726358,413.0,413.0,413.0,410.0,407.0,398.0
1.81,172.00035005068,4.76190476190476,230_4,stick2,0.031,0.061,0.0,0.032,6.0,0.046,0.016,157.0031934358888,157.0031934358888,157.0031934358888,27.81977619748942,30.452979490761543,157.036873821458,157.036873821458,157.036873821458,252.0,252.0,251.0,251.0,250.0,240.0
1.82,336.46357364734,5.79268292682927,230_4,stick2,0.031,0.061,0.0,0.032,6.0,0.046,0.016,157.00340003663732,157.00340003663732,157.00340003663732,27.81977619748942,30.452979490761543,157.03708042220651,157.03708042220651,157.03708042220651,328.0,328.0,327.0,326.0,322.0,309.0
1.82,194.770090531367,5.34979423868313,230_4,stick2,0.031,0.061,0.0,0.032,6.0,0.046,0.016,157.00364057620496,157.00364057620496,157.00364057620496,27.81977619748942,30.452979490761543,157.03732096177416,157.03732096177416,157.03732096177416,244.0,243.0,243.0,243.0,241.0,230.0
1.82,231.098357768312,4.91228070175439,230_4,stick2,0.031,0.061,0.0,0.032,6.0,0.046,0.016,157.00394530452516,157.00394530452516,157.00394530452516,27.81977619748942,30.452979490761543,157.03762569009436,157.03762569009436,157.03762569009436,285.0,285.0,285.0,284.0,280.0,271.0
1.82,215.182395992425,6.71140939597315,230_4,stick2,0.031,0.061,0.0,0.032,6.0,0.046,0.016,157.00422842992091,157.00422842992091,157.00422842992091,27.81977619748942,30.452979490761543,157.0379088154901,157.0379088154901,157.0379088154901,299.0,298.0,297.0,297.0,294.0,278.0
1.8,342.266308244926,4.08805031446541,230_4,stick2,0.031,0.061,0.0,0.032,6.0,0.046,0.016,157.0045061384112,157.0045061384112,157.0045061384112,27.81977619748942,30.452979490761543,157.0381865239804,157.0381865239804,157.0381865239804,318.0,318.0,318.0,317.0,314.0,305.0
1.82,219.481586429598,3.86100386100386,230_4,stick2,0.031,0.061,0.0,0.032,6.0,0.046,0.016,157.00500663947366,157.00500663947366,157.00500663947366,27.81977619748942,30.452979490761543,157.03868702504286,157.03868702504286,157.03868702504286,260.0,259.0,259.0,258.0,256.0,249.0
1.82,329.238263709055,8.86699507389163,230_4,stick2,0.031,0.061,0.0,0.032,6.0,0.046,0.016,157.00530541371964,157.00530541371964,157.00530541371964,27.81977619748942,30.452979490761543,157.03898579928884,157.03898579928884,157.03898579928884,203.0,203.0,202.0,200.0,196.0,185.0
1.83,520.758943657777,6.47773279352227,230_4,stick2,0.031,0.061,0.0,0.032,6.0,0.046,0.016,157.00554748271594,157.00554748271594,157.00554748271594,27.81977619748942,30.452979490761543,157.03922786828514,157.03922786828514,157.03922786828514,247.0,247.0,246.0,244.0,243.0,231.0
1.83,258.28570579437,7.80487804878049,230_4,stick2,0.031,0.061,0.0,0.032,6.0,0.046,0.016,157.0057591587723,157.0057591587723,157.0057591587723,27.81977619748942,30.452979490761543,157.0394395443415,157.0394395443415,157.0394395443415,205.0,205.0,204.0,203.0,200.0,189.0
1.83,195.872007591724,4.98084291187739,230_4,stick2,0.031,0.061,0.0,0.032,6.0,0.046,0.016,157.00604147407222,157.00604147407222,157.00604147407222,27.81977619748942,30.452979490761543,157.03972185964142,157.03972185964142,157.03972185964142,261.0,261.0,261.0,259.0,257.0,248.0
1.83,150.63104149942,3.78787878787879,230_4,stick2,0.031,0.061,0.0,0.032,6.0,0.046,0.016,157.0063111509366,157.0063111509366,157.0063111509366,27.81977619748942,30.452979490761543,157.0399915365058,157.0399915365058,157.0399915365058,264.0,264.0,264.0,262.0,258.0,254.0
1.83,462.684426128823,7.07070707070707,230_4,stick2,0.031,0.061,0.0,0.032,6.0,0.046,0.016,157.0065562482025,157.0065562482025,157.0065562482025,27.81977619748942,30.452979490761543,157.04023663377168,157.04023663377168,157.04023663377168,298.0,297.0,296.0,294.0,290.0,276.0
1.87,210.138648194276,6.84410646387833,230_4,stick2,0.031,0.061,0.0,0.032,6.0,0.046,0.016,157.0068146189718,157.0068146189718,157.0068146189718,27.81977619748942,30.452979490761543,157.040495004541,157.040495004541,157.040495004541,263.0,263.0,262.0,262.0,259.0,245.0
1.83,222.16400768382,2.64705882352941,230_4,stick2,0.031,0.061,0.0,0.032,6.0,0.046,0.016,157.0071129136333,157.0071129136333,157.0071129136333,27.81977619748942,30.452979490761543,157.0407932992025,157.0407932992025,157.0407932992025,340.0,340.0,340.0,338.0,336.0,331.0
1.83,216.842695517899,5.53846153846154,230_4,stick2,0.031,0.061,0.0,0.032,6.0,0.046,0.016,157.00731520877693,157.00731520877693,157.00731520877693,27.81977619748942,30.452979490761543,157.04099559434613,157.04099559434613,157.04099559434613,325.0,325.0,325.0,324.0,323.0,307.0
1.8,316.028980195179,5.078125,230_4,stick2,0.031,0.061,0.0,0.032,6.0,0.046,0.016,157.00755788190824,157.00755788190824,157.00755788190824,27.81977619748942,30.452979490761543,157.04123826747744,157.04123826747744,157.04123826747744,257.0,256.0,255.0,254.0,250.0,243.0
1.83,171.580291401353,4.10958904109589,230_4,stick2,0.031,0.061,0.0,0.032,6.0,0.046,0.016,157.00776580676822,157.00776580676822,157.00776580676822,27.81977619748942,30.452979490761543,157.04144619233742,157.04144619233742,157.04144619233742,219.0,219.0,218.0,218.0,216.0,210.0
1.81,128.181389859625,3.80952380952381,230_4,stick2,0.031,0.061,0.0,0.032,6.0,0.046,0.016,157.00800716951892,157.00800716951892,157.00800716951892,27.81977619748942,30.452979490761543,157.04168755508812,157.04168755508812,157.04168755508812,210.0,210.0,210.0,209.0,208.0,202.0
1.8,197.291382121327,5.99369085173502,230_4,stick2,0.031,0.061,0.0,0.032,6.0,0.046,0.016,157.00830918973458,157.00830918973458,157.00830918973458,27.81977619748942,30.452979490761543,157.04198957530377,157.04198957530377,157.04198957530377,317.0,317.0,317.0,315.0,310.0,298.0
1.8,350.798489561202,5.53745928338762,230_4,stick2,0.031,0.061,0.0,0.032,6.0,0.046,0.016,157.00857173958423,157.00857173958423,157.00857173958423,27.81977619748942,30.452979490761543,157.04225212515342,157.04225212515342,157.04225212515342,307.0,307.0,306.0,305.0,300.0,290.0
1.81,192.984822241094,6.06060606060606,230_4,stick2,0.031,0.061,0.0,0.032,6.0,0.046,0.016,157.0088111200121,157.0088111200121,157.0088111200121,27.81977619748942,30.452979490761543,157.0424915055813,157.0424915055813,157.0424915055813,264.0,264.0,264.0,264.0,262.0,248.0
1.79,203.20398619464,7.75193798449612,230_4,stick2,0.031,0.061,0.0,0.032,6.0,0.046,0.016,157.009031667629,157.009031667629,157.009031667629,27.81977619748942,30.452979490761543,157.0427120531982,157.0427120531982,157.0427120531982,258.0,258.0,257.0,256.0,255.0,238.0
1.77,189.059120966871,4.70588235294118,230_4,stick2,0.031,0.061,0.0,0.032,6.0,0.046,0.016,157.00955139066346,157.00955139066346,157.00955139066346,27.81977619748942,30.452979490761543,157.04323177623266,157.04323177623266,157.04323177623266,596.0,595.0,593.0,588.0,580.0,567.0
1.76,353.399953953972,4.28571428571429,230_4,stick2,0.031,0.061,0.0,0.032,6.0,0.046,0.016,157.009780244785,157.009780244785,157.009780244785,27.81977619748942,30.452979490761543,157.0434606303542,157.0434606303542,157.0434606303542,281.0,280.0,279.0,278.0,273.0,268.0
1.76,632.273376127936,6.31970260223048,230_4,stick2,0.031,0.061,0.0,0.032,6.0,0.046,0.016,157.0102454900007,157.0102454900007,157.0102454900007,27.81977619748942,30.452979490761543,157.0439258755699,157.0439258755699,157.0439258755699,269.0,269.0,269.0,266.0,264.0,252.0
1.75,208.799425210901,4.49101796407186,230_4,stick2,0.031,0.061,0.0,0.032,6.0,0.046,0.016,157.0105023251039,157.0105023251039,157.0105023251039,27.81977619748942,30.452979490761543,157.04418271067308,157.04418271067308,157.04418271067308,335.0,334.0,334.0,333.0,330.0,319.0
1.73,370.613195060129,5.30973451327434,230_4,stick2,0.031,0.061,0.0,0.032,6.0,0.046,0.016,157.010838395495,157.010838395495,157.010838395495,27.81977619748942,30.452979490761543,157.0445187810642,157.0445187810642,157.0445187810642,340.0,339.0,337.0,337.0,331.0,321.0
1.72,342.785830124557,6.59025787965616,230_4,stick2,0.031,0.061,0.0,0.032,6.0,0.046,0.016,157.01110245447433,157.01110245447433,157.01110245447433,27.81977619748942,30.452979490761543,157.04478284004352,157.04478284004352,157.04478284004352,349.0,349.0,349.0,347.0,343.0,326.0
1.74,527.484087788748,4.10094637223975,230_4,stick2,0.031,0.061,0.0,0.032,6.0,0.046,0.016,157.01135350014403,157.01135350014403,157.01135350014403,27.81977619748942,30.452979490761543,157.04503388571322,157.04503388571322,157.04503388571322,318.0,317.0,314.0,314.0,313.0,304.0
1.71,341.756260732798,6.90909090909091,230_4,stick2,0.031,0.061,0.0,0.032,6.0,0.046,0.016,157.01183703860826,157.01183703860826,157.01183703860826,27.81977619748942,30.452979490761543,157.04551742417746,157.04551742417746,157.04551742417746,275.0,275.0,274.0,274.0,271.0,256.0
1.75,468.782491983599,8.02005012531328,230_4,stick2,0.031,0.061,0.0,0.032,6.0,0.046,0.016,157.01207375696168,157.01207375696168,157.01207375696168,27.81977619748942,30.452979490761543,157.04575414253088,157.04575414253088,157.04575414253088,400.0,399.0,399.0,397.0,388.0,367.0
1.7,289.293673560961,6.22837370242215,230_4,stick2,0.031,0.061,0.0,0.032,6.0,0.046,0.016,157.0122935492571,157.0122935492571,157.0122935492571,27.81977619748942,30.452979490761543,157.0459739348263,157.0459739348263,157.0459739348263,290.0,289.0,288.0,286.0,283.0,271.0
1.7,465.117339212561,6.93333333333333,230_4,stick2,0.031,0.061,0.0,0.032,6.0,0.046,0.016,157.01256295734674,157.01256295734674,157.01256295734674,27.81977619748942,30.452979490761543,157.04624334291594,157.04624334291594,157.04624334291594,376.0,375.0,374.0,374.0,370.0,349.0
1.67,474.391480107645,6.54911838790932,230_4,stick2,0.031,0.061,0.0,0.032,6.0,0.046,0.016,157.01285000537857,157.01285000537857,157.01285000537857,27.81977619748942,30.452979490761543,157.04653039094777,157.04653039094777,157.04653039094777,397.0,397.0,397.0,394.0,385.0,371.0
1.69,634.9552206953,7.08661417322835,230_4,stick2,0.031,0.061,0.0,0.032,6.0,0.046,0.016,157.01308599630372,157.01308599630372,157.01308599630372,27.81977619748942,30.452979490761543,157.0467663818729,157.0467663818729,157.0467663818729,382.0,381.0,381.0,377.0,369.0,354.0
1.66,600.293042197669,6.0377358490566,230_4,stick2,0.031,0.061,0.0,0.032,6.0,0.046,0.016,157.01382227844914,157.01382227844914,157.01382227844914,27.81977619748942,30.452979490761543,157.04750266401834,157.04750266401834,157.04750266401834,265.0,265.0,265.0,261.0,258.0,249.0
1.67,341.537127580491,8.08080808080808,230_4,stick2,0.031,0.061,0.0,0.032,6.0,0.046,0.016,157.01398783722524,157.01398783722524,157.01398783722524,27.81977619748942,30.452979490761543,157.04766822279444,157.04766822279444,157.04766822279444,298.0,297.0,297.0,295.0,284.0,273.0
1.64,622.686339814833,5.94900849858357,230_4,stick2,0.031,0.061,0.0,0.032,6.0,0.046,0.016,157.0142450199835,157.0142450199835,157.0142450199835,27.81977619748942,30.452979490761543,157.0479254055527,157.0479254055527,157.0479254055527,353.0,353.0,352.0,351.0,345.0,332.0
1.66,718.6333694195,6.36792452830189,230_4,stick2,0.031,0.061,0.0,0.032,6.0,0.046,0.016,157.01453813198032,157.01453813198032,157.01453813198032,27.81977619748942,30.452979490761543,157.04821851754951,157.04821851754951,157.04821851754951,424.0,424.0,422.0,421.0,412.0,397.0
1.64,351.300410749658,6.69014084507042,230_4,stick2,0.031,0.061,0.0,0.032,6.0,0.046,0.016,157.01478506033803,157.01478506033803,157.01478506033803,27.81977619748942,30.452979490761543,157.04846544590723,157.04846544590723,157.04846544590723,284.0,284.0,283.0,281.0,274.0,265.0
1.64,343.246631729131,7.69230769230769,230_4,stick2,0.031,0.061,0.0,0.032,6.0,0.046,0.016,157.0149882383776,157.0149882383776,157.0149882383776,27.81977619748942,30.452979490761543,157.0486686239468,157.0486686239468,157.0486686239468,287.0,286.0,284.0,282.0,279.0,264.0
1.62,326.093567557519,4.31034482758621,230_4,stick2,0.031,0.061,0.0,0.032,6.0,0.046,0.016,157.01518769735708,157.01518769735708,157.01518769735708,27.81977619748942,30.452979490761543,157.04886808292628,157.04886808292628,157.04886808292628,348.0,348.0,348.0,348.0,344.0,333.0
1.62,357.689617791502,4.22535211267606,230_4,stick2,0.031,0.061,0.0,0.032,6.0,0.046,0.016,157.01543220439927,157.01543220439927,157.01543220439927,27.81977619748942,30.452979490761543,157.04911258996847,157.04911258996847,157.04911258996847,284.0,284.0,283.0,280.0,277.0,272.0
1.61,326.028328944873,5.74018126888217,230_4,stick2,0.031,0.061,0.0,0.032,6.0,0.046,0.016,157.01568940706503,157.01568940706503,157.01568940706503,27.81977619748942,30.452979490761543,157.04936979263422,157.04936979263422,157.04936979263422,331.0,331.0,331.0,329.0,325.0,312.0
1.64,280.219744631275,6.36942675159236,230_4,stick2,0.031,0.061,0.0,0.032,6.0,0.046,0.016,157.0159367200086,157.0159367200086,157.0159367200086,27.81977619748942,30.452979490761543,157.0496171055778,157.0496171055778,157.0496171055778,315.0,314.0,314.0,312.0,309.0,294.0
1.62,227.897548045703,4.24028268551237,230_4,stick2,0.031,0.061,0.0,0.032,6.0,0.046,0.016,157.01614802848937,157.01614802848937,157.01614802848937,27.81977619748942,30.452979490761543,157.04982841405857,157.04982841405857,157.04982841405857,284.0,283.0,282.0,282.0,280.0,271.0
1.62,312.808874863663,4.21052631578947,230_4,stick2,0.031,0.061,0.0,0.032,6.0,0.046,0.016,157.01638022791565,157.01638022791565,157.01638022791565,27.81977619748942,30.452979490761543,157.05006061348485,157.05006061348485,157.05006061348485,285.0,285.0,285.0,285.0,281.0,273.0
1.64,661.79138726562,7.4235807860262,230_4,stick2,0.031,0.061,0.0,0.032,6.0,0.046,0.016,157.0166043669696,157.0166043669696,157.0166043669696,27.81977619748942,30.452979490761543,157.0502847525388,157.0502847525388,157.0502847525388,229.0,229.0,228.0,226.0,221.0,212.0
1.65,247.587385855733,6.73758865248227,230_4,stick2,0.031,0.061,0.0,0.032,6.0,0.046,0.016,157.01687670404243,157.01687670404243,157.01687670404243,27.81977619748942,30.452979490761543,157.05055708961163,157.05055708961163,157.05055708961163,282.0,282.0,281.0,279.0,272.0,263.0
1.63,239.327576546056,6.03174603174603,230_4,stick2,0.031,0.061,0.0,0.032,6.0,0.046,0.016,157.0171607545783,157.0171607545783,157.0171607545783,27.81977619748942,30.452979490761543,157.0508411401475,157.0508411401475,157.0508411401475,316.0,315.0,315.0,314.0,312.0,296.0
1.65,549.417804130942,0.475415247310436,230_4,stick2,0.031,0.061,0.0,0.032,6.0,0.046,0.016,157.0173994985473,157.0173994985473,157.0173994985473,27.81977619748942,30.452979490761543,157.0510798841165,157.0510798841165,157.0510798841165,4419.19110163235,4417.19110163235,4416.19110163235,4414.19110163235,4409.19110163235,4396.19110163235
1.64,375.726715205024,0.274489620861211,230_4,stick2,0.031,0.061,0.0,0.032,6.0,0.046,0.016,157.01764755301744,157.01764755301744,157.01764755301744,27.81977619748942,30.452979490761543,157.05132793858664,157.05132793858664,157.05132793858664,5829.0,5829.0,5829.0,5828.0,5826.0,5813.0
1.64,140.632880964494,2.8735632183908,230_4,stick2,0.031,0.061,0.0,0.032,6.0,0.046,0.016,157.01794702807237,157.01794702807237,157.01794702807237,27.81977619748942,30.452979490761543,157.05162741364157,157.05162741364157,157.05162741364157,348.0,348.0,348.0,346.0,345.0,338.0
1.65,378.81722325074,3.8659793814433,230_4,stick2,0.031,0.061,0.0,0.032,6.0,0.046,0.016,157.01824402004024,157.01824402004024,157.01824402004024,27.81977619748942,30.452979490761543,157.05192440560944,157.05192440560944,157.05192440560944,388.0,388.0,388.0,386.0,382.0,373.0
1.67,712.949332770687,5.6657223796034,230_4,stick2,0.031,0.061,0.0,0.032,6.0,0.046,0.016,157.01844934869442,157.01844934869442,157.01844934869442,27.81977619748942,30.452979490761543,157.05212973426362,157.05212973426362,157.05212973426362,354.0,353.0,352.0,348.0,344.0,333.0
1.65,153.625933837289,5.14018691588785,230_4,stick2,0.031,0.061,0.0,0.032,6.0,0.046,0.016,157.0187496597904,157.0187496597904,157.0187496597904,27.81977619748942,30.452979490761543,157.05243004535959,157.05243004535959,157.05243004535959,214.0,214.0,214.0,214.0,212.0,203.0
1.66,229.287007888826,3.37078651685393,230_4,stick2,0.031,0.061,0.0,0.032,6.0,0.046,0.016,157.0189966213942,157.0189966213942,157.0189966213942,27.81977619748942,30.452979490761543,157.0526770069634,157.0526770069634,157.0526770069634,267.0,267.0,267.0,265.0,263.0,258.0
1.66,94.6730310585241,6.64556962025316,230_4,stick2,0.031,0.061,0.0,0.032,6.0,0.046,0.016,157.01924838733422,157.01924838733422,157.01924838733422,27.81977619748942,30.452979490761543,157.0529287729034,157.0529287729034,157.0529287729034,316.0,316.0,316.0,315.0,310.0,295.0
1.64,298.908610171385,6.66666666666667,230_4,stick2,0.031,0.061,0.0,0.032,6.0,0.046,0.016,157.01945419546897,157.01945419546897,157.01945419546897,27.81977619748942,30.452979490761543,157.05313458103817,157.05313458103817,157.05313458103817,255.0,255.0,255.0,255.0,254.0,238.0
1.64,234.771323318814,5.73248407643312,230_4,stick2,0.031,0.061,0.0,0.032,6.0,0.046,0.016,157.01974855906792,157.01974855906792,157.01974855906792,27.81977619748942,30.452979490761543,157.05342894463712,157.05342894463712,157.05342894463712,317.0,314.0,314.0,313.0,310.0,296.0
1.63,371.324299747835,4.49101796407186,230_4,stick2,0.031,0.061,0.0,0.032,6.0,0.046,0.016,157.0200120610485,157.0200120610485,157.0200120610485,27.81977619748942,30.452979490761543,157.0536924466177,157.0536924466177,157.0536924466177,334.0,334.0,334.0,334.0,332.0,319.0
1.65,381.936563079961,5.66801619433198,230_4,stick2,0.031,0.061,0.0,0.032,6.0,0.046,0.016,157.02024653199635,157.02024653199635,157.02024653199635,27.81977619748942,30.452979490761543,157.05392691756555,157.05392691756555,157.05392691756555,248.0,247.0,247.0,244.0,242.0,233.0
1.65,205.202381706527,5.29801324503311,230_4,stick2,0.031,0.061,0.0,0.032,6.0,0.046,0.016,157.0205180010346,157.0205180010346,157.0205180010346,27.81977619748942,30.452979490761543,157.0541983866038,157.0541983866038,157.0541983866038,302.0,302.0,302.0,300.0,297.0,286.0
1.65,201.66279282432,5.35211267605634,230_4,stick2,0.031,0.061,0.0,0.032,6.0,0.046,0.016,157.02081730668382,157.02081730668382,157.02081730668382,27.81977619748942,30.452979490761543,157.05449769225302,157.05449769225302,157.05449769225302,355.0,355.0,355.0,354.0,352.0,336.0
1.63,304.300057373167,7.35294117647059,230_4,stick2,0.031,0.061,0.0,0.032,6.0,0.046,0.016,157.02109544283277,157.02109544283277,157.02109544283277,27.81977619748942,30.452979490761543,157.05477582840197,157.05477582840197,157.05477582840197,272.0,272.0,272.0,270.0,267.0,252.0
1.65,220.967178260914,6.44067796610169,230_4,stick2,0.031,0.061,0.0,0.032,6.0,0.046,0.016,157.02134064773378,157.02134064773378,157.02134064773378,27.81977619748942,30.452979490761543,157.05502103330298,157.05502103330298,157.05502103330298,297.0,295.0,294.0,291.0,289.0,276.0
1.63,610.327268851931,5.70071258907363,230_4,stick2,0.031,0.061,0.0,0.032,6.0,0.046,0.016,157.02163101042265,157.02163101042265,157.02163101042265,27.81977619748942,30.452979490761543,157.05531139599185,157.05531139599185,157.05531139599185,423.0,421.0,419.0,415.0,411.0,397.0
1.65,85.9747354257624,5.53745928338762,230_4,stick2,0.031,0.061,0.0,0.032,6.0,0.046,0.016,157.02184212202394,157.02184212202394,157.02184212202394,27.81977619748942,30.452979490761543,157.05552250759314,157.05552250759314,157.05552250759314,310.0,307.0,307.0,307.0,305.0,290.0
1.66,319.440954296182,6.84410646387833,230_4,stick2,0.031,0.061,0.0,0.032,6.0,0.046,0.016,157.0220753823548,157.0220753823548,157.0220753823548,27.81977619748942,30.452979490761543,157.055755767924,157.055755767924,157.055755767924,263.0,263.0,262.0,261.0,257.0,245.0
1.62,218.459425989586,5.46218487394958,230_4,stick2,0.031,0.061,0.0,0.032,6.0,0.046,0.016,157.02234663982995,157.02234663982995,157.02234663982995,27.81977619748942,30.452979490761543,157.05602702539915,157.05602702539915,157.05602702539915,239.0,238.0,236.0,236.0,236.0,225.0
1.65,454.57866641966,7.02341137123746,230_4,stick2,0.031,0.061,0.0,0.032,6.0,0.046,0.016,157.022546670465,157.022546670465,157.022546670465,27.81977619748942,30.452979490761543,157.0562270560342,157.0562270560342,157.0562270560342,300.0,299.0,298.0,297.0,292.0,278.0
1.65,264.625642054672,2.43055555555556,230_4,stick2,0.031,0.061,0.0,0.032,6.0,0.046,0.016,157.02283588179802,157.02283588179802,157.02283588179802,27.81977619748942,30.452979490761543,157.05651626736721,157.05651626736721,157.05651626736721,288.0,288.0,288.0,288.0,288.0,281.0
1.66,436.245955635725,6.94789081885856,230_4,stick2,0.031,0.061,0.0,0.032,6.0,0.046,0.016,157.0230919695965,157.0230919695965,157.0230919695965,27.81977619748942,30.452979490761543,157.0567723551657,157.0567723551657,157.0567723551657,404.0,403.0,403.0,400.0,396.0,375.0
1.66,415.110735455337,5.6,230_4,stick2,0.031,0.061,0.0,0.032,6.0,0.046,0.016,157.02334097272941,157.02334097272941,157.02334097272941,27.81977619748942,30.452979490761543,157.0570213582986,157.0570213582986,157.0570213582986,376.0,375.0,373.0,371.0,365.0,354.0
1.65,329.476346081564,4.96613995485327,230_4,stick2,0.031,0.061,0.0,0.032,6.0,0.046,0.016,157.0236269981357,157.0236269981357,157.0236269981357,27.81977619748942,30.452979490761543,157.0573073837049,157.0573073837049,157.0573073837049,444.0,443.0,441.0,438.0,432.0,421.0
1.66,307.775412604961,8.76132930513595,230_4,stick2,0.031,0.061,0.0,0.032,6.0,0.046,0.016,157.0238712767191,157.0238712767191,157.0238712767191,27.81977619748942,30.452979490761543,157.0575516622883,157.0575516622883,157.0575516622883,333.0,331.0,331.0,329.0,324.0,302.0
1.66,210.138829078163,5.84958217270195,230_4,stick2,0.031,0.061,0.0,0.032,6.0,0.046,0.016,157.02409042223647,157.02409042223647,157.02409042223647,27.81977619748942,30.452979490761543,157.05777080780567,157.05777080780567,157.05777080780567,360.0,359.0,359.0,354.0,352.0,338.0
1.66,640.070624227627,5.87002096436059,230_4,stick2,0.031,0.061,0.0,0.032,6.0,0.046,0.016,157.02436074859008,157.02436074859008,157.02436074859008,27.81977619748942,30.452979490761543,157.05804113415928,157.05804113415928,157.05804113415928,477.0,477.0,475.0,473.0,468.0,449.0
1.66,252.558256291561,5.18134715025907,230_4,stick2,0.031,0.061,0.0,0.032,6.0,0.046,0.016,157.0246653761081,157.0246653761081,157.0246653761081,27.81977619748942,30.452979490761543,157.0583457616773,157.0583457616773,157.0583457616773,389.0,386.0,386.0,386.0,381.0,366.0
1.66,281.226024962176,6.13931523022432,230_4,stick2,0.031,0.061,0.0,0.032,6.0,0.046,0.016,157.02530788078224,157.02530788078224,157.02530788078224,27.81977619748942,30.452979490761543,157.05898826635143,157.05898826635143,157.05898826635143,848.0,847.0,845.0,842.0,832.0,795.0
1.66,507.372119866333,4.93827160493827,230_4,stick2,0.031,0.061,0.0,0.032,6.0,0.046,0.016,157.02555710260236,157.02555710260236,157.02555710260236,27.81977619748942,30.452979490761543,157.05923748817156,157.05923748817156,157.05923748817156,405.0,405.0,404.0,403.0,399.0,385.0
1.68,520.550578540866,5.45977011494253,230_4,stick2,0.031,0.061,0.0,0.032,6.0,0.046,0.016,157.02575313782816,157.02575313782816,157.02575313782816,27.81977619748942,30.452979490761543,157.05943352339736,157.05943352339736,157.05943352339736,348.0,348.0,346.0,344.0,342.0,329.0
1.74,219.629672785559,4.24242424242424,230_4,stick2,0.031,0.061,0.0,0.032,6.0,0.046,0.016,157.02602133693253,157.02602133693253,157.02602133693253,27.81977619748942,30.452979490761543,157.05970172250173,157.05970172250173,157.05970172250173,332.0,330.0,330.0,328.0,327.0,316.0
1.81,428.205552080243,4.76190476190476,230_4,stick2,0.031,0.061,0.0,0.032,6.0,0.046,0.016,157.02630190625885,157.02630190625885,157.02630190625885,27.81977619748942,30.452979490761543,157.05998229182805,157.05998229182805,157.05998229182805,463.0,462.0,461.0,459.0,454.0,440.0
1.87,871.369624545574,5.48926014319809,230_4,stick2,0.031,0.061,0.0,0.032,6.0,0.046,0.016,157.02652164463169,157.02652164463169,157.02652164463169,27.81977619748942,30.452979490761543,157.06020203020088,157.06020203020088,157.06020203020088,421.0,419.0,418.0,416.0,411.0,396.0
1.85,564.996173384191,6.23145400593472,230_4,stick2,0.031,0.061,0.0,0.032,6.0,0.046,0.016,157.02676973317656,157.02676973317656,157.02676973317656,27.81977619748942,30.452979490761543,157.06045011874576,157.06045011874576,157.06045011874576,338.0,337.0,336.0,332.0,325.0,316.0
1.91,407.439547035211,6.18556701030928,230_4,stick2,0.031,0.061,0.0,0.032,6.0,0.046,0.016,157.0270858693588,157.0270858693588,157.0270858693588,27.81977619748942,30.452979490761543,157.060766254928,157.060766254928,157.060766254928,389.0,388.0,386.0,384.0,380.0,364.0
1.83,473.814392233582,5.54156171284635,230_4,stick2,0.031,0.061,0.0,0.032,6.0,0.046,0.016,157.02740562792846,157.02740562792846,157.02740562792846,27.81977619748942,30.452979490761543,157.06108601349766,157.06108601349766,157.06108601349766,397.0,397.0,397.0,393.0,389.0,375.0
1.85,223.492808674124,5.0,230_4,stick2,0.031,0.061,0.0,0.032,6.0,0.046,0.016,157.02765774409278,157.02765774409278,157.02765774409278,27.81977619748942,30.452979490761543,157.06133812966198,157.06133812966198,157.06133812966198,341.0,340.0,339.0,338.0,333.0,323.0
1.85,487.034679588586,5.83090379008746,230_4,stick2,0.031,0.061,0.0,0.032,6.0,0.046,0.016,157.02790834577758,157.02790834577758,157.02790834577758,27.81977619748942,30.452979490761543,157.06158873134677,157.06158873134677,157.06158873134677,343.0,343.0,342.0,338.0,336.0,323.0
1.81,450.379660850213,6.77966101694915,230_4,stick2,0.031,0.061,0.0,0.032,6.0,0.046,0.016,157.02818520273232,157.02818520273232,157.02818520273232,27.81977619748942,30.452979490761543,157.06186558830152,157.06186558830152,157.06186558830152,414.0,413.0,413.0,408.0,403.0,385.0
1.82,531.20047627145,6.11620795107034,230_4,stick2,0.031,0.061,0.0,0.032,6.0,0.046,0.016,157.02842911862334,157.02842911862334,157.02842911862334,27.81977619748942,30.452979490761543,157.06210950419253,157.06210950419253,157.06210950419253,327.0,327.0,327.0,327.0,323.0,307.0
1.8,566.529702253275,6.59340659340659,230_4,stick2,0.031,0.061,0.0,0.032,6.0,0.046,0.016,157.02866589769985,157.02866589769985,157.02866589769985,27.81977619748942,30.452979490761543,157.06234628326905,157.06234628326905,157.06234628326905,365.0,364.0,362.0,362.0,358.0,340.0
1.76,296.668412797822,7.96915167095116,230_4,stick2,0.031,0.061,0.0,0.032,6.0,0.046,0.016,157.02891017144012,157.02891017144012,157.02891017144012,27.81977619748942,30.452979490761543,157.06259055700932,157.06259055700932,157.06259055700932,390.0,389.0,388.0,386.0,380.0,358.0
1.8,238.057124496207,4.93562231759657,230_4,stick2,0.031,0.061,0.0,0.032,6.0,0.046,0.016,157.02921365297448,157.02921365297448,157.02921365297448,27.81977619748942,30.452979490761543,157.06289403854367,157.06289403854367,157.06289403854367,470.0,466.0,466.0,465.0,461.0,443.0
1.79,665.897526054288,5.96205962059621,230_4,stick2,0.031,0.061,0.0,0.032,6.0,0.046,0.016,157.02948493709093,157.02948493709093,157.02948493709093,27.81977619748942,30.452979490761543,157.06316532266013,157.06316532266013,157.06316532266013,372.0,369.0,368.0,366.0,363.0,347.0
1.79,184.353859257396,5.48387096774194,230_4,stick2,0.031,0.061,0.0,0.032,6.0,0.046,0.016,157.02978678411847,157.02978678411847,157.02978678411847,27.81977619748942,30.452979490761543,157.06346716968767,157.06346716968767,157.06346716968767,310.0,310.0,310.0,308.0,305.0,293.0
1.81,264.988198993036,6.66666666666667,230_4,stick2,0.031,0.061,0.0,0.032,6.0,0.046,0.016,157.0300326173806,157.0300326173806,157.0300326173806,27.81977619748942,30.452979490761543,157.0637130029498,157.0637130029498,157.0637130029498,408.0,405.0,404.0,402.0,393.0,378.0
1.82,459.67629761662,5.25059665871122,230_4,stick2,0.031,0.061,0.0,0.032,6.0,0.046,0.016,157.0302323503726,157.0302323503726,157.0302323503726,27.81977619748942,30.452979490761543,157.06391273594178,157.06391273594178,157.06391273594178,419.0,419.0,418.0,417.0,411.0,397.0
1.83,453.055194156513,6.27705627705628,230_4,stick2,0.031,0.061,0.0,0.032,6.0,0.046,0.016,157.03059313293474,157.03059313293474,157.03059313293474,27.81977619748942,30.452979490761543,157.06427351850394,157.06427351850394,157.06427351850394,466.0,462.0,461.0,459.0,451.0,433.0
1.83,410.875574328353,5.30973451327434,230_4,stick2,0.031,0.061,0.0,0.032,6.0,0.046,0.016,157.03092475526245,157.03092475526245,157.03092475526245,27.81977619748942,30.452979490761543,157.06460514083165,157.06460514083165,157.06460514083165,452.0,452.0,450.0,446.0,441.0,428.0
1.84,235.096779477754,5.14285714285714,230_4,stick2,0.031,0.061,0.0,0.032,6.0,0.046,0.016,157.03141340379165,157.03141340379165,157.03141340379165,27.81977619748942,30.452979490761543,157.06509378936084,157.06509378936084,157.06509378936084,353.0,350.0,350.0,346.0,343.0,332.0
1.82,303.548664567463,6.10687022900763,230_4,stick2,0.031,0.061,0.0,0.032,6.0,0.046,0.016,157.03170989409477,157.03170989409477,157.03170989409477,27.81977619748942,30.452979490761543,157.06539027966397,157.06539027966397,157.06539027966397,394.0,393.0,392.0,388.0,384.0,369.0
1.82,583.237011432471,6.14035087719298,230_4,stick2,0.031,0.061,0.0,0.032,6.0,0.046,0.016,157.0323491520167,157.0323491520167,157.0323491520167,27.81977619748942,30.452979490761543,157.0660295375859,157.0660295375859,157.0660295375859,916.0,912.0,911.0,905.0,890.0,856.0
1.81,312.342789133323,5.45023696682464,230_4,stick2,0.031,0.061,0.0,0.032,6.0,0.046,0.016,157.03273181896736,157.03273181896736,157.03273181896736,27.81977619748942,30.452979490761543,157.06641220453656,157.06641220453656,157.06641220453656,424.0,422.0,422.0,418.0,412.0,399.0
1.81,768.716364169177,8.64485981308411,230_4,stick2,0.031,0.061,0.0,0.032,6.0,0.046,0.016,157.03295737152746,157.03295737152746,157.03295737152746,27.81977619748942,30.452979490761543,157.06663775709666,157.06663775709666,157.06663775709666,430.0,428.0,426.0,422.0,414.0,391.0
1.8,348.696121147297,5.44412607449857,230_4,stick2,0.031,0.061,0.0,0.032,6.0,0.046,0.016,157.0332212344784,157.0332212344784,157.0332212344784,27.81977619748942,30.452979490761543,157.0669016200476,157.0669016200476,157.0669016200476,349.0,349.0,349.0,348.0,343.0,330.0
1.8,932.34627274579,7.03363914373089,230_4,stick2,0.031,0.061,0.0,0.032,6.0,0.046,0.016,157.0334229230187,157.0334229230187,157.0334229230187,27.81977619748942,30.452979490761543,157.0671033085879,157.0671033085879,157.0671033085879,327.0,327.0,323.0,320.0,314.0,304.0
1.8,573.626192820723,6.91823899371069,230_4,stick2,0.031,0.061,0.0,0.032,6.0,0.046,0.016,157.03372506006724,157.03372506006724,157.03372506006724,27.81977619748942,30.452979490761543,157.06740544563644,157.06740544563644,157.06740544563644,320.0,318.0,317.0,311.0,307.0,296.0
1.8,432.417986126587,3.80710659898477,230_4,stick2,0.031,0.061,0.0,0.032,6.0,0.046,0.016,157.03410179814796,157.03410179814796,157.03410179814796,27.81977619748942,30.452979490761543,157.06778218371716,157.06778218371716,157.06778218371716,395.0,394.0,392.0,392.0,387.0,379.0
1.8,623.455545403498,7.77385159010601,230_4,stick2,0.031,0.061,0.0,0.032,6.0,0.046,0.016,157.03439278806945,157.03439278806945,157.03439278806945,27.81977619748942,30.452979490761543,157.06807317363865,157.06807317363865,157.06807317363865,283.0,283.0,281.0,277.0,273.0,261.0
1.79,314.10626434955,6.38297872340426,230_4,stick2,0.031,0.061,0.0,0.032,6.0,0.046,0.016,157.03500439187283,157.03500439187283,157.03500439187283,27.81977619748942,30.452979490761543,157.06868477744203,157.06868477744203,157.06868477744203,612.0,611.0,610.0,607.0,598.0,572.0
1.79,283.81936613298,4.40677966101695,230_4,stick2,0.031,0.061,0.0,0.032,6.0,0.046,0.016,157.03533823125264,157.03533823125264,157.03533823125264,27.81977619748942,30.452979490761543,157.06901861682184,157.06901861682184,157.06901861682184,296.0,295.0,295.0,294.0,290.0,282.0
1.81,358.146909202733,3.91061452513966,230_4,stick2,0.031,0.061,0.0,0.032,6.0,0.046,0.016,157.03561641291563,157.03561641291563,157.03561641291563,27.81977619748942,30.452979490761543,157.06929679848483,157.06929679848483,157.06929679848483,358.0,358.0,358.0,355.0,353.0,344.0
1.81,464.552962958813,7.46268656716418,230_4,stick2,0.031,0.061,0.0,0.032,6.0,0.046,0.016,157.0359431659819,157.0359431659819,157.0359431659819,27.81977619748942,30.452979490761543,157.0696235515511,157.0696235515511,157.0696235515511,335.0,335.0,334.0,331.0,328.0,310.0
1.8,680.143822325797,5.08982035928144,230_4,stick2,0.031,0.061,0.0,0.032,6.0,0.046,0.016,157.03633082065295,157.03633082065295,157.03633082065295,27.81977619748942,30.452979490761543,157.07001120622215,157.07001120622215,157.07001120622215,335.0,334.0,333.0,332.0,328.0,317.0
1.77,751.652405054766,7.00280112044818,230_4,stick2,0.031,0.061,0.0,0.032,6.0,0.046,0.016,157.03674373970705,157.03674373970705,157.03674373970705,27.81977619748942,30.452979490761543,157.07042412527625,157.07042412527625,157.07042412527625,357.0,357.0,357.0,355.0,345.0,332.0
1.79,543.26981756466,4.78589420654912,230_4,stick2,0.031,0.061,0.0,0.032,6.0,0.046,0.016,157.03711522620264,157.03711522620264,157.03711522620264,27.81977619748942,30.452979490761543,157.07079561177184,157.07079561177184,157.07079561177184,400.0,397.0,394.0,394.0,391.0,378.0
1.79,847.582282564153,5.94059405940594,230_4,stick2,0.031,0.061,0.0,0.032,6.0,0.046,0.016,157.03741064864224,157.03741064864224,157.03741064864224,27.81977619748942,30.452979490761543,157.07109103421143,157.07109103421143,157.07109103421143,304.0,303.0,302.0,300.0,297.0,285.0
1.79,466.937247780316,4.69798657718121,230_4,stick2,0.031,0.061,0.0,0.032,6.0,0.046,0.016,157.03760941338228,157.03760941338228,157.03760941338228,27.81977619748942,30.452979490761543,157.07128979895148,157.07128979895148,157.07128979895148,299.0,298.0,298.0,297.0,297.0,284.0
1.78,608.12769238272,5.70570570570571,230_4,stick2,0.031,0.061,0.0,0.032,6.0,0.046,0.016,157.03781687789274,157.03781687789274,157.03781687789274,27.81977619748942,30.452979490761543,157.07149726346194,157.07149726346194,157.07149726346194,333.0,333.0,332.0,329.0,325.0,314.0
1.79,722.607335568159,7.19794344473008,230_4,stick2,0.031,0.061,0.0,0.032,6.0,0.046,0.016,157.03822083856662,157.03822083856662,157.03822083856662,27.81977619748942,30.452979490761543,157.07190122413581,157.07190122413581,157.07190122413581,390.0,389.0,388.0,381.0,377.0,361.0
1.81,615.941314699564,5.60224089635854,230_4,stick2,0.031,0.061,0.0,0.032,6.0,0.046,0.016,157.03851319341072,157.03851319341072,157.03851319341072,27.81977619748942,30.452979490761543,157.07219357897992,157.07219357897992,157.07219357897992,358.0,357.0,357.0,353.0,347.0,337.0
1.82,594.911950353515,8.1570996978852,230_4,stick2,0.031,0.061,0.0,0.032,6.0,0.046,0.016,157.03863877086948,157.03863877086948,157.03863877086948,27.81977619748942,30.452979490761543,157.07231915643868,157.07231915643868,157.07231915643868,331.0,331.0,330.0,326.0,318.0,304.0
1.8,638.484598802598,6.19047619047619,230_4,stick2,0.031,0.061,0.0,0.032,6.0,0.046,0.016,157.0387617552164,157.0387617552164,157.0387617552164,27.81977619748942,30.452979490761543,157.0724421407856,157.0724421407856,157.0724421407856,421.0,420.0,417.0,414.0,412.0,394.0
1.79,579.445407627103,6.66666666666667,230_4,stick2,0.031,0.061,0.0,0.032,6.0,0.046,0.016,157.03886455805414,157.03886455805414,157.03886455805414,27.81977619748942,30.452979490761543,157.07254494362334,157.07254494362334,157.07254494362334,361.0,360.0,360.0,358.0,350.0,336.0
1.79,761.256463505532,5.11182108626198,230_4,stick2,0.031,0.061,0.0,0.032,6.0,0.046,0.016,157.0389651150367,157.0389651150367,157.0389651150367,27.81977619748942,30.452979490761543,157.0726455006059,157.0726455006059,157.0726455006059,314.0,313.0,310.0,310.0,308.0,297.0
1.79,650.199474926694,7.36543909348442,230_4,stick2,0.031,0.061,0.0,0.032,6.0,0.046,0.016,157.039090153241,157.039090153241,157.039090153241,27.81977619748942,30.452979490761543,157.0727705388102,157.0727705388102,157.0727705388102,355.0,353.0,352.0,350.0,344.0,327.0
1.79,469.33033111745,5.55555555555556,230_4,stick2,0.031,0.061,0.0,0.032,6.0,0.046,0.016,157.03919189444377,157.03919189444377,157.03919189444377,27.81977619748942,30.452979490761543,157.07287228001297,157.07287228001297,157.07287228001297,345.0,342.0,341.0,340.0,336.0,323.0
1.77,621.964308386353,7.53623188405797,230_4,stick2,0.031,0.061,0.0,0.032,6.0,0.046,0.016,157.03931444306178,157.03931444306178,157.03931444306178,27.81977619748942,30.452979490761543,157.07299482863098,157.07299482863098,157.07299482863098,346.0,345.0,343.0,341.0,331.0,319.0
1.75,722.574280089368,8.46681922196796,230_4,stick2,0.031,0.061,0.0,0.032,6.0,0.046,0.016,157.0394391779441,157.0394391779441,157.0394391779441,27.81977619748942,30.452979490761543,157.0731195635133,157.0731195635133,157.0731195635133,438.0,437.0,436.0,430.0,423.0,400.0
1.77,458.363655163221,5.04201680672269,230_4,stick2,0.031,0.061,0.0,0.032,6.0,0.046,0.016,157.03954018139794,157.03954018139794,157.03954018139794,27.81977619748942,30.452979490761543,157.07322056696714,157.07322056696714,157.07322056696714,357.0,357.0,356.0,356.0,355.0,339.0
1.77,561.339848234152,7.05521472392638,230_4,stick2,0.031,0.061,0.0,0.032,6.0,0.046,0.016,157.03966479685914,157.03966479685914,157.03966479685914,27.81977619748942,30.452979490761543,157.07334518242834,157.07334518242834,157.07334518242834,327.0,326.0,325.0,322.0,317.0,303.0
1.77,605.419192814778,6.56565656565657,230_4,stick2,0.031,0.061,0.0,0.032,6.0,0.046,0.016,157.03978995742662,157.03978995742662,157.03978995742662,27.81977619748942,30.452979490761543,157.07347034299582,157.07347034299582,157.07347034299582,396.0,396.0,395.0,392.0,387.0,370.0
1.77,886.198396914441,7.88643533123028,230_4,stick2,0.031,0.061,0.0,0.032,6.0,0.046,0.016,157.0398917069665,157.0398917069665,157.0398917069665,27.81977619748942,30.452979490761543,157.0735720925357,157.0735720925357,157.0735720925357,318.0,317.0,315.0,312.0,309.0,292.0
1.81,672.758293628941,8.70967741935484,230_4,stick2,0.031,0.061,0.0,0.032,6.0,0.046,0.016,157.04001409779627,157.04001409779627,157.04001409779627,27.81977619748942,30.452979490761543,157.07369448336547,157.07369448336547,157.07369448336547,311.0,310.0,310.0,308.0,300.0,283.0
1.77,635.036261926956,4.34782608695652,230_4,stick2,0.031,0.061,0.0,0.032,6.0,0.046,0.016,157.04013911450943,157.04013911450943,157.04013911450943,27.81977619748942,30.452979490761543,157.07381950007863,157.07381950007863,157.07381950007863,371.0,368.0,367.0,365.0,362.0,352.0
1.78,662.691554847809,6.68896321070234,230_4,stick2,0.031,0.061,0.0,0.032,6.0,0.046,0.016,157.0402396950899,157.0402396950899,157.0402396950899,27.81977619748942,30.452979490761543,157.0739200806591,157.0739200806591,157.0739200806591,299.0,299.0,298.0,296.0,292.0,279.0
1.81,469.824652068811,7.14285714285714,230_4,stick2,0.031,0.061,0.0,0.032,6.0,0.046,0.016,157.04036587901928,157.04036587901928,157.04036587901928,27.81977619748942,30.452979490761543,157.07404626458847,157.07404626458847,157.07404626458847,280.0,280.0,279.0,276.0,273.0,260.0
1.81,489.84686435476,5.98290598290598,230_4,stick2,0.031,0.061,0.0,0.032,6.0,0.046,0.016,157.0404894714133,157.0404894714133,157.0404894714133,27.81977619748942,30.452979490761543,157.0741698569825,157.0741698569825,157.0741698569825,351.0,351.0,351.0,348.0,342.0,330.0
1.82,711.908212357453,7.21649484536082,230_4,stick2,0.031,0.061,0.0,0.032,6.0,0.046,0.016,157.04059138238784,157.04059138238784,157.04059138238784,27.81977619748942,30.452979490761543,157.07427176795704,157.07427176795704,157.07427176795704,291.0,291.0,289.0,285.0,281.0,270.0
1.85,342.818576565401,6.0377358490566,230_4,stick2,0.031,0.061,0.0,0.032,6.0,0.046,0.016,157.04071462233844,157.04071462233844,157.04071462233844,27.81977619748942,30.452979490761543,157.07439500790764,157.07439500790764,157.07439500790764,266.0,265.0,265.0,263.0,259.0,249.0
1.87,449.805866318641,5.19662921348315,230_4,stick2,0.031,0.061,0.0,0.032,6.0,0.046,0.016,157.0409747927793,157.0409747927793,157.0409747927793,27.81977619748942,30.452979490761543,157.0746551783485,157.0746551783485,157.0746551783485,712.0,712.0,710.0,705.0,698.0,675.0
,,,230_4,stick2,0.031,0.061,0.0,0.032,6.0,0.046,0.016,157.04110027328548,157.04110027328548,157.04110027328548,27.81977619748942,30.452979490761543,157.07478065885468,157.07478065885468,157.07478065885468,0.0,0.0,0.0,0.0,0.0,0.0
,,,230_4,stick2,0.031,0.061,0.0,0.032,6.0,0.046,0.016,157.04122585601732,157.04122585601732,157.04122585601732,27.81977619748942,30.452979490761543,157.07490624158652,157.07490624158652,157.07490624158652,0.0,0.0,0.0,0.0,0.0,0.0
,,,230_4,stick2,0.031,0.061,0.0,0.032,6.0,0.046,0.016,157.04134883655138,157.04134883655138,157.04134883655138,27.81977619748942,30.452979490761543,157.07502922212058,157.07502922212058,157.07502922212058,0.0,0.0,0.0,0.0,0.0,0.0
,,,230_4,stick2,0.031,0.061,0.0,0.032,6.0,0.046,0.016,157.04147227447737,157.04147227447737,157.04147227447737,27.81977619748942,30.452979490761543,157.07515266004657,157.07515266004657,157.07515266004657,0.0,0.0,0.0,0.0,0.0,0.0
,,,230_4,stick2,0.031,0.061,0.0,0.032,6.0,0.046,0.016,157.04159800118921,157.04159800118921,157.04159800118921,27.81977619748942,30.452979490761543,157.0752783867584,157.0752783867584,157.0752783867584,0.0,0.0,0.0,0.0,0.0,0.0
,,,230_4,stick2,0.031,0.061,0.0,0.032,6.0,0.046,0.016,157.04169816188426,157.04169816188426,157.04169816188426,27.81977619748942,30.452979490761543,157.07537854745345,157.07537854745345,157.07537854745345,0.0,0.0,0.0,0.0,0.0,0.0
,,,230_4,stick2,0.031,0.061,0.0,0.032,6.0,0.046,0.016,157.0418004974004,157.0418004974004,157.0418004974004,27.81977619748942,30.452979490761543,157.0754808829696,157.0754808829696,157.0754808829696,0.0,0.0,0.0,0.0,0.0,0.0
,,,230_4,stick2,0.031,0.061,0.0,0.032,6.0,0.046,0.016,157.04192419873885,157.04192419873885,157.04192419873885,27.81977619748942,30.452979490761543,157.07560458430805,157.07560458430805,157.07560458430805,0.0,0.0,0.0,0.0,0.0,0.0
,,,230_4,stick2,0.031,0.061,0.0,0.032,6.0,0.046,0.016,157.0420249292375,157.0420249292375,157.0420249292375,27.81977619748942,30.452979490761543,157.0757053148067,157.0757053148067,157.0757053148067,0.0,0.0,0.0,0.0,0.0,0.0
,,,230_4,stick2,0.031,0.061,0.0,0.032,6.0,0.046,0.016,157.04215069793267,157.04215069793267,157.04215069793267,27.81977619748942,30.452979490761543,157.07583108350187,157.07583108350187,157.07583108350187,0.0,0.0,0.0,0.0,0.0,0.0
,,,230_4,stick2,0.031,0.061,0.0,0.032,6.0,0.046,0.016,157.04227351751567,157.04227351751567,157.04227351751567,27.81977619748942,30.452979490761543,157.07595390308487,157.07595390308487,157.07595390308487,0.0,0.0,0.0,0.0,0.0,0.0
,,,230_4,stick2,0.031,0.061,0.0,0.032,6.0,0.046,0.016,157.04237629825226,157.04237629825226,157.04237629825226,27.81977619748942,30.452979490761543,157.07605668382146,157.07605668382146,157.07605668382146,0.0,0.0,0.0,0.0,0.0,0.0
,,,230_4,stick2,0.031,0.061,0.0,0.032,6.0,0.046,0.016,157.04249999958353,157.04249999958353,157.04249999958353,27.81977619748942,30.452979490761543,157.07618038515272,157.07618038515272,157.07618038515272,0.0,0.0,0.0,0.0,0.0,0.0
