Depth_cm_,FlowThrough_mL_,FlowRate_mL_min_,Conductivity__S_,DustConcentration__12_m_,CPP__4_5_m__10_m_,1,1.1,1.2,1.3,1.4,1.5,1.6,1.7,1.8,1.9,2,2.1,2.2,2.3,2.4,2.5,2.7,2.9,3.2,3.6,4,4.5,5.1,5.7,6.4,7.2,8.1,9,10,12
1.78068308211113,0.0471056866665736,4.0204,1.93,0,NaN,0,0,0,0,0,0,0,0,0,0,0,0,0,0,0,0,0,0,0,0,0,0,0,0,0,0,0,0,0,0
1.83063331376554,0.037046506666565,3.2308,1.94,0,NaN,0,0,0,0,0,0,0,0,0,0,0,0,0,0,0,0,0,0,0,0,0,0,0,0,0,0,0,0,0,0
1.86035268574217,0.0557142399998471,4.8588,1.94,0,NaN,0,0,0,0,0,0,0,0,0,0,0,0,0,0,0,0,0,0,0,0,0,0,0,0,0,0,0,0,0,0
1.90099273953125,0.0581630000005139,4.9854,1.94,0,NaN,0,0,0,0,0,0,0,0,0,0,0,0,0,0,0,0,0,0,0,0,0,0,0,0,0,0,0,0,0,0
1.94055613450309,0.0617160000001559,5.328,1.94,0,NaN,0,0,0,0,0,0,0,0,0,0,0,0,0,0,0,0,0,0,0,0,0,0,0,0,0,0,0,0,0,0
1.97081185380867,0.0625078399992822,5.4592,1.94,0,NaN,0,0,0,0,0,0,0,0,0,0,0,0,0,0,0,0,0,0,0,0,0,0,0,0,0,0,0,0,0,0
2.01083432191794,0.0637115200000167,5.4688,1.94,0,NaN,0,0,0,0,0,0,0,0,0,0,0,0,0,0,0,0,0,0,0,0,0,0,0,0,0,0,0,0,0,0
2.04045537252189,0.0536269066665806,4.6904,1.93,0,NaN,0,0,0,0,0,0,0,0,0,0,0,0,0,0,0,0,0,0,0,0,0,0,0,0,0,0,0,0,0,0
2.08057493830897,0.0554867000003958,4.846,1.93,0,NaN,0,0,0,0,0,0,0,0,0,0,0,0,0,0,0,0,0,0,0,0,0,0,0,0,0,0,0,0,0,0
2.12041083416372,0.0598431600004602,5.1148,1.92,0,NaN,0,0,0,0,0,0,0,0,0,0,0,0,0,0,0,0,0,0,0,0,0,0,0,0,0,0,0,0,0,0
2.15029441906693,0.0624276899992831,5.4522,1.92,0,NaN,0,0,0,0,0,0,0,0,0,0,0,0,0,0,0,0,0,0,0,0,0,0,0,0,0,0,0,0,0,0
2.18052952869923,0.0624058533339566,5.3644,1.93,0,NaN,0,0,0,0,0,0,0,0,0,0,0,0,0,0,0,0,0,0,0,0,0,0,0,0,0,0,0,0,0,0
2.21985542145913,0.0612718399995024,5.3984,1.93,0,NaN,0,0,0,0,0,0,0,0,0,0,0,0,0,0,0,0,0,0,0,0,0,0,0,0,0,0,0,0,0,0
2.26025514122176,0.0544092333334707,4.6972,1.93,0,NaN,0,0,0,0,0,0,0,0,0,0,0,0,0,0,0,0,0,0,0,0,0,0,0,0,0,0,0,0,0,0
2.29084620830819,0.054683999999484,4.6872,1.92,0,NaN,0,0,0,0,0,0,0,0,0,0,0,0,0,0,0,0,0,0,0,0,0,0,0,0,0,0,0,0,0,0
2.32314112098726,0.0501854533339511,4.3388,1.9,0,NaN,0,0,0,0,0,0,0,0,0,0,0,0,0,0,0,0,0,0,0,0,0,0,0,0,0,0,0,0,0,0
2.36173618715186,0.0413169166662382,3.619,1.88,0,NaN,0,0,0,0,0,0,0,0,0,0,0,0,0,0,0,0,0,0,0,0,0,0,0,0,0,0,0,0,0,0
2.40184228844662,0.047203163333399,4.0634,1.87,0,NaN,0,0,0,0,0,0,0,0,0,0,0,0,0,0,0,0,0,0,0,0,0,0,0,0,0,0,0,0,0,0
2.43554543285392,0.0559078799999742,4.9042,1.87,91.5518320178783,6.91823899371069,33,24,16,12,7,9,3,4,3,5,4,4,3,4,3,3,1,4,2,1,3,2,3,2,2,1,0,0,1,1
2.47280442202893,0.041577666667034,3.5638,1.83,395.793323654223,5.01392757660167,173,133,76,40,29,25,20,16,15,10,21,15,11,15,10,15,10,13,14,10,11,11,4,10,4,4,1,2,0,4
2.50883866739917,0.02639074333337,2.2718,1.85,623.438001426163,4.56989247311828,170,121,84,43,42,39,21,22,18,12,12,10,10,15,5,13,22,22,14,6,9,8,6,10,5,1,2,1,1,1
2.54018705557912,0.0455821833328607,3.9926,1.85,296.866758798896,4.98154981549815,113,90,60,28,30,21,11,13,11,14,18,11,5,8,11,14,9,12,17,7,12,7,5,7,2,3,1,2,0,2
2.57151664228677,0.0576689333332837,4.936,1.83,323.879976979719,5.77181208053691,170,109,74,45,32,29,24,17,16,22,17,17,14,16,18,14,12,16,15,14,11,16,4,12,5,2,1,3,0,1
2.60512070315936,0.0590381133336858,5.1412,1.8,234.083054336351,4.37017994858612,179,143,87,42,34,26,26,16,16,17,17,12,17,9,12,18,14,19,17,14,9,10,15,5,2,1,0,1,0,0
2.64424091817756,0.0571199500000149,4.903,1.83,299.526885100618,5.68862275449102,176,103,60,25,28,32,18,19,18,18,13,8,12,3,10,18,13,15,13,10,18,18,5,5,4,2,2,0,2,2
2.67391779074587,0.0500391599999769,4.3894,1.81,396.886900027781,4.69613259668508,176,130,65,47,28,28,21,15,22,8,18,9,14,12,6,16,16,15,15,14,15,10,8,3,2,4,3,1,3,1
2.70369580827116,0.0619711833336318,5.381,1.84,231.550905675184,3.81558028616852,152,103,69,30,29,24,10,20,13,19,15,8,12,12,12,20,7,14,11,13,12,4,4,8,2,1,4,0,1,1
2.73489754650613,0.0445463466664439,3.8624,2.04,434.233322441116,5.0761421319797,157,152,101,49,41,24,18,12,23,10,16,11,16,15,6,19,12,16,15,14,21,10,9,12,2,3,1,2,1,1
2.78016316775722,0.0585736000000509,4.164,2.38,357.357558854471,4.73047304730473,235,126,84,48,45,34,24,33,26,23,20,21,13,13,18,22,19,19,19,8,16,11,8,13,3,4,2,0,2,2
2.86683528604199,0.137505060000222,4.6298,2.72,381.668208860556,5.22006141248721,495,317,191,122,92,64,61,34,45,42,37,38,41,25,29,41,36,41,37,32,32,28,24,15,8,10,7,5,5,6
2.90511836952909,0.0669341400000346,4.6644,2.69,323.47581675699,4.21052631578947,230,163,97,51,47,32,28,33,18,20,19,21,15,15,7,18,20,16,26,15,19,9,10,8,4,5,1,1,2,1
2.93433342849118,0.047758666666755,4.214,2.62,397.428689840766,4.90196078431373,178,135,62,37,35,23,18,18,15,10,25,8,15,14,14,12,17,10,16,8,9,4,9,7,4,3,5,3,0,1
2.96482077323142,0.0523547533332298,4.4684,2.61,381.731684369467,5.10083036773428,212,132,88,60,32,36,21,27,14,21,15,11,21,15,7,21,12,14,23,10,8,11,6,9,4,12,0,0,1,1
2.99463993274758,0.0538738200001976,4.6644,2.45,352.39680656227,6.61040787623066,185,115,82,35,31,21,19,13,14,23,12,16,9,10,8,6,12,13,18,21,1,12,13,8,6,5,1,1,1,0
3.02455870638756,0.0466753999997666,4.047,2.39,510.403719406923,5,196,132,89,62,46,28,29,16,16,17,17,19,6,9,13,22,23,16,20,16,6,9,9,4,5,8,2,2,3,1
3.0561921504862,0.0524146533335858,4.5512,2.28,408.278869054681,5.17435320584927,218,141,94,42,42,24,34,15,17,20,19,14,15,20,11,27,14,28,17,22,9,18,13,5,2,4,0,1,3,3
3.09301377715539,0.0570797999999737,5.007,2.24,338.591590784885,5.1487414187643,192,143,99,57,47,32,26,21,19,23,12,14,13,15,10,23,17,30,15,11,10,18,10,7,4,2,1,2,1,1
3.11604723249662,0.0609886199990981,5.2804,2.17,304.766094287875,4.89208633093525,141,126,81,45,34,18,25,14,18,14,20,14,9,9,14,22,10,15,10,14,8,6,8,8,5,1,1,3,2,0
3.15395653646229,0.035760066666757,3.0872,2.14,502.760279161221,3.87243735763098,195,151,96,53,39,30,37,21,19,19,10,18,18,19,12,19,15,24,14,24,11,10,10,8,0,2,2,0,2,1
3.17853908226286,0.0564058866667451,4.8556,2.11,370.374584405811,4.95867768595041,198,128,100,42,47,38,26,21,16,17,23,17,7,15,14,22,13,20,9,17,15,10,12,7,6,2,1,2,2,0
3.20793931759727,0.0616469700002261,5.3374,2,311.012447670565,4.19501133786848,207,143,98,62,41,30,20,27,18,18,10,12,19,16,9,26,21,21,15,14,18,12,9,9,2,1,1,0,3,1
3.23804208679881,0.0487241599998663,4.2492,2,398.273877285772,4.63276836158192,209,139,101,50,43,28,27,23,29,17,20,13,18,13,6,23,19,24,19,13,10,10,9,8,3,8,3,0,0,1
3.2676408809464,0.0621921300002281,5.3846,1.97,248.031570645244,3.83663366336634,208,124,84,48,40,32,30,14,18,18,19,15,14,12,11,16,12,24,18,12,8,8,11,5,1,4,0,1,1,3
3.29773270888616,0.0511731566669131,4.4434,2,384.493069905141,4.34258142340169,175,136,86,53,38,33,35,16,13,19,24,12,19,12,11,24,17,22,24,6,18,10,5,5,7,5,1,3,0,2
3.3284757861313,0.060550000000535,5.19,1.97,285.615920172577,4.59183673469388,194,139,66,37,43,27,9,19,18,26,22,13,20,10,13,19,14,15,22,10,12,10,11,4,5,3,1,1,1,2
3.35757611159642,0.0582049300004152,5.0834,1.94,387.217449759568,4.79302832244009,241,144,102,50,36,28,24,26,14,21,14,14,9,17,16,20,26,21,27,13,11,4,15,9,5,6,3,1,1,1
3.39632990218305,0.0623474999998807,4.401,1.94,274.359159209288,3.30672748004561,201,143,101,47,47,33,26,28,20,15,16,19,20,14,12,26,21,28,17,7,7,4,10,4,4,4,1,0,2,1
3.43488977095869,0.0475387033327347,4.1398,1.95,596.490434582772,5.13059701492537,246,192,117,68,40,41,32,25,24,19,29,23,16,12,14,21,15,27,19,12,25,14,11,12,4,5,4,3,2,0
3.4649475791503,0.054579859999953,4.6716,1.96,357.867678396471,4.375,185,140,72,46,39,30,29,19,14,18,11,18,19,8,12,21,19,17,19,14,15,7,8,8,2,4,4,1,1,1
3.49507119220092,0.0613550266674939,5.3198,1.9,291.861151061386,4.16666666666667,224,153,101,43,40,32,25,21,23,22,16,8,21,10,6,22,14,20,16,19,15,13,7,7,4,3,2,0,1,0
3.52497688481607,0.062085286666567,5.4302,1.86,294.339903901014,3.69515011547344,212,136,84,70,40,31,28,28,22,18,9,19,13,8,12,20,14,17,22,16,15,7,11,7,1,2,1,0,3,0
3.55641646759721,0.0519438266664069,4.5038,1.87,357.382149827908,5.73333333333333,175,109,76,44,35,29,27,12,21,16,19,19,13,9,9,14,18,14,22,16,10,13,8,9,6,4,2,1,0,2
3.59468617109073,0.0567186266663831,4.9178,1.91,348.322783917402,4.47247706422018,198,136,94,46,42,20,19,30,21,25,28,18,12,19,11,22,23,19,15,16,19,10,14,5,4,2,2,0,2,0
3.62529182717852,0.0537926666671419,4.6108,1.83,393.277373178903,5.61167227833895,214,142,100,53,35,21,37,21,16,21,19,21,14,11,12,24,15,18,19,13,15,16,9,11,3,9,1,1,0,2
3.65532848439466,0.0454759333331059,3.943,1.82,370.543901256949,4.00485436893204,198,159,81,58,40,19,24,18,13,26,18,17,10,16,10,11,22,13,17,12,9,9,9,7,3,1,1,1,2,1
3.68669720823557,0.0462600600001697,4.0052,1.88,457.385986458089,5.25700934579439,201,123,90,55,48,31,28,20,17,14,18,20,21,6,9,19,18,21,18,23,11,15,9,4,7,3,7,0,0,0
3.72631066157776,0.0580870299995283,5.1178,1.83,307.180877315358,4.51895043731778,173,116,66,37,38,20,19,16,19,12,20,10,7,7,7,21,15,15,13,10,14,11,4,3,3,3,3,3,1,1
3.76483814513891,0.0582733200007856,5.0526,1.82,403.703821627131,5.13126491646778,209,115,86,47,46,22,31,18,14,17,13,18,11,14,16,23,21,30,21,10,13,11,9,10,1,4,2,4,2,0
3.79450111221567,0.0568946366658876,4.9402,1.87,391.522619202876,5.851755526658,175,120,78,43,34,27,35,21,14,11,12,19,11,14,12,17,15,20,25,11,10,10,9,8,7,5,1,5,0,1
3.82478609453436,0.0626360000005534,5.3688,1.87,465.032694353154,5.52208835341365,200,159,116,57,40,36,39,23,30,16,29,23,20,16,18,20,22,20,30,15,12,13,15,8,6,5,1,2,5,1
3.85501819483712,0.0461232399997178,3.9876,1.86,599.332751467089,5.3030303030303,174,156,126,54,36,32,34,34,23,30,16,14,8,12,11,20,25,30,17,7,16,13,8,7,6,4,4,4,3,2
3.88643048239823,0.0600679066663663,5.2082,1.87,390.678533654323,4.41501103752759,196,168,95,56,32,27,33,23,23,21,20,15,10,13,17,25,20,20,20,19,13,11,8,3,6,5,3,1,3,1
3.92535403847568,0.0613425666672793,5.273,1.86,417.356936826676,5.75079872204473,205,159,103,43,43,43,20,23,28,21,16,15,19,11,10,31,11,18,22,23,21,12,13,14,4,7,1,1,2,1
3.95555431118551,0.0499425533330278,4.3178,1.85,577.377352274905,5.96685082872928,209,170,100,48,44,20,23,25,29,12,13,22,13,13,11,20,17,23,22,9,8,15,7,7,7,8,3,3,4,3
3.97804476770092,0.0396183199998381,4.5192,1.85,535.334279459454,6.10687022900763,140,111,74,42,32,17,13,13,15,10,9,16,8,13,12,24,14,15,13,10,14,7,5,8,9,4,4,2,1,0
4.01817148775846,0.0620268166666133,5.309,1.82,396.527362581518,5.98404255319149,168,122,89,57,31,17,27,18,17,16,16,7,11,16,11,12,12,16,21,14,9,10,8,6,6,7,2,3,3,1
4.04849283807172,0.058541213334054,5.0612,1.85,474.023130032831,4.99500499500499,202,177,113,62,43,36,35,20,27,12,17,29,23,12,17,21,19,30,25,16,15,12,9,2,9,11,3,3,1,4
4.0786047826009,0.0384544799999823,3.3732,1.85,619.590027226736,4.24374319912949,206,155,115,38,37,31,25,18,14,18,21,17,23,17,20,26,25,21,26,17,10,12,3,8,5,3,3,2,3,2
4.11819339931941,0.0510547000001289,4.4076,1.83,481.281139545986,5.57620817843866,209,132,65,33,40,21,18,16,24,21,20,19,7,11,9,20,13,29,20,16,19,16,8,5,2,7,1,3,3,1
4.14832685123258,0.0599456533330336,5.1976,1.82,443.341448799055,5.82627118644068,234,131,107,47,47,22,24,29,21,27,14,19,19,17,18,22,18,23,18,15,17,9,14,10,12,4,3,1,2,3
4.17798284182472,0.0536909333332471,4.696,1.79,380.668988226783,5.53459119496855,168,145,77,57,25,28,19,21,18,15,17,20,8,13,12,17,17,22,23,13,16,16,11,6,6,0,1,2,2,0
4.20863071016141,0.059495333333859,5.0996,1.82,416.99849807347,4.47154471544715,235,151,104,56,44,30,32,30,24,23,17,15,26,13,12,28,14,24,26,22,14,11,8,7,6,4,4,3,1,3
4.24770626408428,0.0570099733331769,4.9718,1.79,490.208318368874,5.06329113924051,229,149,131,65,43,30,37,23,19,20,12,19,17,15,23,36,25,26,18,21,17,13,10,10,5,3,7,3,1,2
4.27861446416218,0.0607137733330297,5.2642,1.82,520.5152892841,5.44444444444444,225,140,88,52,48,23,33,17,23,12,19,25,13,11,16,33,17,15,18,14,9,6,11,10,2,4,6,4,6,2
4.31763999978626,0.0563338999997817,4.8986,1.81,484.359744885839,4.8155737704918,216,161,118,39,44,35,36,22,24,19,17,20,18,19,15,15,14,29,22,20,26,14,11,5,6,3,1,3,4,1
4.33873965579794,0.0625849199996171,5.4108,1.78,403.329352657385,4.36991869918699,211,159,102,76,61,37,24,19,19,19,18,12,20,22,14,33,20,28,21,14,12,11,10,6,2,2,8,2,2,3
4.37798034324874,0.0555269400006836,4.8006,1.8,584.621166577497,5.98859315589354,236,179,98,66,44,34,35,24,26,17,27,22,18,14,18,31,8,30,29,16,17,14,14,7,8,10,5,3,2,2
4.4085342920519,0.0430110233332963,3.6814,1.73,645.514089026555,5.35549399815328,248,179,120,67,43,44,29,25,22,19,18,29,19,23,12,31,25,20,18,20,14,17,14,10,5,4,3,3,2,7
4.45775886654231,0.062992759999685,5.4618,1.79,476.680085298702,5.49707602339181,221,127,86,47,31,28,17,23,19,13,14,20,12,19,11,20,12,34,27,16,11,12,10,4,4,2,6,3,6,5
4.48843150043311,0.0530352900001945,4.5918,1.79,627.467141153518,6.81586978636826,223,159,92,61,50,33,28,37,16,28,10,20,12,17,16,16,24,25,24,13,12,17,14,12,9,5,1,3,6,2
4.52682515806534,0.0756937466669459,5.4196,1.75,394.114261296425,5.63549160671463,192,178,77,39,29,20,25,22,17,16,20,15,14,11,10,17,12,19,20,11,23,9,8,7,8,3,2,4,6,3
4.56577509274871,0.060226506665902,5.1184,1.71,540.160280752409,5.2914798206278,238,178,134,71,67,42,34,31,30,19,18,16,13,9,16,20,23,26,28,25,18,13,15,10,6,5,2,3,5,6
4.59633050835656,0.045563586667281,3.9506,1.74,512.96413486748,5.8891454965358,203,136,85,40,37,29,40,20,21,19,16,19,16,10,12,15,24,21,22,10,20,17,10,10,3,7,1,1,2,2
4.63661755769465,0.0667193333329777,4.76,1.74,412.274973379382,5.93654042988741,245,148,100,66,46,23,29,24,31,16,16,18,17,17,20,20,12,22,24,15,10,14,17,11,3,5,3,1,4,2
4.67158324900199,0.0623099866663551,5.4026,1.74,411.283045678901,4.18994413407821,234,159,129,57,59,35,38,30,24,23,25,18,18,16,15,23,20,31,29,19,27,15,12,5,4,3,2,0,4,5
4.71412867194552,0.0667200800001204,4.7544,1.66,340.394784646701,5.72916666666667,185,127,82,48,35,29,15,15,17,19,16,14,15,12,12,10,15,16,14,18,10,10,9,8,5,5,2,3,2,1
4.74713556235869,0.058632000000518,5.0256,1.66,644.532448355811,6.68549905838041,231,170,114,61,49,41,34,20,27,23,20,26,21,19,9,23,16,30,24,19,14,23,15,9,5,4,1,7,7,3
4.78455710984354,0.0517076266663503,4.4704,1.67,533.268361688722,5.64681724845996,220,162,106,61,61,40,21,24,21,20,17,24,17,10,9,19,12,28,23,14,10,12,17,6,7,2,6,2,3,3
4.81800103382737,0.0582311999999732,5.108,1.69,555.637824888397,6.86845168800931,187,178,87,44,41,26,23,25,15,16,14,13,14,16,11,21,14,11,16,12,16,13,13,9,9,3,1,3,8,1
4.85988096670806,0.0623368666668241,5.3816,1.66,437.010143843162,5.1819184123484,217,162,98,56,36,29,31,17,15,19,18,18,12,12,11,20,16,25,15,20,13,14,9,7,6,1,1,3,6,1
4.89823236469343,0.0621434300000163,5.3342,1.65,359.679207190165,5.68862275449102,134,126,77,45,33,22,19,13,14,14,10,8,12,12,7,21,10,16,15,13,9,7,8,4,6,4,3,3,3,5
4.93430382954299,0.052744030000254,4.5798,1.64,580.375577194382,5.74488802336904,237,171,123,63,43,38,22,19,13,26,17,18,13,16,20,23,23,18,27,19,19,13,14,10,8,5,2,4,3,5
4.96222728066135,0.0617022466658897,5.3732,1.63,308.855219598947,5.18867924528302,159,115,64,35,20,19,16,15,12,13,14,11,13,8,6,21,5,15,18,12,12,9,4,8,2,4,1,2,3,4
5.00091868055842,0.0608152200007487,5.2578,1.62,342.131335534957,5.03432494279176,193,130,81,58,43,37,32,23,20,23,18,11,17,13,15,15,20,33,20,16,12,12,6,15,2,6,2,0,1,2
5.03868587458834,0.0435532066667272,3.7492,1.62,577.194703309764,5.36130536130536,195,153,81,47,29,27,24,12,19,16,17,12,14,18,20,22,23,22,28,18,15,9,11,9,5,4,4,2,2,2
5.0686472300206,0.0445425499992928,3.8454,1.61,499.79509978856,5.58086560364465,207,138,105,53,38,23,22,23,16,20,22,16,17,17,13,13,15,23,23,15,10,18,14,3,5,3,2,2,2,4
5.10462383696442,0.0572079000008387,4.9746,1.61,387.593060298584,5.05836575875486,181,106,74,47,36,32,24,21,17,26,18,11,9,16,16,22,21,19,16,9,11,10,7,7,3,6,1,1,4,4
5.14447241557034,0.0601331099993094,5.2518,1.57,313.990750682006,4.51206715634837,210,164,118,55,46,30,28,36,22,11,21,15,16,16,11,26,19,20,17,19,10,15,10,9,4,2,2,0,1,2
5.18471979235173,0.0530261833334673,4.5778,1.59,435.351501209618,4.60526315789474,201,143,97,46,49,27,25,32,23,17,24,25,20,10,8,34,24,20,20,13,12,16,6,8,2,3,2,1,4,3
5.22475572477601,0.0454920799997725,3.9444,1.62,604.05883056116,5.67066521264995,205,150,98,50,37,33,40,23,17,16,21,16,16,18,11,20,23,20,22,16,13,14,12,7,5,5,3,2,4,1
5.26457123723667,0.0473226600001736,4.0972,1.62,404.503979342019,4.88505747126437,160,111,73,41,38,17,21,23,18,19,15,6,10,7,10,22,10,18,11,18,14,10,6,4,5,2,4,1,2,0
5.29853037921535,0.0584001000007189,5.049,1.62,394.054872055306,5.40216086434574,204,136,78,42,42,30,21,19,18,18,16,13,22,18,9,21,14,28,19,10,10,12,8,8,5,4,5,1,2,2
5.33480300969359,0.0558964799999742,4.9032,1.59,544.623658171327,7.13489409141583,205,161,91,47,51,32,28,16,15,11,16,18,16,12,14,15,13,25,17,18,12,18,11,15,7,3,1,5,4,3
5.37149509907412,0.0461540933331026,4.0018,1.59,418.261450318806,5.92885375494071,183,131,78,38,34,19,22,19,17,13,8,16,18,8,6,19,16,18,22,18,11,12,14,7,2,7,2,1,0,4
5.40542836252644,0.0616719833334891,5.3242,1.61,351.738256450768,6.25,218,146,86,50,24,24,27,29,21,21,9,12,11,16,15,32,24,16,18,14,12,19,13,10,6,3,2,2,0,1
5.44524241415653,0.0635403266662779,5.4934,1.6,357.06575269487,5.17435320584927,185,142,104,47,39,37,25,26,16,20,12,19,20,17,13,19,23,25,25,14,15,18,9,4,3,6,3,2,1,3
5.48189755798304,0.0504630000004458,4.3254,1.57,569.386766875861,4.84359233097881,242,160,111,66,46,40,27,26,25,7,16,23,16,13,14,16,17,24,28,10,16,9,11,5,7,4,6,2,4,2
5.51620981538131,0.0609771533329602,5.2718,1.59,329.405794468353,4.53955901426719,185,121,85,38,33,29,21,25,20,20,18,12,8,14,9,15,14,21,15,15,18,5,8,10,4,3,1,2,2,5
5.55217167453276,0.0510027066664116,4.4222,1.6,506.438672112187,6.55339805825243,181,138,89,38,41,22,26,28,11,25,16,19,19,11,15,24,14,14,20,6,13,14,10,10,9,4,2,1,4,0
5.58612004321299,0.0617878800002266,5.3496,1.58,201.996061416595,3.66197183098592,172,130,76,47,28,25,15,13,17,12,12,13,8,9,11,18,14,17,21,19,7,11,7,2,3,2,0,1,0,1
5.62592176967434,0.0612265500002246,5.301,1.62,411.374027299533,5.43093270365998,203,123,85,53,36,38,23,14,12,21,20,19,19,12,8,26,18,14,23,16,18,9,9,9,8,4,1,4,2,5
5.66141985746352,0.0592461333334429,5.2276,1.66,392.151291816678,4.89510489510489,219,136,96,54,48,23,26,13,15,19,17,16,7,11,14,18,16,19,22,18,9,12,5,7,7,4,2,2,3,2
5.69581062383775,0.0555491666662036,4.775,1.72,418.486432075758,6.77966101694915,220,139,89,56,41,23,22,21,20,20,19,17,12,16,9,23,12,23,19,11,13,24,13,10,7,2,1,0,3,5
5.73638678502069,0.0555212333334736,4.7932,1.75,434.177947635216,5.53459119496855,175,130,79,47,50,30,27,19,20,24,15,11,9,13,10,17,12,19,18,11,15,7,10,11,4,3,4,2,3,3
5.77236549574392,0.054275760000199,4.6992,1.75,496.756548386845,5.04484304932735,219,158,83,46,47,26,23,27,23,18,15,17,15,20,9,23,19,22,14,12,11,12,7,3,8,6,1,3,5,5
5.80658164288794,0.0383936799997224,3.3098,1.89,509.080564569886,5.13552068473609,162,131,90,27,29,17,14,19,12,14,17,7,11,13,9,15,16,16,14,12,20,10,6,5,3,6,4,1,1,1
5.85499067771331,0.0681649800006082,4.8516,2.12,366.085222161025,4.95689655172414,216,150,102,60,41,33,24,24,19,15,17,16,22,16,12,28,19,20,20,11,17,14,9,7,4,3,4,2,3,6
5.89518864687805,0.0759703333329284,5.42,2.34,311.022076789574,4.73047304730473,198,158,93,50,48,39,34,28,29,21,14,16,12,13,10,20,10,15,24,21,13,10,11,4,4,8,2,2,2,1
5.95866913748036,0.0820148833327985,4.877,2.53,358.663595351239,5.18672199170125,227,174,98,51,53,28,29,19,19,23,18,20,8,14,14,22,13,29,18,19,18,11,9,6,3,9,8,1,3,8
5.99145606444725,0.0465488933339064,4.0244,2.48,559.18272470739,7.52688172043011,164,120,73,43,37,26,25,15,16,7,12,11,14,13,12,19,18,21,14,10,18,14,12,13,4,6,3,0,4,3
6.03078337019975,0.0602852033325742,5.2498,2.47,364.874778777624,5.625,199,114,92,46,33,26,20,25,15,17,23,13,10,15,14,19,14,19,20,10,11,13,9,9,4,1,5,3,1,2
6.07020593167634,0.0425413300003035,3.7154,2.3,397.53291533225,7.45967741935484,116,87,57,21,29,13,12,13,13,9,7,8,12,6,5,6,8,12,10,7,8,12,9,2,4,5,1,2,2,1
6.105699645891,0.0567038899999512,4.8534,2.24,235.020593762191,4.31034482758621,159,99,56,22,21,17,20,21,7,16,9,8,7,9,11,14,10,16,16,5,12,2,11,4,2,3,2,0,1,1
6.14154125737929,0.0567093333338344,4.8608,2.21,300.028157127142,4.10509031198686,150,99,68,30,34,14,12,9,15,17,10,12,10,11,11,12,21,15,19,11,4,4,5,3,2,4,3,2,2,4
6.17580770621388,0.0475435666661737,4.1644,2.19,285.83084207897,3.90492359932088,154,90,63,32,32,20,14,13,9,14,16,14,5,10,11,11,14,9,11,14,10,4,3,7,4,1,1,3,0,0
6.20609261303466,0.0571915500001444,4.9374,2.09,222.141013099885,4.28816466552316,141,96,63,35,26,29,17,20,16,13,8,8,5,6,11,12,12,12,16,7,5,9,5,3,1,4,1,1,1,2
6.25013631699172,0.073683999999472,5.232,2.04,213.805924956174,5.5,161,92,67,31,27,19,20,7,10,14,9,13,12,8,6,18,5,17,8,10,13,6,9,5,6,2,4,1,0,4
6.29015976323779,0.0554504466669337,4.8148,1.91,241.564671176534,4.71544715447155,147,97,80,34,26,17,23,26,11,9,15,7,12,16,4,8,15,14,10,8,7,4,9,9,2,3,1,0,1,1
6.33035115512731,0.057211046667371,4.9462,1.87,156.706102442534,5.30120481927711,109,78,40,21,19,10,9,11,8,6,4,9,5,5,5,12,9,10,13,9,1,6,4,7,2,2,1,0,0,3
6.37092252995385,0.0427769999995964,3.6666,1.81,394.510525137916,6.02409638554217,119,97,80,32,20,15,15,22,11,10,15,13,15,7,7,22,11,11,9,5,10,6,9,9,3,1,5,1,1,3
6.41059068577001,0.0576805199993376,5.0376,1.73,300.200592796641,4.94037478705281,121,102,65,28,22,19,31,17,17,14,10,18,13,6,5,6,14,17,16,5,12,4,9,3,4,1,5,1,2,4
6.45003422840475,0.0612863999999718,5.376,1.77,254.380031492151,6.40776699029126,132,77,57,22,28,12,13,10,11,13,15,8,11,8,6,14,5,12,11,11,6,6,13,4,4,2,1,0,3,2
6.4826167303661,0.0504743366675441,4.3202,1.85,306.856798932401,6.28683693516699,125,84,50,24,28,23,9,16,8,11,6,12,11,13,8,6,7,6,11,10,9,8,6,4,7,3,2,0,2,4
6.51975931875741,0.0609483499993001,5.323,1.89,226.863802880272,4.76190476190476,131,98,74,36,23,13,19,16,8,15,6,14,13,12,7,9,11,12,11,6,6,10,5,4,1,2,1,3,1,2
6.56019538032081,0.0640266666672323,5.488,1.8,246.488024977692,5.30612244897959,116,87,46,31,21,10,20,12,7,6,10,5,6,10,7,14,13,14,8,10,11,6,4,5,2,3,3,0,3,1
6.59460547249894,0.062204849999355,5.4486,1.84,256.430191583411,7.40740740740741,108,81,56,34,23,20,12,14,5,9,8,8,8,8,3,7,10,13,3,11,9,15,5,4,5,2,1,2,2,2
6.64042051793997,0.0748389433334406,5.2274,1.77,249.197009628726,6.58783783783784,131,90,60,39,38,17,20,10,13,12,10,12,8,7,7,19,11,21,7,10,11,14,7,3,4,5,2,3,1,2
6.68007406196893,0.052591370000314,4.5798,1.73,275.776267497392,5.68383658969805,125,90,54,26,35,22,24,10,8,11,13,16,10,9,10,15,8,21,13,5,6,8,11,5,4,1,0,1,2,2
6.71447729289351,0.0620875733332336,5.4304,1.71,180.185039624838,4.65116279069767,125,79,53,33,17,14,10,10,10,12,9,7,1,6,8,4,10,10,9,14,10,5,8,5,0,1,1,1,1,2
6.75167329754628,0.0639148433332783,5.4706,1.61,182.143343079523,5.03875968992248,102,102,62,26,23,10,17,14,12,10,9,12,8,11,6,18,12,9,10,10,7,2,14,4,2,2,1,1,0,3
6.78721220831472,0.057538459999598,5.0844,1.53,174.300805970574,4.37158469945355,83,61,35,25,17,15,13,10,6,9,8,7,9,7,2,10,8,5,7,4,9,4,3,4,1,0,1,1,2,1
6.82266576548127,0.0616412666666136,5.276,1.48,211.072866443538,4.75206611570248,114,81,50,23,19,11,12,15,21,7,18,13,8,4,1,8,14,9,13,14,6,5,7,4,1,2,0,3,1,3
6.86204621540133,0.0601697500004292,5.255,1.48,188.288670267853,4.64135021097046,109,74,66,29,23,16,11,15,7,10,10,8,6,6,8,11,5,16,8,9,5,6,5,4,2,0,3,2,0,2
6.89953412594532,0.0344377800002648,2.9434,1.5,335.016801808868,6.29213483146067,112,60,46,33,19,13,17,11,14,17,5,9,6,12,2,9,5,7,7,7,6,7,7,6,3,2,2,1,0,4
6.93258803681148,0.0626363999993505,5.4864,1.44,227.169306223187,6.28415300546448,95,51,40,21,13,7,11,11,7,9,10,4,7,6,4,5,5,9,12,5,11,5,4,3,3,2,2,1,3,6
6.9724203113339,0.0607830300002229,5.2626,1.42,186.575737610515,5.49199084668192,82,79,54,35,21,15,8,13,9,9,7,8,8,9,6,3,6,13,13,7,8,4,4,6,5,3,2,0,0,5
7.00952588081166,0.0562178633332849,4.8118,1.41,217.187357261333,6.81818181818182,112,55,39,32,20,14,9,5,5,7,6,2,5,5,5,11,9,8,8,3,9,5,6,6,4,4,0,1,1,3
7.04252505500193,0.0585598800004177,5.1144,1.41,264.190592126101,6.15384615384615,115,77,53,25,23,9,13,17,9,11,12,6,6,8,5,5,4,9,6,6,8,8,3,2,5,4,3,0,3,3
7.07981853625095,0.0516203333328462,4.4246,1.35,225.238169184846,6.66666666666667,88,76,45,30,13,10,14,9,5,9,7,6,6,5,8,2,6,12,10,10,7,10,2,9,1,2,2,0,1,2
7.11259369459311,0.0393032266666036,3.4376,1.36,229.111293521389,3.6117381489842,116,87,44,23,17,14,19,11,5,9,13,5,8,6,6,5,4,13,11,8,3,5,3,1,3,0,3,1,0,2
7.14901351530772,0.0534416866665809,4.6742,1.41,187.934522806896,5.06912442396313,109,70,46,25,19,7,20,13,12,5,7,7,7,12,6,11,4,9,13,3,7,10,4,3,0,2,2,0,1,4
7.18200717308256,0.0590459100002165,5.1122,1.4,220.644652847875,7.73333333333333,89,73,38,25,14,6,13,6,6,6,5,10,6,2,7,7,7,9,8,4,5,6,6,5,6,3,1,0,2,6
7.21971581057208,0.0539371999998335,4.5904,1.36,218.207724932581,5.77319587628866,123,77,55,26,30,20,12,9,4,9,3,5,9,11,9,10,11,8,12,10,4,9,9,3,3,2,0,1,1,4
7.25357325362246,0.0627130000005541,5.3754,1.36,179.40150852519,5.13447432762836,105,71,33,18,17,10,12,12,8,10,10,9,6,7,7,10,14,5,12,5,7,5,2,6,4,2,0,0,2,4
7.28984735294872,0.0624580133332331,5.4628,1.33,284.876309667809,6.93877551020408,90,95,50,25,24,16,18,12,9,12,11,12,8,6,10,11,6,16,9,6,10,8,7,6,5,0,4,1,3,5
7.31954467922454,0.0596064166660486,5.221,1.3,171.432236884871,4.79616306954436,84,79,51,35,24,11,6,12,8,7,8,10,5,5,2,16,5,7,11,6,5,5,5,3,2,1,2,2,0,4
7.34933176601069,0.0600692800009519,5.2386,1.27,257.004221972678,5.58035714285714,110,71,45,29,17,10,7,11,11,15,8,10,6,8,2,11,13,13,14,5,7,6,6,5,0,1,2,1,4,2
7.38299487472851,0.0595583333327714,5.105,1.27,137.66223751355,4.76190476190476,88,76,32,15,15,14,11,5,2,11,5,3,10,4,5,16,9,6,5,2,6,7,3,2,2,0,2,0,1,4
7.42038510380287,0.0547153866666196,4.6832,1.21,191.788155483129,4.08653846153846,108,67,34,30,19,12,13,5,10,15,6,13,6,6,5,9,8,10,8,6,9,1,3,6,3,1,1,1,1,3
7.45340632381954,0.0624103500005181,5.4666,1.27,185.103396461693,5.85365853658537,95,59,57,15,23,14,15,8,11,7,7,8,4,5,10,4,7,11,11,7,8,4,5,8,4,0,1,1,1,5
7.48956542632957,0.0619731433327602,5.4442,1.25,171.853036014705,4.375,125,80,47,31,29,11,12,14,9,8,16,1,5,6,7,8,13,10,11,6,10,5,3,5,4,2,1,1,0,4
7.52289235469773,0.0558702466672246,4.8026,1.2,233.719298987122,5.80046403712297,87,71,43,20,29,18,11,16,17,8,10,7,6,8,5,7,10,9,8,8,8,5,5,6,3,2,2,0,2,4
7.55924890830468,0.0593652266665038,5.1772,1.18,215.990903516003,5.68720379146919,100,79,40,23,16,11,14,5,14,9,15,8,8,5,9,10,3,6,7,11,5,9,5,2,2,0,2,2,2,1
7.58950729905023,0.0488158300000128,4.1902,1.22,221.443517335133,5.41237113402062,112,72,37,22,13,7,13,6,5,5,6,13,3,3,7,6,5,5,12,9,6,3,8,3,0,4,0,3,0,5
7.61916350405056,0.0389309999999821,3.415,1.19,240.421677333455,4.13625304136253,92,67,36,29,29,12,9,14,9,8,6,8,13,6,6,8,11,4,9,8,10,2,9,2,1,0,2,0,1,7
7.65264013861391,0.0489766666662045,4.198,1.19,215.910320165529,5.08474576271186,109,73,24,24,27,12,11,13,11,6,15,6,3,7,4,9,8,8,10,6,6,6,4,2,4,2,2,0,1,6
7.69242954681903,0.0597091666671624,5.23,1.23,212.73956088841,7.14285714285714,97,70,41,25,30,10,4,11,5,5,7,8,7,2,4,9,5,4,6,10,4,9,3,6,3,3,1,2,1,2
7.72995752784962,0.0582586666661169,4.9936,1.23,116.117935092934,2.58823529411765,109,70,42,25,27,15,9,10,14,4,12,12,10,4,3,11,13,8,8,3,5,4,1,1,3,1,0,1,0,4
7.76289338937466,0.0559222000008199,4.8628,1.26,254.846681575851,7.2234762979684,88,81,51,23,13,20,9,4,17,18,8,6,9,2,4,11,12,13,9,5,8,10,9,3,6,0,0,2,2,3
7.79997362488705,0.0474717199999591,4.0632,1.26,212.274553149328,4.77326968973747,107,78,53,21,14,15,10,11,4,9,12,9,11,5,6,4,5,7,7,6,5,6,5,2,1,2,3,0,1,3
7.83297115382618,0.0487493866665329,4.2514,1.29,212.877666670033,4.72813238770686,103,88,42,29,17,11,9,14,9,5,9,5,7,10,5,6,10,7,8,4,5,4,5,3,3,2,1,1,1,7
7.87048853348777,0.0607941799991675,5.2788,1.29,193.989054766251,5.22565320665083,97,60,54,29,17,17,12,6,14,5,9,11,5,5,5,14,8,9,11,4,7,9,4,4,1,0,0,1,3,2
7.90418536294379,0.0606676400008179,5.2602,1.39,221.544162517273,3.77733598409543,114,76,63,23,29,21,14,12,10,12,11,14,10,6,7,15,12,5,15,10,5,2,2,4,2,4,2,2,1,2
7.94493375800457,0.0545853666661006,4.7812,1.47,231.972196777194,6.5359477124183,115,86,59,22,16,13,9,8,5,8,8,5,7,10,8,9,11,9,7,7,7,5,13,1,7,2,0,1,1,2
7.98028196649384,0.0628000800006999,5.4138,1.53,202.364305751678,6.65280665280665,121,86,40,29,26,16,12,14,11,5,8,7,15,6,2,6,6,11,12,8,8,13,4,6,2,5,1,1,0,3
8.01702933729433,0.0621574799990808,5.3816,1.54,189.167059753866,3.65853658536585,125,78,46,32,21,16,14,15,6,15,10,7,13,6,9,13,13,6,16,9,4,1,6,3,3,1,1,2,1,4
8.05279317991371,0.0558374800007528,4.8414,1.56,237.57345892587,6.55339805825243,105,61,40,29,18,14,14,8,9,8,7,12,8,2,2,13,9,9,8,7,2,8,3,2,4,6,1,3,0,1
8.08724423699575,0.0560101566658997,4.8634,1.52,226.393953263849,5.1975051975052,102,70,72,21,18,23,13,9,17,13,5,12,12,9,2,7,9,9,12,11,10,9,5,2,4,1,2,1,1,2
8.12749116601464,0.0507276600000705,4.3668,1.5,284.715833516431,6.04651162790698,99,75,47,26,23,5,15,14,7,10,10,6,5,3,4,10,8,14,11,5,7,9,4,5,1,1,2,0,4,1
8.16246388394279,0.0530098666671067,4.6432,1.47,244.577240095929,5.720823798627,112,82,44,19,18,10,12,8,10,7,7,11,9,3,2,14,10,9,11,10,4,6,6,2,4,3,1,2,1,2
8.19677031679535,0.0630297599995442,5.4336,1.45,217.789928206369,5.53359683794466,116,99,46,24,22,12,21,16,6,14,10,9,14,12,5,13,8,3,13,7,8,5,10,5,2,3,0,1,2,3
8.23267256910876,0.0600363833336225,5.213,1.46,221.619406676328,5.26315789473684,133,86,54,33,23,19,10,9,6,7,11,15,7,7,8,12,13,7,13,9,4,9,3,6,3,2,1,2,1,5
8.26727176036119,0.0500808000001837,4.336,1.44,193.892469472581,4.88888888888889,117,79,51,28,21,15,13,11,12,4,9,7,8,2,5,10,8,13,4,5,6,10,3,3,3,1,0,1,1,3
8.30417512132618,0.0571191500000794,4.917,1.45,213.954540702361,4.71014492753623,136,113,56,32,19,22,15,14,19,6,15,13,9,7,7,10,6,11,12,2,2,7,8,4,2,2,0,1,2,4
8.32833182335706,0.0492360533335705,4.2752,1.42,348.557787478668,5.6,112,76,60,44,25,18,8,10,13,13,9,9,3,4,5,12,8,11,15,11,6,2,5,8,2,5,2,1,3,2
8.36651080383237,0.0492826366666242,4.2182,1.4,316.793654998749,6.57084188911704,126,80,49,32,18,16,13,12,5,14,11,8,3,6,8,7,7,11,8,13,8,11,4,6,3,3,0,4,1,3
8.39781768615246,0.0593362733333743,5.2202,1.45,203.588785619998,4.48833034111311,127,97,67,35,22,20,18,11,7,11,13,8,5,7,7,13,19,11,11,9,14,9,8,2,0,5,0,0,1,4
8.43643052411457,0.0613675400000161,5.2676,1.43,172.790723843854,6.77966101694915,117,63,41,30,13,11,12,5,10,6,5,5,7,7,4,12,9,8,9,8,3,8,7,3,7,1,2,0,0,0
8.46844155386269,0.0451848833328648,3.9578,1.46,235.221101553626,3.13807531380753,119,80,55,27,17,10,8,13,10,6,10,11,9,13,7,17,10,12,15,8,6,4,2,3,2,1,1,0,2,3
8.50630273779196,0.0627114133334205,5.3984,1.43,161.901121455129,4.15754923413567,126,67,50,25,15,15,15,8,16,8,8,12,9,2,3,8,7,13,16,9,6,2,3,9,1,2,1,1,0,0
8.53637368220374,0.0628925166669696,5.461,1.43,181.334952716351,5.17241379310345,130,86,42,26,13,15,10,7,15,11,8,9,11,5,3,10,9,9,5,6,10,11,3,2,2,3,1,1,1,2
8.5679418066355,0.0613376499992956,5.357,1.43,177.833348048348,4.4362292051756,124,91,62,27,31,18,25,13,11,15,11,5,9,5,9,14,14,10,12,7,4,5,7,5,4,1,1,1,0,2
8.60539150728712,0.0639636266677039,5.4592,1.43,64.4505459823319,0.99009900990099,97,72,50,18,22,17,16,5,11,9,7,10,8,4,8,9,5,12,11,6,3,1,2,0,1,0,0,0,0,1
8.62957120452035,0.0603631599996982,5.2338,1.4,224.142499264123,4.88888888888889,120,70,55,27,17,13,15,15,8,8,3,11,4,6,3,11,5,11,16,5,5,3,6,3,3,2,0,3,2,3
8.66913182635794,0.0575805533332409,5.0362,1.39,201.653095356311,4.7713717693837,110,97,74,24,31,13,12,8,13,7,8,6,3,10,7,7,8,14,11,8,8,9,1,4,6,2,1,0,1,0
8.69971034763159,0.0613287799996247,5.3022,1.39,168.615775360075,5.65217391304348,96,93,59,27,22,13,15,13,6,9,10,6,8,3,2,12,10,10,6,7,7,8,9,4,0,2,3,0,0,0
8.73941378743201,0.0596585533334163,5.1356,1.36,212.570502056839,3.90804597701149,124,72,46,20,23,10,11,8,9,7,9,9,12,3,6,9,8,7,11,7,7,3,3,2,1,3,1,1,3,1
8.76965026882279,0.0463715600004943,4.0856,1.39,221.598182642879,4.29447852760736,129,85,59,20,18,14,17,14,9,7,9,9,10,6,8,14,7,12,9,7,5,5,6,2,3,3,1,1,0,3
8.79984869492872,0.0525647999998378,4.4736,1.39,221.222425088942,4.72972972972973,90,70,64,27,22,23,6,10,17,9,8,6,13,7,6,7,2,11,7,11,7,5,5,5,1,2,0,1,2,3
8.839753333506,0.0569951666665752,4.985,1.35,225.100234768485,4.91493383742911,148,89,58,32,24,13,9,14,13,7,10,5,6,7,5,10,7,14,16,9,7,8,7,3,2,2,2,1,1,2
8.87921182705793,0.0478933199997605,4.1526,1.33,299.017057869697,6.35838150289017,131,91,57,39,22,10,14,13,7,13,4,10,10,9,3,11,9,8,10,8,7,10,9,5,1,3,2,3,0,1
8.90997867021571,0.0625221866672911,5.3744,1.31,196.164177284211,4.58515283842795,116,75,52,23,25,12,14,13,8,6,8,13,10,7,4,12,3,11,8,9,8,6,5,3,2,1,1,0,3,2
8.9493546764694,0.0417770466666955,3.6754,1.35,360.305781064229,5.2064631956912,122,102,65,27,21,15,29,10,10,14,9,12,11,11,8,18,10,12,8,7,7,8,4,6,4,1,3,2,1,3
8.98926792075163,0.0551604199990051,4.7348,1.45,155.399819857761,4.87179487179487,94,79,45,19,18,22,11,9,6,4,7,8,3,3,3,9,4,10,11,3,3,7,4,1,4,1,1,0,1,2
9.02973787873105,0.0597653666668176,5.1596,1.56,181.962462047653,5.28375733855186,117,81,67,34,24,19,18,13,12,14,12,6,10,6,5,6,6,11,9,5,9,9,8,4,3,2,0,0,1,1
9.07816005822616,0.0594091600000516,4.2234,1.64,217.981926915101,4.08858603066439,152,98,48,41,33,13,19,16,14,10,12,11,3,11,10,20,8,9,12,7,16,8,4,4,3,1,2,2,0,1
9.12330951764741,0.0635544999998784,4.4862,1.7,246.377598167676,4.38871473354232,132,104,69,47,33,21,13,18,14,16,15,10,14,12,10,23,10,15,14,8,12,7,9,4,2,0,2,3,1,6
9.16025074000087,0.074836520000455,5.2888,1.64,157.69669076534,4.84739676840215,139,97,62,33,20,16,9,16,12,6,11,10,11,8,8,6,11,19,19,5,12,14,1,4,6,0,1,1,0,5
9.1966181135298,0.0614074333329576,5.309,1.64,190.684380549659,5.34979423868313,113,87,50,25,18,15,17,16,8,6,8,11,6,8,8,17,10,9,14,5,9,10,4,4,3,2,2,1,0,1
9.23562808571317,0.0591431999999728,5.188,1.56,237.240534314015,4.92424242424242,114,89,60,34,30,14,17,10,12,12,13,15,5,14,6,8,10,14,8,12,5,10,4,1,4,2,1,3,1,0
9.27570420779769,0.0603977600008143,5.2368,1.53,172.783909811726,5.16528925619835,103,103,53,24,15,19,21,7,12,11,9,11,9,6,5,11,13,9,8,4,6,9,7,3,0,3,3,0,0,1
9.31687279843583,0.0535588499998347,4.5582,1.48,241.858822559118,4.85981308411215,117,99,69,27,22,12,14,16,16,12,11,15,7,10,5,15,10,8,7,10,7,8,8,1,3,3,1,0,2,1
9.34981994698683,0.0619089566662341,5.4706,1.48,169.595637166248,3.76984126984127,143,89,54,29,21,10,5,11,14,7,7,10,13,5,3,9,13,11,19,9,3,2,6,4,3,2,0,2,0,2
9.38661972498096,0.0623857500000163,5.355,NaN,NaN,NaN,NaN,NaN,NaN,NaN,NaN,NaN,NaN,NaN,NaN,NaN,NaN,NaN,NaN,NaN,NaN,NaN,NaN,NaN,NaN,NaN,NaN,NaN,NaN,NaN,NaN,NaN,NaN,NaN,NaN,NaN
9.43516810588486,0.0711081666665307,5.0194,NaN,NaN,NaN,NaN,NaN,NaN,NaN,NaN,NaN,NaN,NaN,NaN,NaN,NaN,NaN,NaN,NaN,NaN,NaN,NaN,NaN,NaN,NaN,NaN,NaN,NaN,NaN,NaN,NaN,NaN,NaN,NaN,NaN
9.47501582926243,0.0522325199999759,4.5818,NaN,NaN,NaN,NaN,NaN,NaN,NaN,NaN,NaN,NaN,NaN,NaN,NaN,NaN,NaN,NaN,NaN,NaN,NaN,NaN,NaN,NaN,NaN,NaN,NaN,NaN,NaN,NaN,NaN,NaN,NaN,NaN,NaN
9.50701364427285,0.0634993333338944,5.4428,NaN,NaN,NaN,NaN,NaN,NaN,NaN,NaN,NaN,NaN,NaN,NaN,NaN,NaN,NaN,NaN,NaN,NaN,NaN,NaN,NaN,NaN,NaN,NaN,NaN,NaN,NaN,NaN,NaN,NaN,NaN,NaN,NaN
9.54612179391392,0.063620373332803,5.4688,NaN,NaN,NaN,NaN,NaN,NaN,NaN,NaN,NaN,NaN,NaN,NaN,NaN,NaN,NaN,NaN,NaN,NaN,NaN,NaN,NaN,NaN,NaN,NaN,NaN,NaN,NaN,NaN,NaN,NaN,NaN,NaN,NaN
9.57715263735627,0.0600874999997671,5.225,NaN,NaN,NaN,NaN,NaN,NaN,NaN,NaN,NaN,NaN,NaN,NaN,NaN,NaN,NaN,NaN,NaN,NaN,NaN,NaN,NaN,NaN,NaN,NaN,NaN,NaN,NaN,NaN,NaN,NaN,NaN,NaN,NaN
9.61548066680093,0.0541903500004499,4.7466,NaN,NaN,NaN,NaN,NaN,NaN,NaN,NaN,NaN,NaN,NaN,NaN,NaN,NaN,NaN,NaN,NaN,NaN,NaN,NaN,NaN,NaN,NaN,NaN,NaN,NaN,NaN,NaN,NaN,NaN,NaN,NaN,NaN
9.65651294071216,0.0567953699998877,4.8474,NaN,NaN,NaN,NaN,NaN,NaN,NaN,NaN,NaN,NaN,NaN,NaN,NaN,NaN,NaN,NaN,NaN,NaN,NaN,NaN,NaN,NaN,NaN,NaN,NaN,NaN,NaN,NaN,NaN,NaN,NaN,NaN,NaN
9.68703263370898,0.0460735999998215,4.0064,NaN,NaN,NaN,NaN,NaN,NaN,NaN,NaN,NaN,NaN,NaN,NaN,NaN,NaN,NaN,NaN,NaN,NaN,NaN,NaN,NaN,NaN,NaN,NaN,NaN,NaN,NaN,NaN,NaN,NaN,NaN,NaN,NaN
9.72632452753809,0.0388157733335203,3.3704,NaN,NaN,NaN,NaN,NaN,NaN,NaN,NaN,NaN,NaN,NaN,NaN,NaN,NaN,NaN,NaN,NaN,NaN,NaN,NaN,NaN,NaN,NaN,NaN,NaN,NaN,NaN,NaN,NaN,NaN,NaN,NaN,NaN
9.7657386182386,0.0594890666665034,5.188,NaN,NaN,NaN,NaN,NaN,NaN,NaN,NaN,NaN,NaN,NaN,NaN,NaN,NaN,NaN,NaN,NaN,NaN,NaN,NaN,NaN,NaN,NaN,NaN,NaN,NaN,NaN,NaN,NaN,NaN,NaN,NaN,NaN
9.7971205519303,0.062610599999478,5.382,NaN,NaN,NaN,NaN,NaN,NaN,NaN,NaN,NaN,NaN,NaN,NaN,NaN,NaN,NaN,NaN,NaN,NaN,NaN,NaN,NaN,NaN,NaN,NaN,NaN,NaN,NaN,NaN,NaN,NaN,NaN,NaN,NaN
9.82653870701986,0.0531764333342394,4.651,NaN,NaN,NaN,NaN,NaN,NaN,NaN,NaN,NaN,NaN,NaN,NaN,NaN,NaN,NaN,NaN,NaN,NaN,NaN,NaN,NaN,NaN,NaN,NaN,NaN,NaN,NaN,NaN,NaN,NaN,NaN,NaN,NaN
9.87442988024666,0.0452243999996759,3.2112,NaN,NaN,NaN,NaN,NaN,NaN,NaN,NaN,NaN,NaN,NaN,NaN,NaN,NaN,NaN,NaN,NaN,NaN,NaN,NaN,NaN,NaN,NaN,NaN,NaN,NaN,NaN,NaN,NaN,NaN,NaN,NaN,NaN
9.91333320190274,0.0427775066668727,3.7144,NaN,NaN,NaN,NaN,NaN,NaN,NaN,NaN,NaN,NaN,NaN,NaN,NaN,NaN,NaN,NaN,NaN,NaN,NaN,NaN,NaN,NaN,NaN,NaN,NaN,NaN,NaN,NaN,NaN,NaN,NaN,NaN,NaN
9.94456767681256,0.0534788100001961,4.6302,NaN,NaN,NaN,NaN,NaN,NaN,NaN,NaN,NaN,NaN,NaN,NaN,NaN,NaN,NaN,NaN,NaN,NaN,NaN,NaN,NaN,NaN,NaN,NaN,NaN,NaN,NaN,NaN,NaN,NaN,NaN,NaN,NaN
9.98554976667432,0.0451607199999107,3.8544,NaN,NaN,NaN,NaN,NaN,NaN,NaN,NaN,NaN,NaN,NaN,NaN,NaN,NaN,NaN,NaN,NaN,NaN,NaN,NaN,NaN,NaN,NaN,NaN,NaN,NaN,NaN,NaN,NaN,NaN,NaN,NaN,NaN
10.023591085008,0.0444118400000307,3.9072,NaN,NaN,NaN,NaN,NaN,NaN,NaN,NaN,NaN,NaN,NaN,NaN,NaN,NaN,NaN,NaN,NaN,NaN,NaN,NaN,NaN,NaN,NaN,NaN,NaN,NaN,NaN,NaN,NaN,NaN,NaN,NaN,NaN
10.054088111877,0.0640452266659227,5.4584,NaN,NaN,NaN,NaN,NaN,NaN,NaN,NaN,NaN,NaN,NaN,NaN,NaN,NaN,NaN,NaN,NaN,NaN,NaN,NaN,NaN,NaN,NaN,NaN,NaN,NaN,NaN,NaN,NaN,NaN,NaN,NaN,NaN
10.0851306685004,0.0626660999998994,5.481,NaN,NaN,NaN,NaN,NaN,NaN,NaN,NaN,NaN,NaN,NaN,NaN,NaN,NaN,NaN,NaN,NaN,NaN,NaN,NaN,NaN,NaN,NaN,NaN,NaN,NaN,NaN,NaN,NaN,NaN,NaN,NaN,NaN
10.1248189262561,0.0519827933332499,4.5466,NaN,NaN,NaN,NaN,NaN,NaN,NaN,NaN,NaN,NaN,NaN,NaN,NaN,NaN,NaN,NaN,NaN,NaN,NaN,NaN,NaN,NaN,NaN,NaN,NaN,NaN,NaN,NaN,NaN,NaN,NaN,NaN,NaN
10.163473011257,0.0624553066675087,5.4152,NaN,NaN,NaN,NaN,NaN,NaN,NaN,NaN,NaN,NaN,NaN,NaN,NaN,NaN,NaN,NaN,NaN,NaN,NaN,NaN,NaN,NaN,NaN,NaN,NaN,NaN,NaN,NaN,NaN,NaN,NaN,NaN,NaN
10.1942530759459,0.0541164799993714,4.6122,NaN,NaN,NaN,NaN,NaN,NaN,NaN,NaN,NaN,NaN,NaN,NaN,NaN,NaN,NaN,NaN,NaN,NaN,NaN,NaN,NaN,NaN,NaN,NaN,NaN,NaN,NaN,NaN,NaN,NaN,NaN,NaN,NaN
10.2238650882124,0.0621858999999002,5.439,NaN,NaN,NaN,NaN,NaN,NaN,NaN,NaN,NaN,NaN,NaN,NaN,NaN,NaN,NaN,NaN,NaN,NaN,NaN,NaN,NaN,NaN,NaN,NaN,NaN,NaN,NaN,NaN,NaN,NaN,NaN,NaN,NaN
10.2556188654828,0.0637511300000167,5.4722,NaN,NaN,NaN,NaN,NaN,NaN,NaN,NaN,NaN,NaN,NaN,NaN,NaN,NaN,NaN,NaN,NaN,NaN,NaN,NaN,NaN,NaN,NaN,NaN,NaN,NaN,NaN,NaN,NaN,NaN,NaN,NaN,NaN
10.2939465548921,0.0596567900004255,5.2102,NaN,NaN,NaN,NaN,NaN,NaN,NaN,NaN,NaN,NaN,NaN,NaN,NaN,NaN,NaN,NaN,NaN,NaN,NaN,NaN,NaN,NaN,NaN,NaN,NaN,NaN,NaN,NaN,NaN,NaN,NaN,NaN,NaN
10.3246324653343,0.0570970333338073,5.0012,NaN,NaN,NaN,NaN,NaN,NaN,NaN,NaN,NaN,NaN,NaN,NaN,NaN,NaN,NaN,NaN,NaN,NaN,NaN,NaN,NaN,NaN,NaN,NaN,NaN,NaN,NaN,NaN,NaN,NaN,NaN,NaN,NaN
10.3647582732235,0.0585157666663086,5.059,NaN,NaN,NaN,NaN,NaN,NaN,NaN,NaN,NaN,NaN,NaN,NaN,NaN,NaN,NaN,NaN,NaN,NaN,NaN,NaN,NaN,NaN,NaN,NaN,NaN,NaN,NaN,NaN,NaN,NaN,NaN,NaN,NaN
10.4033308571425,0.0559689900002053,4.8458,NaN,NaN,NaN,NaN,NaN,NaN,NaN,NaN,NaN,NaN,NaN,NaN,NaN,NaN,NaN,NaN,NaN,NaN,NaN,NaN,NaN,NaN,NaN,NaN,NaN,NaN,NaN,NaN,NaN,NaN,NaN,NaN,NaN
10.433609351271,0.0385778999998505,3.3546,NaN,NaN,NaN,NaN,NaN,NaN,NaN,NaN,NaN,NaN,NaN,NaN,NaN,NaN,NaN,NaN,NaN,NaN,NaN,NaN,NaN,NaN,NaN,NaN,NaN,NaN,NaN,NaN,NaN,NaN,NaN,NaN,NaN
10.4645224434349,0.0574406133330461,4.9804,NaN,NaN,NaN,NaN,NaN,NaN,NaN,NaN,NaN,NaN,NaN,NaN,NaN,NaN,NaN,NaN,NaN,NaN,NaN,NaN,NaN,NaN,NaN,NaN,NaN,NaN,NaN,NaN,NaN,NaN,NaN,NaN,NaN
10.5049224123551,0.0525201600001926,4.5472,NaN,NaN,NaN,NaN,NaN,NaN,NaN,NaN,NaN,NaN,NaN,NaN,NaN,NaN,NaN,NaN,NaN,NaN,NaN,NaN,NaN,NaN,NaN,NaN,NaN,NaN,NaN,NaN,NaN,NaN,NaN,NaN,NaN
10.5451602540612,0.0597870000005282,5.1246,NaN,NaN,NaN,NaN,NaN,NaN,NaN,NaN,NaN,NaN,NaN,NaN,NaN,NaN,NaN,NaN,NaN,NaN,NaN,NaN,NaN,NaN,NaN,NaN,NaN,NaN,NaN,NaN,NaN,NaN,NaN,NaN,NaN
10.5839956234261,0.0416469899993841,3.6058,NaN,NaN,NaN,NaN,NaN,NaN,NaN,NaN,NaN,NaN,NaN,NaN,NaN,NaN,NaN,NaN,NaN,NaN,NaN,NaN,NaN,NaN,NaN,NaN,NaN,NaN,NaN,NaN,NaN,NaN,NaN,NaN,NaN
10.6143040241166,0.0457875200005103,3.9472,NaN,NaN,NaN,NaN,NaN,NaN,NaN,NaN,NaN,NaN,NaN,NaN,NaN,NaN,NaN,NaN,NaN,NaN,NaN,NaN,NaN,NaN,NaN,NaN,NaN,NaN,NaN,NaN,NaN,NaN,NaN,NaN,NaN
10.643475719668,0.0590816600000408,5.1978,NaN,NaN,NaN,NaN,NaN,NaN,NaN,NaN,NaN,NaN,NaN,NaN,NaN,NaN,NaN,NaN,NaN,NaN,NaN,NaN,NaN,NaN,NaN,NaN,NaN,NaN,NaN,NaN,NaN,NaN,NaN,NaN,NaN
10.6752771455946,0.062873459999338,5.3738,NaN,NaN,NaN,NaN,NaN,NaN,NaN,NaN,NaN,NaN,NaN,NaN,NaN,NaN,NaN,NaN,NaN,NaN,NaN,NaN,NaN,NaN,NaN,NaN,NaN,NaN,NaN,NaN,NaN,NaN,NaN,NaN,NaN
10.7138844866239,0.0541492500004495,4.743,NaN,NaN,NaN,NaN,NaN,NaN,NaN,NaN,NaN,NaN,NaN,NaN,NaN,NaN,NaN,NaN,NaN,NaN,NaN,NaN,NaN,NaN,NaN,NaN,NaN,NaN,NaN,NaN,NaN,NaN,NaN,NaN,NaN
10.7456936613797,0.0625552833332097,5.339,NaN,NaN,NaN,NaN,NaN,NaN,NaN,NaN,NaN,NaN,NaN,NaN,NaN,NaN,NaN,NaN,NaN,NaN,NaN,NaN,NaN,NaN,NaN,NaN,NaN,NaN,NaN,NaN,NaN,NaN,NaN,NaN,NaN
10.7839903499953,0.0626102933331615,5.4602,NaN,NaN,NaN,NaN,NaN,NaN,NaN,NaN,NaN,NaN,NaN,NaN,NaN,NaN,NaN,NaN,NaN,NaN,NaN,NaN,NaN,NaN,NaN,NaN,NaN,NaN,NaN,NaN,NaN,NaN,NaN,NaN,NaN
10.8153274980546,0.0615417599999716,5.3984,NaN,NaN,NaN,NaN,NaN,NaN,NaN,NaN,NaN,NaN,NaN,NaN,NaN,NaN,NaN,NaN,NaN,NaN,NaN,NaN,NaN,NaN,NaN,NaN,NaN,NaN,NaN,NaN,NaN,NaN,NaN,NaN,NaN
10.8547985051171,0.0568883700002086,4.9254,NaN,NaN,NaN,NaN,NaN,NaN,NaN,NaN,NaN,NaN,NaN,NaN,NaN,NaN,NaN,NaN,NaN,NaN,NaN,NaN,NaN,NaN,NaN,NaN,NaN,NaN,NaN,NaN,NaN,NaN,NaN,NaN,NaN
10.8956985674239,0.062967059999337,5.3818,NaN,NaN,NaN,NaN,NaN,NaN,NaN,NaN,NaN,NaN,NaN,NaN,NaN,NaN,NaN,NaN,NaN,NaN,NaN,NaN,NaN,NaN,NaN,NaN,NaN,NaN,NaN,NaN,NaN,NaN,NaN,NaN,NaN
10.9351528622145,0.0549860533338544,4.8304,NaN,NaN,NaN,NaN,NaN,NaN,NaN,NaN,NaN,NaN,NaN,NaN,NaN,NaN,NaN,NaN,NaN,NaN,NaN,NaN,NaN,NaN,NaN,NaN,NaN,NaN,NaN,NaN,NaN,NaN,NaN,NaN,NaN
10.9741910147757,0.0618405666665444,5.278,NaN,NaN,NaN,NaN,NaN,NaN,NaN,NaN,NaN,NaN,NaN,NaN,NaN,NaN,NaN,NaN,NaN,NaN,NaN,NaN,NaN,NaN,NaN,NaN,NaN,NaN,NaN,NaN,NaN,NaN,NaN,NaN,NaN
11.0055869916309,0.0610241999999719,5.353,NaN,NaN,NaN,NaN,NaN,NaN,NaN,NaN,NaN,NaN,NaN,NaN,NaN,NaN,NaN,NaN,NaN,NaN,NaN,NaN,NaN,NaN,NaN,NaN,NaN,NaN,NaN,NaN,NaN,NaN,NaN,NaN,NaN
11.0456980191234,0.042863333333712,3.674,NaN,NaN,NaN,NaN,NaN,NaN,NaN,NaN,NaN,NaN,NaN,NaN,NaN,NaN,NaN,NaN,NaN,NaN,NaN,NaN,NaN,NaN,NaN,NaN,NaN,NaN,NaN,NaN,NaN,NaN,NaN,NaN,NaN
11.0847076595562,0.0574718666657542,4.9616,NaN,NaN,NaN,NaN,NaN,NaN,NaN,NaN,NaN,NaN,NaN,NaN,NaN,NaN,NaN,NaN,NaN,NaN,NaN,NaN,NaN,NaN,NaN,NaN,NaN,NaN,NaN,NaN,NaN,NaN,NaN,NaN,NaN
11.1171874585327,0.0432509000003591,3.7884,NaN,NaN,NaN,NaN,NaN,NaN,NaN,NaN,NaN,NaN,NaN,NaN,NaN,NaN,NaN,NaN,NaN,NaN,NaN,NaN,NaN,NaN,NaN,NaN,NaN,NaN,NaN,NaN,NaN,NaN,NaN,NaN,NaN
11.1495530590211,0.0460725100003286,4.0238,NaN,NaN,NaN,NaN,NaN,NaN,NaN,NaN,NaN,NaN,NaN,NaN,NaN,NaN,NaN,NaN,NaN,NaN,NaN,NaN,NaN,NaN,NaN,NaN,NaN,NaN,NaN,NaN,NaN,NaN,NaN,NaN,NaN
11.1881724655977,0.0542499999994881,4.65,NaN,NaN,NaN,NaN,NaN,NaN,NaN,NaN,NaN,NaN,NaN,NaN,NaN,NaN,NaN,NaN,NaN,NaN,NaN,NaN,NaN,NaN,NaN,NaN,NaN,NaN,NaN,NaN,NaN,NaN,NaN,NaN,NaN
11.2236481841165,0.0546055999999123,4.776,NaN,NaN,NaN,NaN,NaN,NaN,NaN,NaN,NaN,NaN,NaN,NaN,NaN,NaN,NaN,NaN,NaN,NaN,NaN,NaN,NaN,NaN,NaN,NaN,NaN,NaN,NaN,NaN,NaN,NaN,NaN,NaN,NaN
11.2588932752424,0.0595943466666154,5.1008,NaN,NaN,NaN,NaN,NaN,NaN,NaN,NaN,NaN,NaN,NaN,NaN,NaN,NaN,NaN,NaN,NaN,NaN,NaN,NaN,NaN,NaN,NaN,NaN,NaN,NaN,NaN,NaN,NaN,NaN,NaN,NaN,NaN
11.2987507421168,0.0527335833337711,4.619,NaN,NaN,NaN,NaN,NaN,NaN,NaN,NaN,NaN,NaN,NaN,NaN,NaN,NaN,NaN,NaN,NaN,NaN,NaN,NaN,NaN,NaN,NaN,NaN,NaN,NaN,NaN,NaN,NaN,NaN,NaN,NaN,NaN
11.3384838550522,0.0548763600002013,4.7512,NaN,NaN,NaN,NaN,NaN,NaN,NaN,NaN,NaN,NaN,NaN,NaN,NaN,NaN,NaN,NaN,NaN,NaN,NaN,NaN,NaN,NaN,NaN,NaN,NaN,NaN,NaN,NaN,NaN,NaN,NaN,NaN,NaN
11.3741862499871,0.0488739999995388,4.1892,NaN,NaN,NaN,NaN,NaN,NaN,NaN,NaN,NaN,NaN,NaN,NaN,NaN,NaN,NaN,NaN,NaN,NaN,NaN,NaN,NaN,NaN,NaN,NaN,NaN,NaN,NaN,NaN,NaN,NaN,NaN,NaN,NaN
11.4089115809256,0.0584570666665063,5.098,NaN,NaN,NaN,NaN,NaN,NaN,NaN,NaN,NaN,NaN,NaN,NaN,NaN,NaN,NaN,NaN,NaN,NaN,NaN,NaN,NaN,NaN,NaN,NaN,NaN,NaN,NaN,NaN,NaN,NaN,NaN,NaN,NaN
11.4488112175303,0.0611219199998323,5.3304,NaN,NaN,NaN,NaN,NaN,NaN,NaN,NaN,NaN,NaN,NaN,NaN,NaN,NaN,NaN,NaN,NaN,NaN,NaN,NaN,NaN,NaN,NaN,NaN,NaN,NaN,NaN,NaN,NaN,NaN,NaN,NaN,NaN
11.4878141440747,0.054978560000236,4.6592,NaN,NaN,NaN,NaN,NaN,NaN,NaN,NaN,NaN,NaN,NaN,NaN,NaN,NaN,NaN,NaN,NaN,NaN,NaN,NaN,NaN,NaN,NaN,NaN,NaN,NaN,NaN,NaN,NaN,NaN,NaN,NaN,NaN
11.5173070257813,0.0613402400002568,5.4444,NaN,NaN,NaN,NaN,NaN,NaN,NaN,NaN,NaN,NaN,NaN,NaN,NaN,NaN,NaN,NaN,NaN,NaN,NaN,NaN,NaN,NaN,NaN,NaN,NaN,NaN,NaN,NaN,NaN,NaN,NaN,NaN,NaN
11.5496785520406,0.0602234399994979,5.1768,NaN,NaN,NaN,NaN,NaN,NaN,NaN,NaN,NaN,NaN,NaN,NaN,NaN,NaN,NaN,NaN,NaN,NaN,NaN,NaN,NaN,NaN,NaN,NaN,NaN,NaN,NaN,NaN,NaN,NaN,NaN,NaN,NaN
11.5894607069819,0.0527096400007106,4.5702,NaN,NaN,NaN,NaN,NaN,NaN,NaN,NaN,NaN,NaN,NaN,NaN,NaN,NaN,NaN,NaN,NaN,NaN,NaN,NaN,NaN,NaN,NaN,NaN,NaN,NaN,NaN,NaN,NaN,NaN,NaN,NaN,NaN
11.6272479908949,0.0477041733330948,4.1362,NaN,NaN,NaN,NaN,NaN,NaN,NaN,NaN,NaN,NaN,NaN,NaN,NaN,NaN,NaN,NaN,NaN,NaN,NaN,NaN,NaN,NaN,NaN,NaN,NaN,NaN,NaN,NaN,NaN,NaN,NaN,NaN,NaN
11.6602358000876,0.0407260700000106,3.4958,NaN,NaN,NaN,NaN,NaN,NaN,NaN,NaN,NaN,NaN,NaN,NaN,NaN,NaN,NaN,NaN,NaN,NaN,NaN,NaN,NaN,NaN,NaN,NaN,NaN,NaN,NaN,NaN,NaN,NaN,NaN,NaN,NaN
11.6969216882952,0.0514341666667022,4.525,NaN,NaN,NaN,NaN,NaN,NaN,NaN,NaN,NaN,NaN,NaN,NaN,NaN,NaN,NaN,NaN,NaN,NaN,NaN,NaN,NaN,NaN,NaN,NaN,NaN,NaN,NaN,NaN,NaN,NaN,NaN,NaN,NaN
11.7297591997365,0.0462668100000121,3.9714,NaN,NaN,NaN,NaN,NaN,NaN,NaN,NaN,NaN,NaN,NaN,NaN,NaN,NaN,NaN,NaN,NaN,NaN,NaN,NaN,NaN,NaN,NaN,NaN,NaN,NaN,NaN,NaN,NaN,NaN,NaN,NaN,NaN
11.7695331396219,0.054614746666579,4.7768,NaN,NaN,NaN,NaN,NaN,NaN,NaN,NaN,NaN,NaN,NaN,NaN,NaN,NaN,NaN,NaN,NaN,NaN,NaN,NaN,NaN,NaN,NaN,NaN,NaN,NaN,NaN,NaN,NaN,NaN,NaN,NaN,NaN
11.809873573221,0.0489427199996461,4.2192,NaN,NaN,NaN,NaN,NaN,NaN,NaN,NaN,NaN,NaN,NaN,NaN,NaN,NaN,NaN,NaN,NaN,NaN,NaN,NaN,NaN,NaN,NaN,NaN,NaN,NaN,NaN,NaN,NaN,NaN,NaN,NaN,NaN
11.8471544513394,0.0503613066669674,4.3856,NaN,NaN,NaN,NaN,NaN,NaN,NaN,NaN,NaN,NaN,NaN,NaN,NaN,NaN,NaN,NaN,NaN,NaN,NaN,NaN,NaN,NaN,NaN,NaN,NaN,NaN,NaN,NaN,NaN,NaN,NaN,NaN,NaN
11.8779505064006,0.0592732999997703,5.1542,NaN,NaN,NaN,NaN,NaN,NaN,NaN,NaN,NaN,NaN,NaN,NaN,NaN,NaN,NaN,NaN,NaN,NaN,NaN,NaN,NaN,NaN,NaN,NaN,NaN,NaN,NaN,NaN,NaN,NaN,NaN,NaN,NaN
11.9107509272082,0.0452973800005576,3.9162,NaN,NaN,NaN,NaN,NaN,NaN,NaN,NaN,NaN,NaN,NaN,NaN,NaN,NaN,NaN,NaN,NaN,NaN,NaN,NaN,NaN,NaN,NaN,NaN,NaN,NaN,NaN,NaN,NaN,NaN,NaN,NaN,NaN
11.9409603902055,0.0623069999997585,5.418,NaN,NaN,NaN,NaN,NaN,NaN,NaN,NaN,NaN,NaN,NaN,NaN,NaN,NaN,NaN,NaN,NaN,NaN,NaN,NaN,NaN,NaN,NaN,NaN,NaN,NaN,NaN,NaN,NaN,NaN,NaN,NaN,NaN
11.9814216608178,0.0600780366666149,5.1422,NaN,NaN,NaN,NaN,NaN,NaN,NaN,NaN,NaN,NaN,NaN,NaN,NaN,NaN,NaN,NaN,NaN,NaN,NaN,NaN,NaN,NaN,NaN,NaN,NaN,NaN,NaN,NaN,NaN,NaN,NaN,NaN,NaN
12.0211353572267,0.0579834300000806,4.9914,NaN,NaN,NaN,NaN,NaN,NaN,NaN,NaN,NaN,NaN,NaN,NaN,NaN,NaN,NaN,NaN,NaN,NaN,NaN,NaN,NaN,NaN,NaN,NaN,NaN,NaN,NaN,NaN,NaN,NaN,NaN,NaN,NaN
12.0621984279786,0.0610080299999475,5.2218,NaN,NaN,NaN,NaN,NaN,NaN,NaN,NaN,NaN,NaN,NaN,NaN,NaN,NaN,NaN,NaN,NaN,NaN,NaN,NaN,NaN,NaN,NaN,NaN,NaN,NaN,NaN,NaN,NaN,NaN,NaN,NaN,NaN
12.1008768581025,0.0617530666667809,5.4488,NaN,NaN,NaN,NaN,NaN,NaN,NaN,NaN,NaN,NaN,NaN,NaN,NaN,NaN,NaN,NaN,NaN,NaN,NaN,NaN,NaN,NaN,NaN,NaN,NaN,NaN,NaN,NaN,NaN,NaN,NaN,NaN,NaN
12.1476733909372,0.0754067999999952,5.348,NaN,NaN,NaN,NaN,NaN,NaN,NaN,NaN,NaN,NaN,NaN,NaN,NaN,NaN,NaN,NaN,NaN,NaN,NaN,NaN,NaN,NaN,NaN,NaN,NaN,NaN,NaN,NaN,NaN,NaN,NaN,NaN,NaN
12.1807416987085,0.0614776799995555,5.2998,NaN,NaN,NaN,NaN,NaN,NaN,NaN,NaN,NaN,NaN,NaN,NaN,NaN,NaN,NaN,NaN,NaN,NaN,NaN,NaN,NaN,NaN,NaN,NaN,NaN,NaN,NaN,NaN,NaN,NaN,NaN,NaN,NaN
12.2174628774735,0.0521873000005563,4.598,NaN,NaN,NaN,NaN,NaN,NaN,NaN,NaN,NaN,NaN,NaN,NaN,NaN,NaN,NaN,NaN,NaN,NaN,NaN,NaN,NaN,NaN,NaN,NaN,NaN,NaN,NaN,NaN,NaN,NaN,NaN,NaN,NaN
12.2542841173568,0.0450299999994741,3.16,NaN,NaN,NaN,NaN,NaN,NaN,NaN,NaN,NaN,NaN,NaN,NaN,NaN,NaN,NaN,NaN,NaN,NaN,NaN,NaN,NaN,NaN,NaN,NaN,NaN,NaN,NaN,NaN,NaN,NaN,NaN,NaN,NaN
12.3045506909813,0.0622883533334457,4.4386,NaN,NaN,NaN,NaN,NaN,NaN,NaN,NaN,NaN,NaN,NaN,NaN,NaN,NaN,NaN,NaN,NaN,NaN,NaN,NaN,NaN,NaN,NaN,NaN,NaN,NaN,NaN,NaN,NaN,NaN,NaN,NaN,NaN
12.347747944889,0.0770325200003961,5.4312,NaN,NaN,NaN,NaN,NaN,NaN,NaN,NaN,NaN,NaN,NaN,NaN,NaN,NaN,NaN,NaN,NaN,NaN,NaN,NaN,NaN,NaN,NaN,NaN,NaN,NaN,NaN,NaN,NaN,NaN,NaN,NaN,NaN
12.3762156197125,0.0712926800000619,5.0682,NaN,NaN,NaN,NaN,NaN,NaN,NaN,NaN,NaN,NaN,NaN,NaN,NaN,NaN,NaN,NaN,NaN,NaN,NaN,NaN,NaN,NaN,NaN,NaN,NaN,NaN,NaN,NaN,NaN,NaN,NaN,NaN,NaN
12.4162452149527,0.0615971266662898,5.3254,NaN,NaN,NaN,NaN,NaN,NaN,NaN,NaN,NaN,NaN,NaN,NaN,NaN,NaN,NaN,NaN,NaN,NaN,NaN,NaN,NaN,NaN,NaN,NaN,NaN,NaN,NaN,NaN,NaN,NaN,NaN,NaN,NaN
12.4657475234673,0.058681653333937,4.1132,NaN,NaN,NaN,NaN,NaN,NaN,NaN,NaN,NaN,NaN,NaN,NaN,NaN,NaN,NaN,NaN,NaN,NaN,NaN,NaN,NaN,NaN,NaN,NaN,NaN,NaN,NaN,NaN,NaN,NaN,NaN,NaN,NaN
12.5014452747625,0.0545645466656811,4.8004,NaN,NaN,NaN,NaN,NaN,NaN,NaN,NaN,NaN,NaN,NaN,NaN,NaN,NaN,NaN,NaN,NaN,NaN,NaN,NaN,NaN,NaN,NaN,NaN,NaN,NaN,NaN,NaN,NaN,NaN,NaN,NaN,NaN
12.5357186764298,0.0597240000016189,5.1192,NaN,NaN,NaN,NaN,NaN,NaN,NaN,NaN,NaN,NaN,NaN,NaN,NaN,NaN,NaN,NaN,NaN,NaN,NaN,NaN,NaN,NaN,NaN,NaN,NaN,NaN,NaN,NaN,NaN,NaN,NaN,NaN,NaN
12.5750084261129,0.0426556266662722,3.7472,NaN,NaN,NaN,NaN,NaN,NaN,NaN,NaN,NaN,NaN,NaN,NaN,NaN,NaN,NaN,NaN,NaN,NaN,NaN,NaN,NaN,NaN,NaN,NaN,NaN,NaN,NaN,NaN,NaN,NaN,NaN,NaN,NaN
12.6111682356564,0.0631453833334928,5.4514,NaN,NaN,NaN,NaN,NaN,NaN,NaN,NaN,NaN,NaN,NaN,NaN,NaN,NaN,NaN,NaN,NaN,NaN,NaN,NaN,NaN,NaN,NaN,NaN,NaN,NaN,NaN,NaN,NaN,NaN,NaN,NaN,NaN
12.6415675244091,0.0638394299998738,5.4486,NaN,NaN,NaN,NaN,NaN,NaN,NaN,NaN,NaN,NaN,NaN,NaN,NaN,NaN,NaN,NaN,NaN,NaN,NaN,NaN,NaN,NaN,NaN,NaN,NaN,NaN,NaN,NaN,NaN,NaN,NaN,NaN,NaN
12.6712935470476,0.0466601999999785,4.093,NaN,NaN,NaN,NaN,NaN,NaN,NaN,NaN,NaN,NaN,NaN,NaN,NaN,NaN,NaN,NaN,NaN,NaN,NaN,NaN,NaN,NaN,NaN,NaN,NaN,NaN,NaN,NaN,NaN,NaN,NaN,NaN,NaN
12.7057870635866,0.0583362000004486,4.986,NaN,NaN,NaN,NaN,NaN,NaN,NaN,NaN,NaN,NaN,NaN,NaN,NaN,NaN,NaN,NaN,NaN,NaN,NaN,NaN,NaN,NaN,NaN,NaN,NaN,NaN,NaN,NaN,NaN,NaN,NaN,NaN,NaN
12.7451494165646,0.0553629599999745,4.8564,NaN,NaN,NaN,NaN,NaN,NaN,NaN,NaN,NaN,NaN,NaN,NaN,NaN,NaN,NaN,NaN,NaN,NaN,NaN,NaN,NaN,NaN,NaN,NaN,NaN,NaN,NaN,NaN,NaN,NaN,NaN,NaN,NaN
12.7855193994425,0.0613821199994883,5.2764,NaN,NaN,NaN,NaN,NaN,NaN,NaN,NaN,NaN,NaN,NaN,NaN,NaN,NaN,NaN,NaN,NaN,NaN,NaN,NaN,NaN,NaN,NaN,NaN,NaN,NaN,NaN,NaN,NaN,NaN,NaN,NaN,NaN
12.8212115407985,0.0625834100004464,5.4658,NaN,NaN,NaN,NaN,NaN,NaN,NaN,NaN,NaN,NaN,NaN,NaN,NaN,NaN,NaN,NaN,NaN,NaN,NaN,NaN,NaN,NaN,NaN,NaN,NaN,NaN,NaN,NaN,NaN,NaN,NaN,NaN,NaN
12.8512471707832,0.0576690700004113,5.0366,NaN,NaN,NaN,NaN,NaN,NaN,NaN,NaN,NaN,NaN,NaN,NaN,NaN,NaN,NaN,NaN,NaN,NaN,NaN,NaN,NaN,NaN,NaN,NaN,NaN,NaN,NaN,NaN,NaN,NaN,NaN,NaN,NaN
12.8857436156295,0.0517556666661783,4.4362,NaN,NaN,NaN,NaN,NaN,NaN,NaN,NaN,NaN,NaN,NaN,NaN,NaN,NaN,NaN,NaN,NaN,NaN,NaN,NaN,NaN,NaN,NaN,NaN,NaN,NaN,NaN,NaN,NaN,NaN,NaN,NaN,NaN
12.9219297850534,0.049799090000013,4.2746,NaN,NaN,NaN,NaN,NaN,NaN,NaN,NaN,NaN,NaN,NaN,NaN,NaN,NaN,NaN,NaN,NaN,NaN,NaN,NaN,NaN,NaN,NaN,NaN,NaN,NaN,NaN,NaN,NaN,NaN,NaN,NaN,NaN
12.9553740664031,0.0475481333337281,4.1648,NaN,NaN,NaN,NaN,NaN,NaN,NaN,NaN,NaN,NaN,NaN,NaN,NaN,NaN,NaN,NaN,NaN,NaN,NaN,NaN,NaN,NaN,NaN,NaN,NaN,NaN,NaN,NaN,NaN,NaN,NaN,NaN,NaN
12.9918140504322,0.0428004466659408,3.6844,NaN,NaN,NaN,NaN,NaN,NaN,NaN,NaN,NaN,NaN,NaN,NaN,NaN,NaN,NaN,NaN,NaN,NaN,NaN,NaN,NaN,NaN,NaN,NaN,NaN,NaN,NaN,NaN,NaN,NaN,NaN,NaN,NaN
13.0251561092041,0.0591588833338244,5.1818,NaN,NaN,NaN,NaN,NaN,NaN,NaN,NaN,NaN,NaN,NaN,NaN,NaN,NaN,NaN,NaN,NaN,NaN,NaN,NaN,NaN,NaN,NaN,NaN,NaN,NaN,NaN,NaN,NaN,NaN,NaN,NaN,NaN
13.0619386823311,0.0635465133332077,5.4236,NaN,NaN,NaN,NaN,NaN,NaN,NaN,NaN,NaN,NaN,NaN,NaN,NaN,NaN,NaN,NaN,NaN,NaN,NaN,NaN,NaN,NaN,NaN,NaN,NaN,NaN,NaN,NaN,NaN,NaN,NaN,NaN,NaN
13.0950141760458,0.053557460000037,4.7118,NaN,NaN,NaN,NaN,NaN,NaN,NaN,NaN,NaN,NaN,NaN,NaN,NaN,NaN,NaN,NaN,NaN,NaN,NaN,NaN,NaN,NaN,NaN,NaN,NaN,NaN,NaN,NaN,NaN,NaN,NaN,NaN,NaN
13.1356632957714,0.0625154400004807,5.3432,NaN,NaN,NaN,NaN,NaN,NaN,NaN,NaN,NaN,NaN,NaN,NaN,NaN,NaN,NaN,NaN,NaN,NaN,NaN,NaN,NaN,NaN,NaN,NaN,NaN,NaN,NaN,NaN,NaN,NaN,NaN,NaN,NaN
13.1717716741508,0.0434420933332636,3.7996,NaN,NaN,NaN,NaN,NaN,NaN,NaN,NaN,NaN,NaN,NaN,NaN,NaN,NaN,NaN,NaN,NaN,NaN,NaN,NaN,NaN,NaN,NaN,NaN,NaN,NaN,NaN,NaN,NaN,NaN,NaN,NaN,NaN
13.2097826733923,0.0600240599996327,5.1894,NaN,NaN,NaN,NaN,NaN,NaN,NaN,NaN,NaN,NaN,NaN,NaN,NaN,NaN,NaN,NaN,NaN,NaN,NaN,NaN,NaN,NaN,NaN,NaN,NaN,NaN,NaN,NaN,NaN,NaN,NaN,NaN,NaN
13.251469572284,0.0590310166671567,5.1706,NaN,NaN,NaN,NaN,NaN,NaN,NaN,NaN,NaN,NaN,NaN,NaN,NaN,NaN,NaN,NaN,NaN,NaN,NaN,NaN,NaN,NaN,NaN,NaN,NaN,NaN,NaN,NaN,NaN,NaN,NaN,NaN,NaN
13.2858413533489,0.0594541466666155,5.0888,NaN,NaN,NaN,NaN,NaN,NaN,NaN,NaN,NaN,NaN,NaN,NaN,NaN,NaN,NaN,NaN,NaN,NaN,NaN,NaN,NaN,NaN,NaN,NaN,NaN,NaN,NaN,NaN,NaN,NaN,NaN,NaN,NaN
13.3216490491422,0.0580160966659361,5.0522,NaN,NaN,NaN,NaN,NaN,NaN,NaN,NaN,NaN,NaN,NaN,NaN,NaN,NaN,NaN,NaN,NaN,NaN,NaN,NaN,NaN,NaN,NaN,NaN,NaN,NaN,NaN,NaN,NaN,NaN,NaN,NaN,NaN
13.3602242133781,0.0635181300000166,5.4522,NaN,NaN,NaN,NaN,NaN,NaN,NaN,NaN,NaN,NaN,NaN,NaN,NaN,NaN,NaN,NaN,NaN,NaN,NaN,NaN,NaN,NaN,NaN,NaN,NaN,NaN,NaN,NaN,NaN,NaN,NaN,NaN,NaN
13.4016851746399,0.0464863833337193,4.0718,NaN,NaN,NaN,NaN,NaN,NaN,NaN,NaN,NaN,NaN,NaN,NaN,NaN,NaN,NaN,NaN,NaN,NaN,NaN,NaN,NaN,NaN,NaN,NaN,NaN,NaN,NaN,NaN,NaN,NaN,NaN,NaN,NaN
13.4441885250827,0.0721298899995492,5.1338,NaN,NaN,NaN,NaN,NaN,NaN,NaN,NaN,NaN,NaN,NaN,NaN,NaN,NaN,NaN,NaN,NaN,NaN,NaN,NaN,NaN,NaN,NaN,NaN,NaN,NaN,NaN,NaN,NaN,NaN,NaN,NaN,NaN
13.485316645275,0.0550635166674321,4.673,NaN,NaN,NaN,NaN,NaN,NaN,NaN,NaN,NaN,NaN,NaN,NaN,NaN,NaN,NaN,NaN,NaN,NaN,NaN,NaN,NaN,NaN,NaN,NaN,NaN,NaN,NaN,NaN,NaN,NaN,NaN,NaN,NaN
13.5247817123819,0.0751123799997389,5.3844,1.76,738.399938897248,6.19266055045872,386,249,189,102,70,61,52,47,52,38,30,41,27,23,19,40,31,53,54,40,32,24,20,14,22,14,8,1,5,16
13.5555249969063,0.0525733599995617,4.5192,1.77,1347.99286987679,5.76091795213054,1159.39337060678,263,183,92,74,47,51,36,48,38,40,38,32,20,29,48,41,57,56,45,40,34,34,28,19,10,11,10,3,8
13.5851238796276,0.0520714166670989,4.561,1.71,945.945244928788,4.18476115278326,1416,229,141,60,58,45,47,54,28,24,29,43,35,24,21,24,32,32,36,24,25,32,21,13,17,8,8,4,3,14
13.6238654933754,0.045991870000012,3.9478,1.74,868.814473885561,5.94353640416048,329,205,137,90,54,42,41,39,27,23,26,22,24,28,12,31,27,29,25,28,27,21,23,12,6,2,7,6,3,13
13.6556758265997,0.0496673533329193,4.2694,1.71,1167.73726758066,6.13003095975232,381,254,134,77,65,53,44,36,42,41,25,26,27,38,24,47,36,42,42,40,42,16,20,22,10,9,9,6,7,7
13.6934518320201,0.0487691999999775,4.278,1.71,1103.80571072159,6.82957393483709,346,275,153,89,79,50,33,38,39,44,29,29,27,25,16,44,25,46,37,33,30,24,23,17,12,17,9,3,4,15
13.7254672506259,0.0613235700002249,5.3094,1.74,787.333417642842,6.17977528089888,333,212,122,74,65,54,45,32,46,30,37,23,22,17,20,36,34,26,55,31,22,19,24,12,9,10,3,1,10,12
13.7638354781057,0.0441291466663966,3.8152,1.75,1502.18116181263,7.4726609963548,382,247,143,88,76,47,43,46,41,45,37,33,23,28,26,33,33,38,47,31,36,33,21,20,10,11,9,10,9,13
13.7952612479263,0.0592867500004922,5.193,1.81,1252.37063587394,8.1002331002331,386,248,167,95,83,59,44,39,40,31,36,31,29,31,18,43,42,39,46,32,38,26,28,16,25,14,11,11,8,27
13.8341376912556,0.0581724000004473,4.972,1.91,859.701613039213,7.30337078651685,314,207,127,78,62,52,33,46,26,33,28,29,29,33,19,35,27,41,31,35,35,23,25,22,13,6,6,4,5,24
13.8657478043632,0.0287456399995749,2.4888,1.92,2001.31505778934,8.25743776563449,378,245,132,67,78,45,42,44,38,30,41,39,38,25,33,36,36,42,50,39,33,44,26,22,16,13,9,4,2,19
13.9040671439843,0.05018538333375,4.3958,1.94,1065.25065600293,6.79271708683473,322,198,118,60,63,56,52,31,37,31,23,40,26,28,28,44,44,28,41,37,24,23,19,14,9,10,11,5,6,14
13.9355478222008,0.0369207300001354,3.1966,1.94,1624.9195769797,6.4968814968815,394,280,196,109,104,69,67,46,37,36,40,37,38,39,23,47,49,54,51,39,44,33,32,20,13,13,5,3,6,18
13.9659283983299,0.0482496400000126,4.1416,1.92,1035.17599823418,6.55518394648829,329,236,113,84,65,51,50,40,30,30,49,33,28,23,21,36,27,39,49,28,36,22,21,13,17,12,5,4,4,19
14.0044490871558,0.0466014200000648,4.0116,1.98,1150.35136222986,6.76786843769766,349,245,140,80,79,50,49,45,49,47,31,27,26,27,26,45,36,28,37,26,32,30,20,20,11,6,8,6,6,10
14.0356968274526,0.0428174866664047,3.7018,1.98,1162.11450474299,7.0221066319896,383,221,138,60,58,45,36,39,39,46,25,38,34,26,19,37,40,44,47,29,26,25,24,26,11,9,5,5,3,17
14.0738030470285,0.0318873599998406,2.7648,1.99,1472.22739786308,6.95718654434251,292,209,117,69,54,39,41,46,39,25,24,22,20,24,19,30,31,37,31,32,16,22,17,14,20,2,3,6,7,7
14.1138072039853,0.0535062200005071,4.7004,1.95,553.309608640807,5.53398058252427,215,151,91,55,65,33,36,27,15,27,24,27,17,19,13,34,33,26,29,21,15,13,13,9,10,4,3,3,2,4
14.1479479138286,0.0424211999996933,3.657,1.95,930.462571031592,6.27202255109232,318,212,149,97,67,32,36,32,31,33,36,24,33,29,23,34,26,38,29,24,27,28,19,17,10,8,2,1,4,10
14.1785961348552,0.0551772666665781,4.826,2,755.466507005061,6.25507717303006,315,187,113,79,45,28,43,23,26,22,21,31,21,14,13,29,36,21,36,27,24,16,20,10,10,6,6,3,6,6
14.2157733662491,0.063398883333208,5.411,2.01,604.146268252259,4.52012383900929,371,272,145,86,71,54,54,52,31,38,36,39,38,25,23,46,37,32,41,33,18,18,25,10,6,4,4,1,5,4
14.2457940037697,0.0634056533341882,5.4976,1.99,771.942101711524,6.66208791208791,309,237,143,87,61,49,47,27,26,27,33,27,34,17,26,40,29,42,31,33,34,21,23,16,14,7,6,7,3,12
14.2770730230798,0.0621485199996892,5.3886,1.94,672.384601626723,5.55196901226598,359,256,148,82,72,49,46,43,35,36,30,27,31,36,18,43,32,28,42,34,16,26,21,16,5,5,5,4,4,14
14.3146117738541,0.0538569833327749,4.7174,1.98,877.599624606796,6.38998682476943,316,252,162,83,79,53,40,54,31,39,29,29,24,26,20,42,24,37,38,23,20,22,23,17,11,9,7,3,5,10
14.3388772925781,0.059257440000939,5.1678,1.95,405.977104148691,4.78011472275335,267,167,106,65,39,34,27,27,23,23,22,26,28,16,5,17,21,22,20,21,20,10,15,12,5,4,2,0,2,7
14.3713522389979,0.0562438799991683,4.8696,1.94,766.939126019862,5.46825895663105,335,274,183,98,73,54,36,32,43,41,27,33,30,20,19,37,31,36,42,33,27,24,21,12,10,8,6,3,3,11
14.4023873745937,0.0638493333338975,5.4728,1.95,466.056939785118,4.0912667191188,307,188,136,73,70,36,46,37,26,25,21,29,24,23,14,38,28,32,29,20,17,12,14,10,4,2,3,5,2,8
14.4341204366832,0.0625637199996872,5.4246,1.95,695.625439293354,6.29470672389127,318,233,136,75,71,41,36,37,29,34,28,24,23,10,20,42,27,45,31,25,25,22,26,12,10,3,5,5,5,7
14.4656395669003,0.0548285500001385,4.7334,1.98,844.696373279009,5.88235294117647,333,265,181,104,65,43,56,48,34,30,31,33,22,21,22,38,29,35,40,32,26,24,16,20,14,6,5,3,5,4
14.5005081149574,0.0460205833337154,4.031,1.95,1088.48960340945,6.21908127208481,331,230,143,73,61,50,46,29,31,30,28,20,17,30,25,39,24,31,34,27,28,25,13,16,10,3,4,9,8,8
14.5305486415717,0.0589681199999492,5.0472,2.01,562.203506544816,5.55555555555556,257,163,97,70,47,27,33,25,20,22,20,20,19,20,18,24,24,30,34,11,22,13,13,8,7,4,8,3,3,5
14.5613294348779,0.047604479999296,4.1216,2,1069.95246875722,6.40326975476839,312,258,147,72,55,46,44,27,43,23,26,20,22,23,32,42,33,42,45,40,22,20,16,15,13,12,7,9,2,12
14.6005381638106,0.057619916667145,5.047,1.95,945.001022399677,6.63534938344099,374,254,178,109,78,67,39,41,28,39,50,35,34,30,18,42,39,46,30,24,35,27,24,17,20,8,8,5,4,6
14.6354072586152,0.0612103800002245,5.2996,1.96,939.572905893032,6.75505050505051,352,215,153,102,81,58,51,49,25,21,35,30,32,17,38,43,32,40,35,35,33,32,14,19,12,9,7,5,9,12
14.6656256372822,0.0513983933329048,4.4182,1.92,849.535085452829,5.96807772380291,313,223,163,75,70,45,42,38,37,24,25,30,27,34,25,45,33,36,30,19,21,25,14,16,6,10,6,6,3,11
14.7003510496922,0.0568016399999738,4.9826,1.92,876.17486726781,6.72379696769941,331,262,155,81,61,54,51,47,26,38,28,34,29,16,16,35,30,25,33,38,25,30,20,16,8,9,10,5,4,14
14.7357898057243,0.0638792666665404,5.452,1.93,780.197987543747,6.37535816618911,316,225,128,65,64,42,54,37,35,28,21,33,25,19,19,39,38,24,39,28,28,16,19,15,16,6,4,5,8,8
14.7657495774414,0.058755730000283,5.1018,1.92,595.498892112047,6.38297872340426,266,186,113,63,39,36,32,25,31,31,22,36,22,15,7,38,27,32,27,34,18,21,17,10,10,10,3,2,2,7
14.8010803352462,0.055650026666514,4.8532,1.94,900.558996857386,6.19195046439629,360,231,160,81,68,50,48,53,46,32,42,38,31,24,31,37,30,44,41,36,32,28,21,13,16,9,4,4,5,7
14.8357435839814,0.0537983866663977,4.6646,1.95,854.364777125491,5.46318289786223,404,293,192,87,69,35,51,42,30,46,38,38,30,13,18,40,44,35,42,24,21,23,22,14,11,7,6,6,3,8
14.8707553994809,0.0558733666668078,4.8236,1.93,1016.41832126406,6.70322973796466,371,288,164,91,73,46,47,40,34,34,37,25,30,28,29,36,30,38,30,30,30,26,19,18,14,12,10,5,6,11
14.9052869490394,0.0622687833338503,5.4542,1.92,1014.81562223396,7.13201820940819,446,316,182,126,73,49,51,52,47,53,42,39,23,29,29,57,33,56,55,46,32,39,29,25,15,16,10,5,2,10
14.9357280920659,0.0592461833332823,5.071,1.89,1091.72376804158,7.20092915214866,342,280,182,102,80,46,41,40,43,34,45,39,29,34,21,38,42,45,47,32,36,26,19,20,26,9,11,8,5,18
14.9710666032855,0.0542781733330619,4.7062,1.96,1050.05514170473,6.05170387779083,417,278,145,83,65,55,51,43,44,33,35,24,26,28,27,54,36,47,42,34,32,25,19,18,9,13,6,5,8,11
15.0055373611106,0.0588836266665051,5.1352,1.93,1194.70085392015,7.28571428571429,448,348,203,119,96,53,56,46,45,44,50,48,44,30,43,55,34,51,53,35,46,40,37,28,13,14,10,5,6,10
15.0358563971924,0.0586041600000153,5.0304,1.97,1188.69938374168,6.43974241030359,456,337,231,160,103,66,59,50,35,46,56,52,38,35,37,51,27,57,51,47,40,43,29,20,12,14,6,9,7,17
15.0709576033035,0.0395026666669025,3.44,1.99,1588.37766627812,6.32707774798928,412,307,180,106,87,77,50,38,41,36,45,35,24,39,21,28,44,56,54,38,29,30,29,16,12,10,3,9,9,7
15.1054446596802,0.0559927900003994,4.8902,1.99,773.701224170015,6.54627539503386,308,218,110,85,45,41,37,31,32,31,24,20,15,26,19,39,33,43,40,18,27,31,16,12,7,5,8,2,6,6
15.135885146124,0.0542779999994878,4.6524,1.99,1028.26986352009,6.35805911879531,411,284,160,99,83,62,60,45,40,45,34,39,42,29,22,42,22,54,58,25,23,22,34,22,8,10,8,4,6,12
15.170895362016,0.0483359999999777,4.24,2.03,1048.55444503169,5.90043023970498,397,249,159,87,63,49,55,45,35,35,32,36,23,19,23,46,35,47,47,22,27,17,29,13,14,8,5,2,8,11
15.2060147890513,0.0551873933332858,4.7236,2.03,1109.51250118268,5.93582887700535,427,299,192,107,64,65,56,51,26,48,30,46,32,30,32,49,40,51,56,35,23,26,22,14,21,5,9,5,9,4
15.2407564669473,0.0350800799999838,3.0772,2.04,1731.22369733259,7.53768844221106,392,283,169,109,81,55,52,37,39,29,42,34,43,40,28,43,41,45,43,31,20,36,28,22,20,11,9,3,6,11
15.2758322466579,0.051650666667123,4.4272,2.04,874.858590643355,6.31136044880785,334,212,119,80,72,42,38,46,47,25,29,32,29,26,17,47,21,37,28,33,22,27,14,13,9,15,4,4,4,6
15.3107431574502,0.0595424833327159,5.2154,2.05,875.833877291139,6.10730593607306,383,276,154,109,85,56,43,42,36,28,37,39,36,28,27,56,49,61,42,31,27,28,24,19,14,8,5,5,4,6
15.351981169233,0.0591150000005223,5.067,1.99,921.488070563391,6.53347732181425,393,322,193,106,79,64,55,48,37,34,51,32,31,31,16,55,38,46,30,33,37,27,33,25,14,8,7,3,4,8
15.3889910012088,0.0560537999999742,4.917,2.05,1008.03326176054,5.88848358520063,403,334,209,103,97,63,55,44,41,44,32,42,37,36,23,39,44,49,46,31,34,26,27,15,15,13,10,3,4,4
15.4270288829633,0.0413841300002128,2.9178,1.99,1337.43140092876,5.98930481283422,410,300,173,87,76,72,59,40,48,33,38,51,31,33,28,54,43,61,42,47,32,23,26,26,16,7,6,4,4,4
15.5164635368142,0.0913750199994919,3.0766,2.11,1628.39112515319,6.59597030752916,1056,746,462,245,211,177,131,119,107,101,90,83,67,78,65,125,108,118,121,107,87,95,60,56,33,27,11,14,15,21
15.5542221435657,0.0588882766669145,4.1422,2.11,1089.27748360534,6.9331983805668,454,323,182,94,81,55,57,45,41,42,44,35,44,27,27,52,49,55,57,42,33,41,26,27,16,7,9,5,6,9
15.5930270529841,0.050177820000184,4.3444,2.11,1017.91579245585,6.73940949935815,351,229,176,83,67,58,34,27,33,33,36,28,32,26,30,46,33,40,43,26,22,24,27,14,13,11,8,3,5,4
15.6241191785347,0.0570317533332418,4.9882,2.12,924.537571157386,6.35769459298871,391,262,175,95,73,56,34,45,29,48,33,35,41,22,23,49,36,40,38,25,26,23,30,16,10,7,13,4,4,5
15.6627972564227,0.0578115066665739,5.0564,2.11,785.622358548062,5.10529674537332,356,247,148,104,59,44,53,45,39,29,31,38,28,21,20,35,35,40,45,34,36,28,8,13,9,8,6,2,6,5
15.6931568208876,0.0485372399999582,4.1544,2.09,1152.74456391215,5.73537762634867,367,286,195,99,98,55,64,48,37,37,33,26,27,30,29,43,41,46,39,35,25,22,19,24,11,7,3,5,10,6
15.7234354564426,0.0549918600002017,4.7612,2.08,695.400715666668,6.3003663003663,310,202,138,76,55,41,42,34,20,35,26,25,28,17,23,37,32,36,43,34,25,21,19,23,10,7,2,3,1,4
15.7537952261065,0.0520104799994027,4.5424,2.05,823.005916009597,5.52416823603264,379,265,166,85,67,57,55,37,35,27,28,41,31,20,16,32,33,46,30,30,25,19,18,18,15,8,4,4,2,6
15.7932458469668,0.0460556999999604,3.942,2.01,858.751223502431,5.40360240160107,344,237,171,79,71,47,48,32,32,23,30,36,20,22,20,24,23,47,32,40,40,24,19,13,11,6,4,1,3,6
15.8242966910067,0.0602663000005003,5.2788,1.95,774.082390576009,5.49936788874842,330,271,156,117,84,45,54,45,30,38,32,25,27,24,16,47,31,31,41,31,20,15,22,18,8,11,3,4,6,8
15.8634265485038,0.0594370266661712,5.1092,1.94,742.687984572437,6.14780902550687,329,274,152,79,65,47,52,46,28,37,33,21,33,23,16,37,33,38,41,33,18,29,22,13,14,3,5,3,5,6
15.8938537310655,0.0551269599999115,4.8216,1.97,808.645992498401,5.72033898305085,315,241,150,66,55,41,41,40,26,35,30,28,28,27,18,32,28,43,49,22,20,13,21,13,11,6,10,2,5,6
15.9325278916284,0.0572530666675739,4.993,1.94,810.756483576174,5.70652173913043,344,236,147,78,74,51,44,31,28,28,39,21,18,26,19,39,30,47,39,26,23,19,14,11,17,11,1,5,6,6
15.9626370546027,0.0598606399995671,5.1604,1.97,602.958114105934,5.46282245827011,306,224,142,72,48,36,30,28,35,27,25,26,25,23,20,35,29,30,42,20,23,18,20,10,7,7,5,2,3,5
15.9929500435421,0.0614239999994879,5.28,1.95,513.760291188035,4.58786936236392,303,196,126,78,57,47,32,28,42,26,28,39,23,16,12,35,22,28,47,25,17,18,12,6,10,4,5,2,2,4
16.0241118362104,0.0603323400004303,5.2692,1.98,694.126819325589,5.92334494773519,305,237,161,79,62,41,37,33,30,35,28,28,24,22,22,39,33,44,42,25,23,29,15,12,7,10,5,4,3,8
16.0633612478719,0.0612089833332806,5.239,1.98,724.587450567635,5.02476999292286,326,231,137,76,64,49,51,40,39,32,26,30,26,29,13,31,35,29,36,22,20,13,14,10,8,8,8,2,8,8
16.094450149792,0.0591896300004222,5.1694,1.93,718.843902253142,6.08240680183126,340,236,172,88,64,47,39,31,40,24,39,39,23,32,28,42,28,41,29,26,28,24,26,15,9,8,7,1,3,11
16.1398680967938,0.0723688799997951,5.0964,1.98,526.788398856366,5.91168091168091,316,230,160,73,61,53,39,39,25,27,25,32,16,20,17,42,32,35,34,24,21,25,15,15,8,10,7,2,1,7
16.1727176768715,0.0530077199999756,4.6498,1.89,843.089945941377,5.03225806451613,360,255,160,88,65,56,47,34,36,37,29,42,15,25,21,39,41,31,38,32,21,22,15,11,10,2,8,3,7,5
16.209693966689,0.0609632100002236,5.2782,1.93,590.778945934529,5.81395348837209,261,182,109,59,47,23,46,34,26,20,23,24,21,16,15,29,23,25,32,21,17,13,13,11,10,6,4,3,5,8
16.2529494530225,0.072472399999597,5.068,1.91,852.581311271141,6.48148148148148,414,279,209,99,82,54,54,35,48,49,33,31,37,34,23,41,38,59,37,33,28,29,27,16,13,9,10,10,5,12
16.2937749663229,0.0575226333334371,4.099,1.83,922.557254781045,5.55873925501433,393,289,208,83,85,56,35,39,50,46,24,38,24,30,26,42,37,47,41,33,22,17,24,17,14,9,4,4,8,10
16.331287898938,0.0577606900002782,5.0154,1.77,837.401843934674,6.42260757867694,361,252,158,92,78,49,39,27,38,36,31,29,26,26,20,38,32,37,31,35,22,29,20,12,15,6,10,5,3,10
16.3708600348011,0.0470801799999244,4.1178,1.82,781.995816437791,6.11065235342692,246,191,138,73,50,40,46,32,26,33,23,30,19,15,18,31,20,34,30,24,18,16,14,18,9,6,5,3,3,6
16.4031901941866,0.0437155000001104,3.774,1.79,1005.93286769273,6.33855331841909,298,233,130,73,58,44,38,29,29,35,23,18,19,18,20,41,27,34,43,20,26,15,24,15,7,6,12,2,4,4
16.4338503679346,0.0606527999993614,5.184,1.83,564.352684984943,5.28273809523809,313,248,153,74,64,43,38,35,28,25,24,27,24,20,15,37,23,21,25,15,21,23,17,9,5,6,3,6,2,7
16.4709802304696,0.0616657933339178,5.4172,1.81,589.609860734985,5.94059405940594,318,201,135,62,45,45,32,38,26,24,42,26,23,15,15,40,28,41,38,25,16,25,21,8,5,8,7,2,2,4
16.5032588376381,0.0543907000001374,4.6956,1.78,487.237150203076,4.93617021276596,303,191,106,77,47,38,41,29,25,26,13,22,20,19,20,27,22,26,34,18,13,15,17,10,7,5,0,3,1,4
16.5335440928637,0.0621182099990814,5.3782,1.82,407.494239005393,5.48654244306418,209,182,85,58,45,36,23,34,22,20,19,15,20,11,9,19,25,19,27,23,12,17,10,12,3,4,2,4,1,2
16.5717431716925,0.0636477166667552,5.479,1.79,511.00531288182,5.65610859728507,310,208,126,79,63,54,45,34,25,28,27,25,26,18,18,17,38,25,44,28,13,14,16,21,13,8,2,1,0,6
16.6032647770984,0.0491225999999774,4.309,1.77,800.994891264904,5.6957462148522,313,241,170,82,57,45,40,20,29,28,36,34,23,20,10,28,20,50,23,23,16,25,17,9,12,5,2,2,7,3
16.6338438411971,0.0522036666671279,4.4746,1.77,625.578562267839,5.01567398119122,308,209,146,77,51,39,33,27,20,27,24,34,20,18,11,31,27,30,37,20,23,23,12,10,5,6,3,0,5,6
16.6633867054797,0.058918026666505,5.1382,1.74,635.420804794234,5.76779026217228,310,207,140,89,68,47,35,45,30,20,26,20,25,23,21,23,23,33,36,20,17,21,15,15,10,5,3,5,3,4
16.6936325715789,0.0597947900000156,5.1326,1.71,558.476084421169,5.6749785038693,284,195,123,54,49,45,31,21,15,22,24,27,20,26,19,31,28,28,21,22,12,25,10,8,9,1,6,2,5,4
16.7404670525515,0.0772442666661132,5.4848,1.67,450.701645469834,6.12076095947064,281,182,139,73,59,39,34,30,22,22,24,21,23,17,19,21,28,33,27,26,15,18,15,13,10,8,5,5,0,5
16.7704786320338,0.057309133334106,4.969,1.75,789.159504999758,5.77049180327869,338,275,165,94,69,52,40,39,29,34,33,20,15,30,14,34,36,32,43,26,19,21,21,14,12,5,5,4,6,3
16.80037144494,0.0584440133330411,5.0674,1.71,424.468158705349,5.26315789473684,221,143,88,47,36,34,25,17,20,20,19,18,14,13,8,24,12,28,13,16,12,5,14,6,8,4,6,1,2,0
16.8304215278062,0.0559341533332435,4.8922,1.66,404.207280193238,4.86381322957198,285,146,97,68,54,27,31,29,26,22,16,20,11,12,17,26,17,25,23,9,17,16,16,5,5,1,5,1,1,2
16.860484725653,0.0542388600004171,4.6358,1.72,547.145271883699,4.6207497820401,271,191,118,65,51,38,37,17,29,25,22,21,33,20,19,40,14,21,23,22,17,12,15,6,7,4,3,2,4,5
16.8906123145617,0.0627197666658078,5.446,1.65,523.900585117755,4.98310810810811,271,189,127,78,47,40,37,26,30,24,31,22,16,27,13,33,23,23,26,24,18,13,14,12,3,8,2,2,5,4
16.9305516307832,0.0590318000008654,5.1332,1.62,574.518137850014,4.54206999255398,330,222,146,71,58,46,37,45,28,26,27,31,22,24,15,39,22,37,18,17,21,16,7,16,5,6,4,4,3,3
16.9599220059995,0.0510879599999765,4.4814,1.61,574.741059574717,5.58608058608059,268,200,124,55,53,34,28,31,16,17,18,16,9,21,15,22,22,24,20,20,18,14,9,15,10,4,6,2,1,2
16.9905931853464,0.0557286399993527,4.7496,1.58,612.465854114375,4.15738678544915,346,226,141,72,61,49,31,39,36,29,29,28,18,16,11,24,28,39,26,24,18,19,6,8,1,9,5,5,3,4
17.0205060681546,0.0551146933333714,4.8488,1.61,598.151674702294,4.35103244837758,357,204,137,74,69,53,34,35,39,30,25,35,20,22,12,29,29,22,27,18,26,20,8,10,6,5,3,3,4,1
17.0604931913163,0.0460722600003543,3.9378,1.61,765.120733300425,4.64949928469242,328,229,168,76,70,40,45,27,25,33,29,24,22,21,26,29,32,27,39,19,24,17,13,9,11,6,2,4,3,7
17.0905386884205,0.0578961999993996,5.0712,1.61,664.990362972376,6.03448275862069,323,225,168,81,58,51,37,37,35,27,21,25,27,18,10,42,25,36,32,11,19,25,15,11,12,10,6,4,1,5
17.1200406328236,0.0591460566670198,5.1506,1.58,541.283339019645,4.80607082630691,276,209,112,69,48,44,31,22,36,25,18,22,34,15,14,27,24,25,26,31,21,12,16,8,6,6,2,4,3,6
17.1505865374635,0.0535342500001963,4.635,1.61,483.747445557215,5.37974683544304,221,162,110,50,47,26,26,29,25,15,24,13,17,15,15,24,11,25,20,7,15,10,14,7,6,5,4,4,1,1
17.1904210171889,0.0624929300000163,5.3642,1.55,421.819909008341,4.62264150943396,239,184,114,62,61,32,22,27,23,24,24,17,22,13,9,20,37,25,21,17,18,16,10,6,5,2,6,2,2,1
17.2207398652287,0.0481737599998678,4.2012,1.58,522.179784763455,4.52898550724638,245,165,109,68,47,42,37,46,24,29,22,29,17,18,11,38,24,28,21,17,17,8,16,12,7,2,1,3,1,6
17.26058515225,0.0575306666661238,4.9312,1.58,626.422156751538,7.60233918128655,227,154,124,65,40,36,33,40,20,20,15,24,10,16,6,25,14,26,24,18,11,19,18,11,12,6,3,6,3,4
17.2906897260747,0.0621797333338495,5.4464,1.61,400.012026343724,5.51431601272534,231,163,112,50,35,31,29,21,21,16,15,18,17,12,8,25,14,25,17,16,15,11,9,12,6,9,2,3,0,4
17.323748452503,0.060882143333213,5.1962,1.65,380.966139015734,5.26315789473684,248,171,118,65,36,27,28,26,14,24,18,20,15,16,12,30,17,15,20,16,18,17,15,7,6,4,2,0,2,2
17.3578978896195,0.0432463333336923,3.788,1.63,592.995325347292,5.58482613277134,220,173,101,49,42,23,24,30,17,17,17,15,16,10,15,26,17,29,25,19,11,13,14,8,7,5,3,0,3,0
17.3930665934877,0.0635911999995402,5.482,1.66,300.801258638015,6.50887573964497,159,125,63,47,21,17,13,23,16,17,15,11,18,6,7,20,12,11,13,9,9,10,15,2,4,9,2,2,0,2
17.4272250711143,0.0624872300004457,5.4574,1.6,364.316191733711,5.46448087431694,191,159,85,61,47,26,44,29,18,21,18,12,13,14,9,27,20,22,17,23,9,14,12,6,10,2,5,0,1,0
17.4601969980307,0.050813099999465,4.343,1.62,600.424474735945,6.02409638554217,231,185,95,68,34,38,33,25,23,21,18,19,14,15,20,19,11,21,21,13,12,16,9,11,8,7,1,4,4,4
17.5004710274256,0.0567676666671682,4.8658,1.6,457.437209646195,5.35917901938426,183,168,90,52,38,27,21,17,26,17,23,15,19,15,11,21,13,22,20,16,16,14,7,6,8,1,5,4,2,0
17.5303977621086,0.0566488799999739,4.9692,1.55,367.595332055949,5.35714285714286,212,145,87,43,20,24,22,20,22,13,15,23,17,13,19,19,10,27,19,13,12,11,12,11,4,2,3,0,2,3
17.5607040079129,0.0311018400001141,2.6928,1.51,741.797962320661,7.5070821529745,153,129,83,43,34,24,21,17,13,14,6,14,17,8,4,16,13,12,8,12,12,17,10,8,7,3,5,0,3,1
17.5902190405486,0.0587597866665054,5.1244,1.55,401.884810823184,6.25,189,131,83,52,42,21,30,23,19,21,17,16,18,15,11,16,19,15,13,18,11,18,13,7,5,3,0,3,3,4
17.6303562340805,0.0390087666667209,3.358,1.51,417.12635563017,4.43864229765013,186,146,73,55,28,34,25,18,15,14,12,17,11,13,12,13,13,18,11,9,9,12,7,7,2,1,3,0,2,4
17.6606556594673,0.0488979999998105,4.252,1.53,461.460872406209,5.51724137931035,207,137,89,45,40,32,27,12,26,15,23,20,14,9,15,17,16,22,20,21,15,14,10,13,1,4,2,4,0,5
17.6997613799175,0.0482719499994994,4.2282,1.55,392.643158579587,6.41711229946524,201,113,69,42,31,21,21,14,15,12,14,14,13,14,10,22,11,18,18,14,13,18,11,10,2,3,2,2,0,1
17.730985762925,0.0533618333336225,4.535,1.62,293.186614858388,5.13595166163142,144,107,74,35,30,17,15,18,21,13,15,19,15,6,9,16,17,16,20,10,11,11,7,8,2,3,1,2,0,1
17.7703292914153,0.0557738666665136,4.864,1.68,355.875251408365,4.57796852646638,183,125,72,34,36,20,23,11,13,14,16,11,14,9,9,18,12,15,8,15,9,5,5,4,7,4,3,1,3,3
17.8004760809015,0.0618101900003691,5.3826,1.72,341.743185761077,5.14800514800515,184,130,95,48,28,20,24,18,14,13,12,16,19,14,9,23,12,21,18,9,10,15,6,5,3,4,2,2,3,1
17.830741916435,0.056003486666324,4.8418,1.75,362.033513381536,4.71821756225426,172,119,98,38,30,23,24,22,11,19,14,10,11,16,14,23,17,14,22,14,16,11,12,3,1,2,1,4,2,4
17.8608346540742,0.0470939700001727,4.0774,1.79,408.312431560092,5.31400966183575,153,109,52,32,36,22,12,15,14,15,12,19,13,6,6,10,8,14,12,20,8,4,6,8,6,3,2,1,3,2
17.9004352463925,0.0632223900002319,5.4738,1.75,264.663363173133,6.070826306914,144,76,78,37,22,13,22,7,15,11,14,7,13,7,7,20,8,13,18,14,11,11,5,6,7,5,0,1,1,5
17.9302430037947,0.0593377999995181,5.228,1.75,494.154574210389,6.82926829268293,192,128,80,44,37,26,21,27,17,17,12,14,12,12,9,23,18,27,20,14,14,14,16,6,2,6,5,3,4,3
17.9703755412946,0.0516858999998405,4.3988,1.75,487.229535901859,4.63078848560701,202,133,77,47,30,24,25,23,9,12,16,14,11,15,13,25,21,20,18,18,9,7,9,4,4,3,3,0,7,3
18.0004192781742,0.0626864600004471,5.4748,1.75,422.951821614742,5.83524027459954,195,162,102,66,33,34,21,11,10,15,21,11,15,16,13,16,17,19,22,15,9,10,12,9,5,5,4,4,2,3
18.0331138372063,0.0571764000006372,4.929,1.73,422.225139034265,5.80964153275649,209,126,83,44,32,24,23,22,25,17,13,12,14,13,12,19,15,14,16,12,17,12,8,7,6,7,3,2,2,4
18.0639745099728,0.062145929999081,5.3806,1.78,367.353348112736,5.53250345781466,167,116,77,45,31,23,21,20,20,16,16,11,10,11,8,17,19,14,13,15,13,10,7,8,4,4,1,1,5,4
18.101745662069,0.061259790000437,5.3502,1.77,407.600806070282,4.80769230769231,197,186,103,48,40,31,22,15,19,19,24,15,20,19,13,24,17,18,26,18,17,11,12,7,4,3,3,2,3,7
18.1359840885296,0.0458056666662344,3.9262,1.71,513.162677792413,4.84037075180227,224,181,111,62,42,20,22,31,22,21,24,16,9,14,10,22,19,22,26,16,10,10,14,7,6,3,3,3,1,4
18.1680368762491,0.0423617333334117,3.7378,1.79,617.388233027638,5.92930444697834,224,136,86,59,41,29,20,21,9,13,25,10,14,16,11,22,11,17,26,24,11,12,5,15,9,5,2,1,3,7
18.2004641195161,0.056975806666554,4.8628,1.72,381.861404922331,5.05166475315729,193,160,94,45,46,24,28,28,18,18,19,11,11,11,9,23,12,21,22,21,13,13,8,6,9,3,2,2,1,3
18.2339599439359,0.0554736866669979,4.8308,1.78,459.531811156135,4.84261501210654,173,131,81,66,44,38,15,16,21,14,18,18,16,7,10,26,17,30,16,17,12,8,4,7,6,6,4,1,4,5
18.2704781366327,0.0491371833336267,4.279,1.83,608.406396223088,5.87570621468927,236,134,93,49,40,35,21,26,22,17,17,16,10,18,10,18,15,23,10,14,9,11,13,7,4,4,4,2,7,5
18.3041369834562,0.0635086666660674,5.4436,1.81,527.569788335104,6.92148760330578,208,161,116,61,38,25,23,21,33,19,12,18,13,12,16,19,19,19,29,19,20,19,12,13,6,6,4,2,5,3
18.3403401722786,0.0604804200003611,5.2668,1.83,376.336217609756,4.16666666666667,225,167,124,61,53,26,31,30,21,26,6,21,19,18,11,29,20,28,33,18,22,13,8,11,4,3,1,2,1,3
18.3834138032218,0.0518150266664726,3.6404,1.85,559.690452795837,5.50935550935551,224,168,113,50,43,29,28,27,15,17,23,18,15,10,10,22,20,19,19,25,14,14,10,5,10,4,4,2,4,6
18.4168043890287,0.0460536266668595,4.0876,1.88,705.41716652157,5.92808551992225,230,166,93,50,49,40,40,36,12,20,21,22,21,18,22,22,8,20,32,25,21,15,12,6,14,5,3,2,4,5
18.4468082418284,0.0489372666667903,4.2248,1.88,564.539330343455,5.5609756097561,241,176,108,54,43,32,27,26,27,26,22,29,10,17,11,28,15,29,22,14,11,14,11,10,10,4,4,2,2,3
18.4919853784951,0.0613477599993383,4.3152,1.81,461.106703175722,6.21531631520533,218,139,93,41,40,29,35,20,16,26,22,23,28,16,8,19,12,14,20,10,16,13,13,8,6,6,6,0,4,3
18.5301923573815,0.0657017233339823,4.6874,1.78,484.135494132366,4.54895913646877,302,229,141,74,49,39,28,42,33,34,31,30,18,17,22,27,28,38,20,18,18,19,7,10,9,3,5,4,2,6
18.5671617852949,0.0734853333331928,5.1872,1.79,520.926190701521,5.91304347826087,285,191,115,63,59,43,34,30,20,22,24,19,14,18,10,31,19,21,29,17,18,17,14,8,10,4,3,5,7,5
18.5978658112456,0.0580759266661825,4.9922,1.78,343.184548809229,5.32687651331719,195,134,90,53,38,27,20,22,22,16,17,13,9,12,12,23,21,18,11,16,13,14,12,6,5,2,2,2,1,1
18.6306730414251,0.0581757066673828,5.0296,1.78,387.945310777145,4.25752855659398,209,184,107,51,36,26,36,24,22,15,23,16,18,28,13,23,19,20,21,15,16,10,9,11,3,2,2,1,3,4
18.6606003291284,0.0620355999997596,5.3944,1.72,453.715594397148,5.26315789473684,241,167,94,61,51,15,31,18,27,18,25,25,20,14,11,26,18,28,24,9,13,7,11,12,7,6,5,1,3,3
18.6905961287067,0.0610141333331659,5.321,1.73,387.339216285642,4.57933972310969,229,152,97,54,40,22,33,30,25,19,16,14,12,15,16,17,25,23,25,15,17,11,8,10,6,1,3,1,3,5
18.7307491078641,0.0525571200001927,4.5504,1.77,599.571494328897,5.28846153846154,260,174,116,63,46,31,25,21,27,17,19,19,13,14,12,31,23,29,20,11,14,19,7,5,6,7,3,1,7,1
18.7603432991097,0.0596480933330351,5.1718,1.8,430.679212064312,5.42110358180058,220,200,116,54,51,35,36,12,20,26,16,17,19,11,16,24,20,15,23,27,19,13,12,10,15,2,2,1,1,5
18.790402760126,0.0580265066663765,5.0312,1.72,405.537067282022,4.92721164613662,203,154,90,56,42,23,25,28,14,24,17,16,16,12,10,28,9,27,18,19,18,12,14,8,2,0,3,1,4,3
18.8206407514954,0.0466623000001179,4.0284,1.73,581.133149702603,4.83383685800604,239,157,100,58,49,28,32,25,21,17,14,14,16,18,16,25,22,25,21,27,21,18,8,7,3,4,3,0,5,4
18.8510190435629,0.0631900500002318,5.471,1.73,453.735559158537,5.30098831985624,242,172,118,74,51,35,34,39,32,22,19,20,19,21,12,27,25,36,25,13,18,16,17,9,6,4,2,2,3,2
18.8804292856623,0.0441832600003152,3.8588,1.68,657.81447759288,5.27240773286468,283,204,112,61,44,39,36,27,33,21,18,21,17,16,8,29,25,22,23,17,22,18,15,7,8,5,1,4,2,6
18.9208790445603,0.0488214333325582,4.2148,1.73,421.575094641028,4.63065049614112,232,158,100,44,34,18,21,23,26,20,21,20,21,14,6,18,16,22,20,18,13,14,9,5,10,0,0,2,2,4
18.950437321782,0.0433441266668754,3.7636,1.69,520.173786335767,5.1255230125523,243,171,82,43,48,38,12,17,16,27,26,22,16,14,14,26,16,14,21,25,16,17,13,6,5,2,4,1,1,2
18.9807980382644,0.0444675000001631,3.85,1.69,537.351434394563,1.33545501457685,1967.06788621079,109,51,33,32,24,19,15,25,14,12,10,13,8,11,17,11,21,18,14,14,11,5,3,5,2,0,1,6,6
19.011025279066,0.0465188199997154,4.0218,1.72,571.432429878407,1.37111517367459,2543,161,112,52,40,35,24,21,18,21,10,8,19,24,16,28,19,28,26,18,14,19,7,5,2,5,4,1,2,5
19.0414324704887,0.0601073400007399,5.1966,1.71,383.252175196228,4.54054054054054,235,169,101,46,34,33,33,20,23,7,13,19,12,10,14,18,21,31,19,13,12,11,9,6,5,3,5,0,3,3
19.0805807777541,0.0596132799993154,5.2064,1.69,515.628331492004,5.14775977121068,228,188,107,55,59,39,29,21,14,26,31,16,20,16,12,25,17,32,20,20,20,7,14,9,5,9,5,3,2,4
19.1111264569346,0.0566095800006969,4.8942,1.7,362.294269725033,4.92170022371365,211,148,94,53,38,29,28,19,24,14,11,23,20,23,17,24,11,24,14,16,9,11,15,6,3,5,1,2,1,7
19.150879776063,0.062239333332746,5.3348,1.69,291.437244482052,4.45682451253482,175,119,63,34,35,23,16,12,16,20,21,17,12,7,12,18,12,22,18,16,18,9,4,9,3,1,4,1,1,1
19.1811708060072,0.0634725466663493,5.5034,1.66,470.857721547144,5.05871725383921,269,189,106,69,59,31,39,23,18,22,21,25,20,14,13,21,29,28,21,20,14,12,15,9,6,5,3,2,4,3
19.2105600246864,0.0584456000009261,5.097,1.69,367.744320114234,5.16431924882629,200,141,107,49,30,31,31,27,24,10,9,31,15,11,9,14,14,16,15,10,14,11,9,7,5,7,2,2,1,3
19.2412122124625,0.0625247699990754,5.4134,1.61,392.199251344177,5.38860103626943,232,161,95,68,37,33,22,25,22,19,20,16,19,9,13,27,12,22,31,15,15,14,15,8,3,6,4,0,2,5
19.2811540729272,0.0560589699999517,4.7982,1.69,458.895709011877,4.69043151969981,264,185,105,72,44,38,32,24,19,25,18,23,16,14,16,19,16,22,25,22,17,12,14,8,2,8,3,1,2,3
19.3110709875906,0.0611530033340579,5.4038,1.66,452.715218779344,5.03524672708963,225,176,97,53,50,34,37,25,17,18,27,19,16,14,15,22,23,21,25,14,15,9,10,9,8,5,5,1,3,4
19.3507350177635,0.0602769999994312,5.1666,1.66,387.407116123517,4.85875706214689,188,131,100,55,47,23,25,26,22,23,16,14,16,17,14,18,18,29,25,14,21,12,7,7,9,3,1,2,2,2
19.3801971860076,0.0577469300004119,5.0434,1.66,460.943571927534,5.39460539460539,259,146,112,47,50,34,23,17,18,20,19,21,20,13,14,25,21,29,30,18,11,15,13,10,4,5,3,1,3,4
19.410729212382,0.0521002399996233,4.4914,1.65,523.529405616295,4.86815415821501,219,159,110,53,46,33,27,27,25,16,17,19,24,14,16,22,20,30,27,16,18,11,11,5,4,7,5,5,0,2
19.4408833961395,0.056281950000271,4.887,1.63,511.323336449737,4.54959053685168,260,200,122,57,43,36,38,29,31,23,17,21,14,18,14,22,19,29,25,13,18,13,11,5,5,6,5,1,4,7
19.4807114208746,0.0475065500002837,4.137,1.66,600.228069287832,6.81818181818182,195,144,93,46,41,29,30,26,23,9,26,16,12,9,19,18,16,23,19,15,11,17,10,10,7,8,3,2,3,6
19.5107790467861,0.0375477466663536,3.2276,NaN,NaN,NaN,NaN,NaN,NaN,NaN,NaN,NaN,NaN,NaN,NaN,NaN,NaN,NaN,NaN,NaN,NaN,NaN,NaN,NaN,NaN,NaN,NaN,NaN,NaN,NaN,NaN,NaN,NaN,NaN,NaN,NaN
19.5412352654297,0.0612523333338745,5.2502,NaN,NaN,NaN,NaN,NaN,NaN,NaN,NaN,NaN,NaN,NaN,NaN,NaN,NaN,NaN,NaN,NaN,NaN,NaN,NaN,NaN,NaN,NaN,NaN,NaN,NaN,NaN,NaN,NaN,NaN,NaN,NaN,NaN
19.5709591984607,0.0469030566663389,4.1446,NaN,NaN,NaN,NaN,NaN,NaN,NaN,NaN,NaN,NaN,NaN,NaN,NaN,NaN,NaN,NaN,NaN,NaN,NaN,NaN,NaN,NaN,NaN,NaN,NaN,NaN,NaN,NaN,NaN,NaN,NaN,NaN,NaN
19.6006912283908,0.0578518000001461,4.9944,NaN,NaN,NaN,NaN,NaN,NaN,NaN,NaN,NaN,NaN,NaN,NaN,NaN,NaN,NaN,NaN,NaN,NaN,NaN,NaN,NaN,NaN,NaN,NaN,NaN,NaN,NaN,NaN,NaN,NaN,NaN,NaN,NaN
19.6408393655924,0.058474983333481,5.0482,NaN,NaN,NaN,NaN,NaN,NaN,NaN,NaN,NaN,NaN,NaN,NaN,NaN,NaN,NaN,NaN,NaN,NaN,NaN,NaN,NaN,NaN,NaN,NaN,NaN,NaN,NaN,NaN,NaN,NaN,NaN,NaN,NaN
19.6711957555036,0.0335791366667134,2.8906,NaN,NaN,NaN,NaN,NaN,NaN,NaN,NaN,NaN,NaN,NaN,NaN,NaN,NaN,NaN,NaN,NaN,NaN,NaN,NaN,NaN,NaN,NaN,NaN,NaN,NaN,NaN,NaN,NaN,NaN,NaN,NaN,NaN
19.7013399359264,0.0477375300000664,4.1094,NaN,NaN,NaN,NaN,NaN,NaN,NaN,NaN,NaN,NaN,NaN,NaN,NaN,NaN,NaN,NaN,NaN,NaN,NaN,NaN,NaN,NaN,NaN,NaN,NaN,NaN,NaN,NaN,NaN,NaN,NaN,NaN,NaN
19.7312683828473,0.052073759999287,4.5216,NaN,NaN,NaN,NaN,NaN,NaN,NaN,NaN,NaN,NaN,NaN,NaN,NaN,NaN,NaN,NaN,NaN,NaN,NaN,NaN,NaN,NaN,NaN,NaN,NaN,NaN,NaN,NaN,NaN,NaN,NaN,NaN,NaN
19.760689373955,0.052832990000626,4.6686,NaN,NaN,NaN,NaN,NaN,NaN,NaN,NaN,NaN,NaN,NaN,NaN,NaN,NaN,NaN,NaN,NaN,NaN,NaN,NaN,NaN,NaN,NaN,NaN,NaN,NaN,NaN,NaN,NaN,NaN,NaN,NaN,NaN
19.7915877996115,0.0567520800002081,4.9136,NaN,NaN,NaN,NaN,NaN,NaN,NaN,NaN,NaN,NaN,NaN,NaN,NaN,NaN,NaN,NaN,NaN,NaN,NaN,NaN,NaN,NaN,NaN,NaN,NaN,NaN,NaN,NaN,NaN,NaN,NaN,NaN,NaN
19.8310208943395,0.0634013333327351,5.4344,NaN,NaN,NaN,NaN,NaN,NaN,NaN,NaN,NaN,NaN,NaN,NaN,NaN,NaN,NaN,NaN,NaN,NaN,NaN,NaN,NaN,NaN,NaN,NaN,NaN,NaN,NaN,NaN,NaN,NaN,NaN,NaN,NaN
19.8609396703529,0.055461919999599,4.7812,NaN,NaN,NaN,NaN,NaN,NaN,NaN,NaN,NaN,NaN,NaN,NaN,NaN,NaN,NaN,NaN,NaN,NaN,NaN,NaN,NaN,NaN,NaN,NaN,NaN,NaN,NaN,NaN,NaN,NaN,NaN,NaN,NaN
19.8816191300158,0.0431091866668743,3.7432,NaN,NaN,NaN,NaN,NaN,NaN,NaN,NaN,NaN,NaN,NaN,NaN,NaN,NaN,NaN,NaN,NaN,NaN,NaN,NaN,NaN,NaN,NaN,NaN,NaN,NaN,NaN,NaN,NaN,NaN,NaN,NaN,NaN
19.9213256046523,0.0581020000001467,5.016,NaN,NaN,NaN,NaN,NaN,NaN,NaN,NaN,NaN,NaN,NaN,NaN,NaN,NaN,NaN,NaN,NaN,NaN,NaN,NaN,NaN,NaN,NaN,NaN,NaN,NaN,NaN,NaN,NaN,NaN,NaN,NaN,NaN
19.9607326490293,0.076387626666733,5.4304,NaN,NaN,NaN,NaN,NaN,NaN,NaN,NaN,NaN,NaN,NaN,NaN,NaN,NaN,NaN,NaN,NaN,NaN,NaN,NaN,NaN,NaN,NaN,NaN,NaN,NaN,NaN,NaN,NaN,NaN,NaN,NaN,NaN
19.9979039266855,0.0583987133336146,5.0708,NaN,NaN,NaN,NaN,NaN,NaN,NaN,NaN,NaN,NaN,NaN,NaN,NaN,NaN,NaN,NaN,NaN,NaN,NaN,NaN,NaN,NaN,NaN,NaN,NaN,NaN,NaN,NaN,NaN,NaN,NaN,NaN,NaN
20.0254781817191,0.0540470700001982,4.6794,1.59,683.978586621768,7.39673390970221,242,146,85,64,40,31,30,28,18,18,26,23,20,19,25,20,30,25,27,24,23,17,18,17,6,9,3,4,3,5
20.0502660066991,0.0507234999994175,4.43,1.55,744.132958196867,6.04838709677419,280,207,128,66,62,49,30,26,31,22,31,26,24,14,16,28,27,31,29,23,15,12,19,11,10,13,6,1,3,5
20.0881944521351,0.0584593333338498,5.0108,1.54,584.253549512257,6.81034482758621,264,168,132,48,51,34,33,36,30,25,18,24,27,9,29,22,23,31,30,29,18,27,18,9,12,6,2,3,2,7
20.1179502075926,0.0450884933332609,3.9436,1.56,668.806833219596,6.08614232209738,243,164,103,57,67,39,21,33,22,19,20,19,14,17,17,28,21,35,25,22,17,16,16,11,10,6,2,2,2,9
20.1508494326293,0.0393915266666328,3.3716,1.55,889.492554818297,6.88405797101449,250,179,106,48,57,28,33,24,24,30,27,16,15,22,13,28,22,42,30,14,20,18,18,11,9,13,3,2,2,4
20.1864712819608,0.0523646666665826,4.58,1.55,627.250868372919,6.06060606060606,221,130,102,53,38,36,25,37,32,23,19,24,21,16,15,30,13,25,34,19,17,14,12,11,8,3,4,4,4,7
20.2113960044423,0.0456733200001675,3.9544,1.55,379.362684533776,7.66609880749574,146,81,42,30,26,25,9,15,12,16,8,19,11,12,9,18,16,14,13,10,10,16,9,11,5,0,2,1,1,1
20.2510346316666,0.0474811733332031,4.1408,1.55,456.765011591381,5.98958333333333,165,126,78,38,28,27,15,23,18,18,17,18,12,13,13,16,14,19,24,17,23,13,11,11,6,2,0,0,3,3
20.2720298513672,0.0578003399993914,4.9402,1.58,463.864320809467,5.75692963752665,210,146,94,55,41,28,27,15,29,22,20,13,18,15,16,28,16,23,30,16,22,14,14,13,4,3,1,1,4,8
20.304073601235,0.0396618100003759,3.4842,1.59,623.22253916945,6.67447306791569,205,142,86,48,36,22,23,30,18,24,21,14,13,16,13,14,11,15,18,18,10,11,18,6,10,6,3,3,0,4
20.3443025654827,0.058358373333218,4.9808,1.59,445.22365223291,5.6969696969697,166,143,84,46,35,30,15,19,20,13,15,23,13,13,15,20,22,23,21,17,25,13,7,10,4,6,1,4,2,3
20.3797782913767,0.0410080799999811,3.5972,1.55,587.238481986373,6.72963400236128,205,131,89,50,35,27,31,20,16,20,20,14,14,9,11,22,13,24,10,14,15,14,16,8,7,7,2,3,0,3
20.4115049068699,0.0574118900000798,4.9422,1.56,405.474616251608,5.68990042674253,160,89,72,40,31,19,25,18,23,24,11,17,16,15,6,17,17,24,12,17,10,11,5,5,4,5,4,5,1,2
20.4410231226411,0.0600562333338319,5.2604,1.55,397.578728517887,5.49199084668192,213,137,93,45,43,32,37,14,21,15,18,25,14,13,12,16,15,20,19,14,10,10,10,9,7,7,2,0,3,2
20.4752677383245,0.0635263199993311,5.4296,1.55,301.483148416999,4.98812351543943,192,144,97,49,34,24,30,24,18,14,15,15,19,14,9,18,16,21,13,20,14,11,13,4,8,3,1,2,0,5
20.5113236054601,0.0596065399999043,5.2134,1.58,334.776227931135,4.63980463980464,201,124,84,38,35,28,29,26,19,21,16,16,19,16,14,13,12,17,21,21,11,7,13,4,7,2,3,0,2,4
20.5417777026642,0.0617890000005459,5.2962,1.58,398.132104748904,4.35684647302905,214,169,126,57,49,30,26,17,20,23,17,22,13,11,10,24,20,21,26,16,11,11,8,5,3,6,3,5,1,3
20.5678436996628,0.0390449466664714,3.3854,1.58,494.334142738509,5.66037735849057,158,95,70,34,32,25,17,16,14,11,13,11,13,16,8,18,2,15,17,7,8,11,4,8,4,1,3,2,3,2
20.5953618893831,0.0582185333332399,5.092,1.56,282.588129516251,4.31547619047619,169,104,66,39,32,23,26,19,9,11,13,18,7,9,9,21,13,22,12,15,6,11,5,5,2,0,2,1,3,1
20.6312272838484,0.0626363733332328,5.4784,1.55,307.85498174549,4.55635491606715,205,175,90,44,39,24,19,26,18,18,14,11,16,10,10,16,12,17,16,7,9,5,9,9,3,8,2,1,1,1
20.6614047112683,0.0621685333339542,5.344,1.53,241.944521529807,4.17246175243394,195,115,67,30,36,27,21,14,15,17,14,14,16,8,8,14,16,9,22,13,18,11,10,2,2,1,2,2,0,2
20.6959980427874,0.0396680533328726,3.3808,1.61,442.266923716845,6.01092896174863,179,123,80,38,38,20,23,11,20,10,16,17,10,7,9,20,7,19,15,11,15,17,10,9,4,2,0,0,2,0
20.7318340623797,0.05192791333325,4.5418,1.58,312.772119532603,4.62130937098845,179,127,72,53,36,26,24,24,20,18,11,19,20,11,8,20,14,17,14,12,18,15,7,3,6,3,1,1,0,2
20.7575951269263,0.0245629566668995,2.1578,1.56,512.21031124519,3.4106412005457,175,109,83,57,28,22,24,19,18,17,14,13,14,16,8,18,12,21,18,8,14,12,4,3,2,2,2,0,0,1
20.7856913420591,0.05157366666618,4.4206,1.51,392.815061195053,6.30630630630631,171,120,69,25,30,16,16,14,9,17,13,16,9,17,5,17,12,12,17,12,7,7,8,6,9,5,6,1,0,1
20.8213760639151,0.0535777199999753,4.6998,1.54,436.877688077661,5.45212765957447,180,109,102,43,38,19,23,7,21,14,18,12,7,16,6,21,21,13,20,13,8,5,9,6,6,8,3,1,3,2
20.8516927635635,0.0635082633332787,5.4358,1.54,275.465984150673,4.4973544973545,205,117,75,45,31,35,21,23,17,27,11,9,15,11,7,17,10,11,16,12,7,10,8,3,5,3,2,1,2,3
20.8815232290726,0.0482846500003444,4.217,1.52,372.680508888918,4.1371158392435,175,154,103,62,38,22,28,21,15,26,23,8,13,19,10,14,14,21,10,20,15,7,8,10,5,2,1,1,1,4
20.9080182621302,0.0526077133332881,4.5028,1.55,382.755545583836,4.80887792848335,207,124,89,47,33,23,17,22,18,17,19,16,17,6,8,18,16,19,23,18,15,8,9,7,4,8,2,0,1,2
20.9356317813676,0.0546951166669933,4.763,1.56,313.272935476272,5.04731861198738,167,86,62,32,27,17,16,16,23,17,18,14,15,6,14,13,13,11,13,7,15,5,10,5,2,6,1,2,1,0
20.9714843168353,0.0543655766659222,4.7206,1.54,429.232791283256,5.2757793764988,163,154,74,42,38,25,32,18,26,18,22,20,16,15,14,20,14,21,24,14,20,8,13,6,7,4,2,3,1,3
21.0012595584874,0.0586816666671538,5.14,1.58,397.179418075221,4.84429065743945,196,153,99,47,40,24,33,24,16,16,18,10,14,12,17,23,15,24,19,9,16,12,10,5,5,2,3,1,4,3
21.0318457760339,0.064240139999873,5.4828,1.55,240.91690896373,5.09193776520509,180,115,76,37,36,23,20,25,10,19,13,11,10,6,8,23,17,16,10,9,7,9,11,9,2,2,1,1,1,5
21.0651186959746,0.0580328399999733,5.0906,1.58,373.255168206056,5.66037735849057,199,116,76,38,45,16,19,20,13,18,13,12,13,14,4,14,16,12,17,12,13,10,8,8,6,4,0,4,2,2
21.1016763796915,0.0445153333337266,3.8156,1.58,496.478388391517,5.09090909090909,192,162,86,57,37,22,19,17,13,15,14,21,14,13,7,16,16,15,13,23,11,7,15,7,3,4,1,2,3,3
21.1315986650847,0.0604512499993731,5.295,1.54,326.809747847199,4.97159090909091,170,111,88,41,28,24,18,14,12,17,17,12,12,14,7,12,17,18,10,10,17,11,7,3,5,3,2,0,4,0
21.1655470331857,0.0511049600005696,4.4056,1.51,403.586418230289,5.43633762517883,159,113,87,39,26,29,20,21,12,10,9,16,14,11,9,10,12,17,19,13,15,7,9,8,4,5,1,1,3,3
21.1978253448927,0.0315575066665089,2.7362,1.54,577.343937965075,4.55665024630542,194,153,102,38,39,21,25,24,20,23,12,11,9,8,7,17,13,16,17,10,16,7,11,6,5,4,3,0,1,3
21.2299467142137,0.0543053100000142,4.6614,1.55,338.600811169086,4.14438502673797,183,128,83,45,35,12,26,16,14,21,20,15,13,9,15,18,18,14,13,5,14,11,5,4,1,4,0,4,2,5
21.2680119409908,0.0597576799991817,5.1888,1.54,284.63579254656,4.63847203274216,180,123,74,52,29,21,18,21,8,8,19,15,12,17,12,20,9,25,11,14,11,9,6,6,2,9,1,1,0,2
21.2965264305513,0.0592368366666157,5.0702,1.58,265.970998144467,3.69318181818182,164,116,75,40,35,22,24,20,16,10,17,17,9,11,11,11,13,25,23,11,8,7,5,5,1,2,3,3,0,6
21.3317752378664,0.0530578799999755,4.6542,1.55,344.454381269765,5.75,185,128,99,40,26,24,22,21,27,20,15,11,12,17,10,23,15,13,16,15,15,12,12,11,6,4,1,0,0,2
21.3682545810887,0.0698696466669245,5.0026,1.54,314.518932398866,4.46808510638298,226,149,103,57,49,45,37,29,13,17,21,13,14,4,15,17,22,25,19,14,9,9,11,3,11,2,3,1,2,2
21.4139922299588,0.077642053334132,5.4422,1.56,349.619990665915,4.86542443064182,220,192,109,46,45,24,30,23,19,22,20,26,12,11,10,25,8,26,20,15,16,7,13,7,6,4,5,1,4,4
21.4529260225141,0.0764263333331872,5.3948,1.55,327.802162309548,4.25531914893617,246,179,118,52,50,37,40,18,25,14,26,19,22,18,9,26,18,16,24,14,19,17,8,5,3,4,1,1,5,2
21.4915631443061,0.0496859733333677,4.3712,1.52,444.669197653739,5.76671035386632,181,121,101,33,36,22,19,20,19,15,9,19,17,14,9,11,15,20,19,7,12,4,12,7,11,4,3,2,1,1
21.5217236282265,0.0582656666661169,4.9942,1.52,325.831143776346,4.40251572327044,180,140,85,60,37,24,27,17,18,14,11,18,14,8,7,14,20,24,20,13,9,6,13,6,2,3,2,0,3,4
21.5520632826907,0.0495520666665871,4.334,1.53,483.23975484083,5.77716643741403,172,114,67,60,22,24,19,20,18,18,8,14,8,13,15,16,12,23,19,12,11,12,6,6,4,5,2,4,3,1
21.5923112864269,0.0621584600000864,5.3508,1.55,287.17239168116,5.48961424332344,159,121,70,40,28,18,24,19,15,13,10,11,11,8,5,14,19,16,14,13,9,12,5,8,6,0,1,5,0,1
21.622002631144,0.051289933333251,4.486,1.5,405.171130909652,6.00255427841635,195,121,88,46,41,27,15,18,22,14,14,18,8,13,5,15,13,13,25,12,13,15,13,8,3,3,1,2,2,1
21.6523011035405,0.0585169200002146,5.0664,1.52,228.237620498967,4.55284552845528,148,115,60,39,33,16,17,14,9,19,9,9,11,12,11,18,14,14,8,5,6,12,4,3,4,2,1,0,2,2
21.6925724050027,0.0625380000005525,5.3604,1.56,330.346168538291,5.36912751677852,200,117,76,57,27,25,18,21,7,18,14,12,14,13,10,18,12,15,11,10,10,8,9,5,8,3,2,4,1,3
21.7319748812412,0.0597380533330346,5.1796,1.55,341.363369489992,4.40324449594438,190,170,94,47,42,23,31,18,23,8,13,22,21,13,14,21,18,14,17,12,14,11,5,7,6,3,4,0,2,3
21.7616639635257,0.0475767599999781,4.1734,1.51,443.47512907884,5.00625782227785,229,143,64,49,33,23,18,19,17,15,6,17,13,10,13,17,13,19,18,14,9,6,15,4,6,4,1,0,4,1
21.822045589037,0.112324986666174,5.1212,1.5,284.128405868167,3.95398993529835,324,241,145,92,64,50,30,46,28,31,32,28,18,25,25,34,21,30,31,22,19,13,10,11,7,7,1,2,4,2
21.8682224248403,0.0528068666670875,3.7496,1.51,365.98641804849,4.3141592920354,208,162,114,47,36,42,29,20,19,23,17,15,21,12,7,24,18,13,16,11,11,11,10,6,6,2,0,2,2,1
21.9092757486402,0.0530253999998363,4.5128,1.5,586.244911241169,7.73263433813892,174,125,62,42,30,18,22,21,19,29,21,17,18,15,9,21,9,16,21,9,6,18,9,11,4,2,4,5,6,1
21.9388813607058,0.0613512666665682,5.366,1.5,311.758187389771,5.67010309278351,164,130,69,50,47,20,18,32,17,21,16,15,13,12,7,17,15,15,23,15,16,15,12,6,5,3,1,1,1,1
21.9693549709586,0.0440016100000612,3.7878,1.5,470.011199031438,5.06134969325153,191,108,62,26,19,20,27,18,8,10,17,19,10,10,7,15,13,13,10,13,3,7,4,5,4,4,3,2,4,6
21.9988684359079,0.0447528466669339,3.8972,1.49,454.383148219504,4.64240903387704,169,133,92,42,37,22,32,16,24,26,17,16,13,9,13,19,22,20,16,8,14,9,8,4,8,2,1,4,1,1
22.0292107421442,0.0624761933329511,5.4014,1.49,263.450121222638,4.70016207455429,149,92,56,37,31,26,18,14,18,11,14,15,12,9,8,22,8,17,11,8,12,5,6,5,5,3,2,2,1,2
22.0589727096381,0.0571835900004079,4.9942,1.51,369.716894468257,5.06329113924051,202,141,75,48,40,25,22,25,16,10,15,14,14,14,7,15,15,16,19,5,12,11,11,3,5,2,3,2,3,0
22.1001983135437,0.0489934933333261,4.1056,1.51,407.012052428574,4.4280442804428,200,141,69,34,40,30,29,22,16,17,14,17,14,8,13,20,20,23,20,15,15,5,12,8,2,4,3,0,2,1
22.1359301389888,0.0677996799994019,4.8894,1.58,304.492080411607,4.7180667433832,214,153,99,49,24,25,22,21,17,15,15,17,14,14,10,16,16,35,28,13,11,12,9,9,4,2,2,1,2,1
22.1681023383466,0.0477042999998151,4.1482,1.52,447.515728886904,5.1487414187643,209,122,93,53,46,29,20,23,22,14,21,15,22,18,14,19,17,26,17,8,21,12,11,10,4,3,3,1,1,4
22.2128413047177,0.0708388066669648,4.9828,1.53,312.902315905608,6.6577896138482,182,133,81,29,48,15,14,15,14,20,22,9,14,11,10,17,15,19,10,11,12,13,12,7,8,3,4,2,1,1
22.2424472672366,0.0542232000001003,4.7844,1.52,429.323979423943,5.16605166051661,191,156,73,41,29,29,19,16,15,18,12,15,12,11,14,25,19,18,19,22,17,9,9,5,7,4,4,4,0,3
22.2771985722921,0.0559400400004302,4.7812,1.53,470.937448002158,5.33175355450237,195,131,86,52,47,35,24,13,19,15,13,15,15,14,15,24,21,19,14,17,15,10,13,7,1,5,2,1,6,2
22.3258658365506,0.0682345866656919,4.8508,1.55,366.814115202041,7.53768844221106,177,132,83,39,38,30,28,22,16,9,13,14,9,11,11,24,10,28,19,11,12,16,12,14,10,3,2,0,3,4
22.3592983092885,0.0602966866670267,5.2508,1.53,387.925220578675,5.48271752085816,177,151,93,39,47,27,22,12,15,23,16,15,19,21,14,29,15,14,16,17,11,10,11,7,5,7,3,1,2,2
22.3890977740059,0.0595400999997693,5.1774,1.51,395.2818404474,5.47588005215124,194,135,65,46,37,36,23,19,22,12,14,18,8,12,9,18,13,9,13,9,13,7,12,2,8,5,1,4,3,3
22.4192929362415,0.0445379500000116,3.823,1.52,379.165747511591,4.18006430868167,137,103,70,35,34,23,19,8,20,9,20,12,8,10,12,14,12,6,21,10,13,9,5,2,3,0,3,0,4,1
22.4555568509964,0.0463608000003849,4.0608,1.56,397.430927975308,6.28654970760234,167,116,69,36,29,20,11,17,17,4,15,9,19,12,10,18,20,15,15,15,7,9,10,9,9,2,3,1,0,1
22.4897954710111,0.0524603333328383,4.4966,1.56,411.367263601805,4.84472049689441,185,143,77,38,43,20,26,17,20,19,19,14,19,12,6,26,16,16,20,20,10,10,6,8,4,4,4,1,2,3
22.5259046285162,0.0619810833338479,5.429,1.53,291.810101605243,4.95185694635488,149,133,70,54,37,26,21,16,12,15,15,14,10,11,8,19,18,19,19,11,14,11,5,7,6,3,2,1,1,0
22.5658183462549,0.063912333333898,5.4782,1.52,373.433444202964,5.95533498759305,196,127,67,50,28,36,29,22,19,19,23,12,14,9,10,19,19,18,14,13,14,14,10,7,5,6,2,0,4,3
22.6063183317115,0.0628491866660453,4.4312,1.52,288.451589075351,4.09638554216868,191,146,100,43,40,29,18,18,17,16,17,17,23,9,13,14,17,17,20,21,10,5,11,5,6,2,4,1,0,0
22.6363616433808,0.0621869999999713,5.455,1.58,259.193410583482,4.84076433121019,176,155,84,40,41,36,12,17,20,20,24,8,13,9,9,17,12,19,11,12,12,12,9,6,6,2,3,0,0,3
22.6752852188705,0.0631890000005583,5.4162,1.51,305.129637959239,5.00544069640914,222,167,96,44,36,28,28,26,19,21,15,17,16,15,13,13,16,22,24,13,22,22,7,9,0,6,1,1,0,3
22.7063937208293,0.0594715199999726,5.2168,1.56,195.673502039899,3.16666666666667,154,108,53,32,27,16,20,14,10,10,13,11,16,9,7,21,17,15,15,7,6,3,4,4,3,2,2,1,0,1
22.7364985270719,0.0595686433332821,5.0986,1.56,365.317052175433,4.14847161572052,233,150,89,47,41,34,32,22,19,23,19,19,14,11,11,30,14,27,19,15,9,9,9,6,3,5,1,3,2,4
22.7730656215181,0.0737268000002023,5.2662,1.65,234.659373051672,4.96551724137931,170,115,82,35,37,20,20,14,20,10,22,14,16,7,15,12,15,12,23,14,16,10,6,11,4,1,2,2,0,3
22.802870895172,0.0634836166656588,5.4806,1.57,323.562784677144,5.54838709677419,182,123,68,38,38,23,27,29,19,17,17,17,13,16,15,18,12,21,18,18,3,14,7,7,4,5,2,4,0,3
22.834184273306,0.0585908166668146,5.0582,1.56,383.750681722462,5.08108108108108,211,153,99,71,47,28,21,22,23,17,18,20,15,13,13,23,21,23,25,8,7,12,14,5,6,5,1,2,2,2
22.8800612400475,0.0589981866666083,4.1744,1.57,373.877752346402,5.21642619311876,207,147,117,56,34,28,16,25,31,28,19,17,15,16,18,21,14,19,11,8,7,10,13,9,8,1,2,1,3,3
22.9095603139776,0.0517850666672803,4.576,1.56,350.713955647253,4.34782608695652,207,114,89,43,26,26,21,21,9,16,13,10,12,10,10,20,18,16,22,9,14,9,11,2,3,3,1,2,2,2
22.9424801852971,0.0533462799997333,4.6254,1.53,483.414742537302,4.96688741721854,208,143,112,53,46,30,26,21,27,23,21,20,10,15,12,15,11,17,19,17,15,6,12,7,8,3,3,3,3,1
22.9867086339128,0.0768323999995035,5.3604,1.56,341.250414737215,6.24203821656051,190,122,83,47,33,21,27,25,22,16,15,17,7,8,15,24,10,15,17,13,9,7,12,11,5,5,2,3,4,0
23.0167379192932,0.0591083333341302,5.125,1.53,358.092310410361,5.62060889929742,199,154,107,40,34,29,24,15,15,10,18,12,15,20,14,24,20,15,14,18,9,12,13,8,6,4,4,0,1,1
23.0464898481756,0.0353574166663,3.097,1.51,743.501863814704,5.18763796909492,204,156,112,68,45,27,24,24,22,22,18,15,11,13,10,13,15,18,18,13,11,8,9,10,6,3,5,3,3,0
23.0819010909662,0.045570506667281,3.9512,1.53,340.167321179524,3.23624595469256,139,96,75,40,38,20,19,11,17,10,14,11,10,12,7,7,12,13,15,17,15,3,3,4,2,4,1,0,3,3
23.1161462945159,0.0525109866660055,4.5728,1.56,300.750761919629,5.68990042674253,172,118,63,29,34,32,16,22,14,13,12,15,12,13,8,20,19,20,13,9,9,15,10,8,4,1,0,1,1,2
23.1603121991952,0.0762950999999952,5.411,1.5,277.32833466814,5.23751522533496,189,130,81,58,41,29,25,22,12,14,21,12,23,13,9,20,16,19,22,12,10,8,14,6,5,6,1,1,2,4
23.1933247101018,0.0587708533334544,4.9526,1.51,335.182168146114,4.91803278688525,176,144,88,53,44,28,24,11,26,16,13,17,12,7,13,18,11,19,9,13,12,6,7,9,5,7,4,1,0,2
23.2230406683963,0.0446894900004764,3.9374,1.5,458.666633614479,4.85933503836317,175,153,69,42,35,22,21,25,17,13,16,20,12,12,17,19,19,23,18,10,6,12,4,7,6,3,2,1,3,2
23.270917043716,0.064422520000056,4.5798,1.51,345.219716206133,4.35835351089588,203,128,90,48,39,29,20,21,17,22,17,16,7,7,10,21,13,21,23,16,22,14,4,5,3,1,4,2,3,1
23.305379048656,0.0481426499992356,4.1562,1.5,434.389940256769,5.72916666666667,175,139,82,43,27,18,26,22,11,16,19,7,11,18,13,24,13,20,23,7,10,15,8,8,3,3,4,1,2,1
23.3379529493958,0.0536577666673272,4.639,1.48,388.921605236529,4.77897252090801,188,149,98,56,32,20,26,18,16,15,16,11,21,18,8,22,24,13,20,15,11,9,9,7,6,3,4,0,2,1
23.3724246516299,0.0520200000000962,4.59,1.5,316.941191349772,4.858934169279,137,123,69,37,24,21,22,11,14,17,19,9,12,7,8,19,16,14,14,5,9,7,6,4,7,2,3,0,2,3
23.4097340433562,0.0546842966667427,4.7074,1.5,412.928968600287,4.45783132530121,180,151,83,38,38,33,20,31,16,18,14,19,12,14,11,26,19,33,14,17,6,9,7,5,4,3,3,4,2,2
23.4521316488135,0.074547159999789,5.2498,1.53,332.080393239813,5.39273153575615,217,137,89,50,38,23,28,22,18,15,6,16,9,8,6,24,16,25,24,17,19,11,8,6,10,4,3,2,2,2
23.4863945063193,0.0470732399994594,4.1112,1.5,648.788094089165,6.10859728506787,212,136,90,56,40,30,25,17,14,15,19,22,11,15,12,27,18,26,21,12,12,9,10,6,9,10,4,2,4,4
23.5052119233156,0.0578676799998412,5.0466,1.49,710.846409657915,6.93333333333333,253,178,113,52,63,25,34,29,22,28,19,16,23,19,22,37,24,19,22,29,20,21,10,15,12,2,9,4,5,8
23.5241932605901,0.0580045200007141,5.0148,1.5,452.651120376301,6.01226993865031,192,127,91,42,32,26,24,19,20,17,15,14,18,7,15,11,16,21,28,14,17,13,12,9,3,2,2,5,3,7
23.5430645168994,0.0608073999997644,5.2876,1.5,728.257367154535,6.82392586352148,261,211,141,67,56,28,27,27,27,24,15,24,20,21,10,30,21,25,32,16,23,15,16,12,10,11,7,4,6,7
23.562289971324,0.0609032333332129,5.198,1.47,402.544200323579,4.58715596330275,220,173,109,55,46,28,24,25,24,13,23,19,17,14,14,25,27,27,27,12,14,13,9,3,8,5,4,1,2,4
23.5812986498978,0.0495766666667919,4.28,1.5,751.035979324892,6.4957264957265,251,196,132,71,61,31,27,34,20,33,27,17,20,24,17,28,18,28,27,12,20,20,18,11,6,11,3,1,6,6
23.6042458720496,0.0492688766664496,3.5234,1.41,754.252363455504,4.84126984126984,265,219,148,81,64,36,33,33,26,26,28,22,18,18,20,29,21,34,31,20,27,18,8,12,6,4,1,6,6,3
23.6230326577362,0.0565423900004033,4.9382,1.47,485.425982277002,5.47409579667644,230,173,116,60,47,33,26,25,30,24,22,22,17,11,9,31,17,16,24,16,18,18,13,5,7,5,4,1,3,6
23.6421527437255,0.0503093600000132,4.3184,1.45,772.825198955411,6.24417520969245,235,196,99,50,43,38,25,32,20,17,23,21,22,16,16,26,27,29,19,26,26,15,16,10,8,3,4,3,8,4
23.6610513637852,0.0618283766669644,5.3686,1.49,403.975748513375,7.03781512605042,194,154,99,60,50,34,23,41,15,22,23,18,15,11,12,21,16,30,26,9,12,21,18,12,8,4,2,2,0,1
23.6799500284673,0.0431529499994091,3.747,1.45,808.16692616693,7.41733690795353,270,176,115,72,46,29,31,26,23,20,14,24,18,11,20,22,33,32,25,15,14,23,16,13,13,10,5,2,1,5
23.7030043596135,0.0667515500005955,4.751,1.42,412.583345960105,5.12315270935961,255,157,109,43,41,39,26,28,15,26,22,18,16,11,19,28,21,29,25,20,15,11,12,8,8,5,3,4,1,7
23.7220941909507,0.0510819666662408,4.391,1.45,498.141283745731,5.17423442449842,252,153,92,38,32,33,31,26,24,22,17,24,15,17,8,21,31,24,16,11,11,14,10,5,5,8,3,1,3,5
23.741075069855,0.0531095066673205,4.5916,1.45,641.710576645336,6.67320902845927,248,160,104,51,43,34,33,25,26,19,15,16,17,18,15,18,21,30,26,16,16,22,14,7,7,7,2,4,5,2
23.7600806111611,0.0556810833324493,4.807,1.43,435.455563746979,4.70588235294118,194,157,95,48,37,22,23,18,13,27,13,19,17,13,11,23,15,14,29,14,8,9,9,7,3,1,2,7,2,1
23.7787898484157,0.0557551199999743,4.8908,1.45,642.008437552169,6.4390243902439,237,165,95,51,62,32,29,26,24,22,21,26,18,16,12,19,23,23,27,17,14,8,18,11,11,7,2,3,6,1
23.797988715258,0.0588042000004522,5.026,1.46,385.478317274951,6.31970260223048,194,106,91,48,34,24,23,22,20,14,23,10,11,11,19,16,29,15,24,13,9,21,8,4,9,3,3,1,2,2
23.8167780401182,0.0498853600003558,4.3568,1.46,592.956111716974,6.1262959472196,252,199,112,56,46,40,24,21,14,20,19,16,15,18,15,26,21,24,27,18,13,12,20,14,8,5,2,0,4,4
23.8401340209783,0.0459252733331613,3.2266,1.42,673.381411196098,7.04070407040704,190,141,95,52,38,35,21,26,25,21,16,13,19,20,12,25,17,22,25,17,15,21,16,6,7,5,2,1,6,7
23.8587049051946,0.0169795266668679,1.5004,1.47,1032.70187519251,6.19469026548673,188,103,52,32,34,24,18,17,13,16,20,14,11,12,11,14,3,15,20,11,8,13,9,7,6,2,4,1,0,3
23.8821152189721,0.0619201866663784,4.3402,1.45,166.909603502754,9.12863070539419,69,33,11,8,9,10,8,10,6,6,5,4,3,5,2,4,7,7,4,5,3,5,3,7,0,4,0,2,1,2
23.9010963918064,0.0204359866669182,1.7668,1.47,587.03561504027,5.16351118760757,147,88,45,32,22,16,16,19,11,14,10,15,13,10,10,17,7,20,15,14,10,11,8,5,5,1,0,0,0,2
23.9429962673847,0.0180914500001442,1.2846,1.53,773.084929166266,6,120,65,29,22,24,20,9,7,15,16,15,11,9,5,5,7,8,8,12,7,9,7,4,4,4,2,5,0,1,1
23.9620595143193,0.0571609700000795,4.9206,1.61,215.994146676085,5.18358531317495,120,59,38,20,14,17,13,11,9,16,7,8,11,9,7,13,13,14,17,14,9,8,5,4,3,1,2,0,1,2
23.9810649369428,0.0474175333334531,4.0936,1.7,702.830068505242,7.51269035532995,253,149,72,51,25,27,34,15,24,15,19,29,23,15,15,29,23,26,28,20,19,22,18,10,11,5,2,2,4,4
24.0082806247844,0.0698158333332579,4.21,1.99,742.921775800109,7.55148741418764,303,219,127,58,56,37,43,33,21,26,29,23,26,15,18,28,30,44,19,26,31,25,13,25,9,7,6,6,8,4
24.0315823804267,0.0668819999998107,4.71,2.24,758.272734341787,7.82548476454294,311,237,147,89,67,38,37,37,34,30,18,30,20,26,23,33,29,38,35,32,20,28,27,18,15,9,8,4,4,7
24.0549108879955,0.0713932566669671,5.0218,2.38,734.574784644529,6.86922060766182,352,254,143,78,57,48,42,41,27,24,32,28,25,20,14,31,37,48,42,35,32,20,27,20,16,5,5,4,7,18
24.0780477136861,0.0537914999999966,3.815,2.39,907.24180173779,9.67472894078399,273,167,113,65,57,34,29,20,22,24,30,26,21,21,19,34,23,27,37,22,19,35,22,20,18,7,4,5,5,10
24.0968373697903,0.0562584299993539,4.9134,2.43,738.775774422215,7.14285714285714,270,185,118,68,56,24,39,33,27,27,25,23,21,25,16,31,18,43,36,18,28,25,14,13,13,11,5,3,3,7
24.1201673473319,0.0572391433335742,4.0262,2.47,843.717700187962,7.57002271006813,285,201,131,75,74,47,36,28,23,30,25,19,24,23,18,41,25,37,28,25,26,25,23,13,15,9,5,4,6,6
24.1391486129639,0.0608961866662941,5.2648,NaN,NaN,NaN,NaN,NaN,NaN,NaN,NaN,NaN,NaN,NaN,NaN,NaN,NaN,NaN,NaN,NaN,NaN,NaN,NaN,NaN,NaN,NaN,NaN,NaN,NaN,NaN,NaN,NaN,NaN,NaN,NaN,NaN
24.1580180672642,0.0543949999997892,4.73,NaN,NaN,NaN,NaN,NaN,NaN,NaN,NaN,NaN,NaN,NaN,NaN,NaN,NaN,NaN,NaN,NaN,NaN,NaN,NaN,NaN,NaN,NaN,NaN,NaN,NaN,NaN,NaN,NaN,NaN,NaN,NaN,NaN
24.1812635374538,0.0683485000008977,4.8246,NaN,NaN,NaN,NaN,NaN,NaN,NaN,NaN,NaN,NaN,NaN,NaN,NaN,NaN,NaN,NaN,NaN,NaN,NaN,NaN,NaN,NaN,NaN,NaN,NaN,NaN,NaN,NaN,NaN,NaN,NaN,NaN,NaN
24.2000019277748,0.0379215999996068,3.3216,NaN,NaN,NaN,NaN,NaN,NaN,NaN,NaN,NaN,NaN,NaN,NaN,NaN,NaN,NaN,NaN,NaN,NaN,NaN,NaN,NaN,NaN,NaN,NaN,NaN,NaN,NaN,NaN,NaN,NaN,NaN,NaN,NaN
