Depth_cm_,FlowThrough_mL_,FlowRate_mL_min_,Conductivity__S_,DustConcentration__12_m_,CPP__4_5_m__10_m_,1,1.1,1.2,1.3,1.4,1.5,1.6,1.7,1.8,1.9,2,2.1,2.2,2.3,2.4,2.5,2.7,2.9,3.2,3.6,4,4.5,5.1,5.7,6.4,7.2,8.1,9,10,12
1.83173121716282,0.026169009999962,1.8494,2,0,NaN,0,0,0,0,0,0,0,0,0,0,0,0,0,0,0,0,0,0,0,0,0,0,0,0,0,0,0,0,0,0
1.86671376254802,0.0523797866668888,4.5416,2.01,0,NaN,0,0,0,0,0,0,0,0,0,0,0,0,0,0,0,0,0,0,0,0,0,0,0,0,0,0,0,0,0,0
1.91324373013517,0.0478839899997338,4.1458,2.01,0,NaN,0,0,0,0,0,0,0,0,0,0,0,0,0,0,0,0,0,0,0,0,0,0,0,0,0,0,0,0,0,0
2.00623526893348,0.0584499000000008,1.978,2,0,NaN,0,0,0,0,0,0,0,0,0,0,0,0,0,0,0,0,0,0,0,0,0,0,0,0,0,0,0,0,0,0
2.03974124589526,0.0366428399999468,2.5896,2.01,60.8507940292665,3.35570469798658,40,19,11,14,4,6,6,2,5,2,3,3,0,5,6,6,1,2,6,1,2,2,1,2,0,0,0,0,0,1
2.06476024545248,0.0175851000001352,1.503,2.01,444.719105832368,4,94,39,17,15,19,8,11,12,11,3,6,11,9,4,6,7,8,10,9,7,6,4,3,1,1,1,2,1,0,0
2.08761717820188,0.0269697299998803,2.3418,2.01,342.506317104718,6.13718411552347,65,39,20,11,9,12,8,11,4,8,8,7,10,2,5,8,6,10,13,3,1,3,3,3,2,3,2,0,1,0
2.10956613976634,0.0208413333333271,1.7864,2,356.501320926223,6.30252100840336,73,26,13,10,13,10,3,11,3,9,4,5,6,5,4,9,3,6,4,4,2,4,4,1,2,1,2,0,1,1
2.14134763358301,0.0163519599999661,1.1764,2,378.467528419418,4.3731778425656,91,44,23,13,16,17,7,13,14,7,6,10,10,7,7,11,6,11,10,5,0,6,4,2,1,2,0,0,0,0
2.16986773077445,0.0754266866670754,6.4102,2,93.1755302168155,4.97737556561086,67,21,20,11,8,9,7,7,5,3,7,2,2,5,5,3,7,4,7,7,3,4,1,2,1,0,0,2,1,0
2.19471436750737,0.0736058699997564,6.4098,1.98,137.441037348417,5.0131926121372,109,42,18,11,20,9,10,13,15,9,10,19,7,8,7,5,9,11,13,8,7,5,4,4,3,0,2,0,1,0
2.22189512219932,0.0215929933332987,1.8886,1.98,489.578750412554,5.26315789473684,117,40,25,21,9,13,11,5,4,6,9,11,8,7,4,12,9,9,9,8,5,4,6,2,1,2,2,1,1,0
2.24971174945536,0.0381419999999459,3.26,1.96,209.455143250095,3.38164251207729,132,41,26,22,10,21,12,10,9,10,4,15,8,9,4,7,12,15,15,10,8,3,5,4,1,0,0,1,0,0
2.28072057664167,0.0155592666666729,1.1048,1.96,920.690423173756,5.8252427184466,140,60,31,24,25,23,11,21,9,8,14,13,9,11,10,18,11,9,17,9,12,5,8,9,2,4,1,0,1,0
2.30677095831169,0.0410501000000165,2.9148,1.95,434.310866103469,6.12535612535613,185,89,45,35,30,23,31,21,21,19,12,14,9,11,8,21,19,27,21,7,11,12,10,13,3,2,1,2,0,1
2.33495819158993,0.0132531733334202,1.1558,1.95,1068.90001320253,6.70995670995671,132,53,45,14,22,10,12,12,6,6,9,10,7,7,9,15,9,14,16,15,8,8,6,4,5,6,2,0,0,0
2.36615291579056,0.0232173199999663,1.6408,1.93,657.411471599274,6.21019108280255,172,63,45,36,31,20,28,20,17,14,18,14,16,4,12,14,10,18,13,13,11,19,4,7,5,3,0,0,1,0
2.39669161841966,0.0547012399998451,3.8522,1.93,235.187774109749,6.38297872340426,107,46,28,14,15,7,19,16,7,7,8,10,3,14,4,5,10,10,7,7,8,4,8,5,1,2,1,0,3,0
2.4259719638069,0.0421377066669427,3.6748,1.91,294.196496244886,4.38095238095238,153,64,48,19,20,11,16,14,15,12,10,13,12,10,15,14,8,18,16,10,4,7,7,2,3,1,1,0,2,0
2.44742151465703,0.015279146666628,1.3022,1.91,759.618407104022,5.82120582120582,135,62,38,16,18,27,11,11,8,11,15,11,9,8,6,10,8,14,10,13,12,8,9,4,4,2,1,0,0,0
2.5284606710521,0.0387986800000337,2.7582,1.9,258.256033852917,5.75539568345324,131,39,35,15,19,15,13,16,9,12,11,11,3,3,6,13,7,8,13,4,10,2,11,5,2,4,0,0,0,0
2.55315206267669,0.0182637233333587,1.5722,1.9,637.059941720371,8.09968847352025,83,40,18,9,19,8,12,8,3,9,8,7,4,7,5,7,11,9,11,11,6,4,8,7,3,2,0,1,1,0
2.58155714013698,0.0898440299995212,6.4098,1.9,82.1171357625764,2.92553191489362,94,50,31,26,9,13,5,14,7,19,8,8,2,8,10,9,13,13,14,4,8,2,5,1,1,0,1,1,0,0
2.61178709002817,0.0687441533335907,4.8298,1.9,195.403082418955,5.69620253164557,134,51,27,16,20,22,14,14,10,15,11,10,9,9,2,21,4,18,21,9,10,11,6,2,3,2,0,2,1,1
2.63464435843572,0.0395908400000714,2.8212,1.91,168.800984378471,3.21637426900585,113,38,25,15,10,14,13,7,9,9,6,3,7,6,4,13,6,13,7,6,7,2,2,3,3,0,0,1,0,1
2.66067626726866,0.0277873800000229,2.3886,1.91,417.336114492069,6.42398286937901,139,47,39,28,22,23,9,14,11,11,11,6,5,7,10,12,10,11,12,6,4,12,6,6,2,2,1,0,1,1
2.72090910623216,0.0305294499999197,1.0262,1.98,619.476624909744,4.59893048128342,285,108,73,45,48,34,32,27,19,18,27,21,12,7,21,17,26,20,15,18,19,19,7,8,4,3,0,2,0,0
2.75136674823301,0.0456818599999337,3.2284,1.98,200.571249726216,3.71428571428571,103,43,23,16,17,11,14,12,11,8,6,5,6,5,10,12,9,6,4,8,8,1,5,2,1,1,1,0,2,0
2.78089103542758,0.0225448333334598,1.5914,2,484.963325813877,3.54906054279749,131,50,31,25,26,19,14,17,19,8,14,8,12,8,8,12,8,20,14,6,12,3,5,1,5,0,1,2,0,0
2.79735241292517,0.0234801800001131,2.0388,2.01,413.871563548454,4.3956043956044,138,54,35,17,16,12,16,12,18,7,11,11,8,3,10,10,15,12,19,5,6,5,6,2,5,1,0,1,0,0
2.82618929242327,0.0209326666666266,1.4776,2.03,701.979508397509,8.67579908675799,114,65,39,23,15,12,15,10,5,7,12,6,7,12,6,6,11,10,16,2,7,13,5,5,10,2,1,2,0,1
2.84747458397569,0.0898440300002043,6.4098,2.03,107.486254915716,5.20833333333333,111,47,28,18,15,13,14,8,11,7,10,12,5,6,4,7,15,7,13,7,6,8,6,3,0,1,0,0,2,0
2.92637999415796,0.0346181866666324,2.4494,2.05,397.512827893289,6.6193853427896,114,55,31,22,22,12,13,13,12,11,9,13,3,5,12,11,3,8,9,10,7,7,3,6,5,3,2,1,1,0
2.95576715962676,0.0236029400000731,2.0406,2.06,325.950993539631,2.60115606936416,103,39,20,18,10,17,11,10,10,11,6,3,8,4,6,18,5,14,11,4,9,2,1,3,0,1,0,1,1,1
3.01196898268157,0.0375471666665712,2.698,2.06,370.751756977529,6.66666666666667,136,58,23,19,17,17,21,10,15,14,9,10,7,11,12,13,8,16,15,6,11,9,7,7,3,3,2,1,0,0
3.03689021131884,0.0335310300000088,2.8782,2.05,273.228019001862,6.54205607476636,90,35,18,11,18,13,13,9,6,7,6,5,8,6,6,9,6,13,11,5,5,9,5,2,1,0,3,1,0,1
3.0581541026179,0.0246392866666082,1.7372,2.03,517.282001081809,5.51558752997602,119,50,30,17,21,15,18,10,7,9,9,11,8,8,5,9,11,12,12,5,8,7,3,5,3,0,2,1,2,0
3.1159873083921,0.0763870900001404,2.5734,1.98,355.886289854982,4.92610837438424,303,131,68,40,36,34,31,37,23,21,25,22,14,26,17,37,13,25,33,12,17,13,8,8,9,2,6,3,1,0
3.14017252997061,0.0337736399999844,2.9626,1.96,243.643184258597,6.02739726027397,119,42,28,12,13,14,8,9,8,11,13,9,5,5,3,6,5,9,9,8,7,8,7,3,2,1,1,0,0,0
3.16103892440382,0.0358340666666199,2.4856,1.95,185.235549938085,3.35195530726257,109,49,20,13,18,17,6,9,13,7,12,9,7,4,4,7,8,8,13,7,6,2,5,2,1,1,1,0,0,1
3.19428617958111,0.024926133333355,1.772,1.93,404.332117175408,4.86725663716814,144,44,34,21,22,17,15,10,14,9,8,8,11,8,8,11,10,12,8,10,6,6,7,4,2,2,0,0,1,1
3.21090082986068,0.0291823999998869,2.5376,1.91,358.301571758692,3.94366197183099,106,28,25,17,17,9,16,13,9,8,7,10,6,6,3,9,15,6,12,5,14,1,2,5,2,1,1,0,2,0
3.23092734285877,0.0330813333335501,2.885,1.91,247.550084278487,5.53745928338762,88,31,25,17,13,11,8,8,10,6,9,4,6,3,6,6,9,9,10,6,5,4,2,2,6,2,1,0,0,0
3.26143857190473,0.0190579166666591,1.325,1.91,539.511322790513,6.01092896174863,107,47,25,17,15,10,9,8,10,6,3,7,9,9,9,15,6,12,10,6,4,5,7,4,2,2,0,1,1,0
3.28969117592815,0.0217014066665811,1.5538,1.9,638.261634973963,5.51724137931035,131,57,34,11,18,16,8,20,9,9,12,7,2,8,5,14,13,12,12,8,5,5,3,1,4,8,1,1,1,0
3.31275412669139,0.0376587599999827,3.3034,1.9,220.481345710044,7.75193798449612,78,23,18,16,12,8,12,8,2,1,9,5,4,6,3,4,4,13,5,3,4,8,2,4,2,2,0,2,0,0
3.33519796515711,0.0145829900000887,1.0306,1.9,626.319597755022,5.35211267605634,102,53,27,13,18,9,4,13,6,5,11,8,5,5,9,8,9,10,8,6,7,4,3,6,4,1,0,0,1,1
3.36171912739813,0.0158876666666619,1.3618,1.9,407.54889576189,4.45859872611465,113,45,18,9,16,13,10,6,9,4,9,6,3,6,6,1,6,6,5,2,7,7,2,2,1,0,0,2,0,0
3.3933242036101,0.0170572266666028,1.1984,1.9,449.5611837996,4.89510489510489,101,33,22,15,10,7,6,9,4,7,1,11,5,4,4,5,5,6,10,2,5,3,2,3,1,2,2,1,0,0
3.41895994309253,0.0229435199999986,1.6272,1.9,299.011631139829,4.07523510971787,94,41,26,18,15,10,9,12,9,7,9,3,7,2,3,5,9,12,3,7,5,3,3,2,2,1,2,0,0,0
3.43588953029011,0.013324193333307,1.1372,1.9,687.759663279748,4.02684563758389,88,39,23,11,11,11,8,6,7,5,10,7,7,3,5,10,5,8,9,7,6,5,0,3,0,0,1,0,3,0
3.46355876697017,0.0440402299999708,3.1798,1.9,260.499181364933,5.97014925373134,108,39,34,11,21,10,18,10,12,17,9,10,7,8,7,9,6,14,8,14,6,7,4,4,4,4,0,0,1,1
3.48919754656539,0.0387715600001994,2.7336,1.9,441.518074925436,6.87203791469194,137,45,33,18,17,16,11,9,11,7,7,6,7,6,4,9,10,11,12,9,8,6,2,8,4,2,0,5,2,0
3.51405547533229,0.0745673400000615,6.4098,1.89,119.057830644009,4.17754569190601,123,26,17,20,19,20,7,16,9,10,7,12,5,4,5,12,12,14,16,4,9,5,4,1,3,0,3,0,0,1
3.55018217542834,0.0572992933332014,2.6264,1.89,413.874373638619,9.12052117263844,165,61,32,23,24,21,17,15,18,10,11,18,9,17,11,29,16,22,18,9,12,15,17,7,3,5,8,0,1,0
3.5804056699126,0.0299539999999427,2.1144,1.88,410.724360229612,6.18279569892473,112,46,24,13,12,15,13,12,7,3,6,7,4,8,3,16,8,11,14,7,8,8,4,4,1,2,1,1,2,1
3.60436741890905,0.0314619900000082,2.7006,1.84,500.728415829252,7.72532188841202,127,48,30,17,19,15,16,13,14,12,14,10,8,10,8,15,8,15,14,7,10,6,16,5,3,2,2,0,2,0
3.62522674585289,0.0309555599999857,2.7154,1.84,351.093222687672,5.23415977961433,97,41,30,21,17,12,11,14,7,7,7,5,9,11,6,10,11,5,12,8,3,4,6,2,2,0,2,2,1,1
3.65555179687979,0.0336110433334748,2.3642,1.84,320.45502661538,6.23441396508728,131,31,33,18,11,16,9,11,7,12,10,12,9,6,8,6,10,14,11,2,9,6,12,1,3,1,0,1,1,1
3.68029111489502,0.0245162600000064,2.1044,1.81,698.920596060783,6.56370656370656,161,51,33,22,20,12,21,11,15,13,11,12,9,7,11,15,8,8,18,10,16,11,6,3,6,3,3,0,2,1
3.7059215652032,0.027795716666652,1.969,1.77,375.831270143619,6.61577608142494,141,32,29,21,9,7,15,10,9,8,7,9,2,8,9,12,5,7,9,6,12,5,9,7,2,2,0,1,0,1
3.73431068216289,0.0210614833332798,1.5134,1.8,936.337971268244,11.2941176470588,107,40,28,21,15,19,16,8,11,10,16,6,12,9,8,12,9,10,9,5,6,9,17,2,9,6,2,1,2,0
3.78582339318285,0.0321184500000129,2.2806,1.79,317.478559254357,8.7719298245614,81,28,11,12,23,16,9,6,7,10,9,5,0,1,1,11,5,9,7,3,6,7,6,5,1,4,1,0,1,2
3.82165760105981,0.045713313333254,2.7076,1.79,392.854424979434,7.83847980997625,112,38,28,18,17,16,13,11,9,13,11,10,13,10,3,7,10,12,20,10,7,6,9,2,6,2,3,4,1,1
3.85190482009999,0.026174669999962,1.8498,1.79,517.95820041881,7.65171503957784,119,35,24,18,14,6,8,7,10,12,11,8,11,4,3,6,10,11,14,7,12,9,6,2,4,5,2,0,1,2
3.87448510748011,0.0322198800001182,2.7896,1.77,395.967611287562,9.18727915194346,87,34,23,11,15,9,10,5,7,7,6,6,2,3,5,3,7,7,2,4,4,5,6,3,6,2,0,1,3,2
3.89649684933381,0.0229699166666759,1.631,1.77,542.058038922884,7.88643533123028,93,35,20,13,9,10,11,8,3,8,8,10,6,5,2,8,5,11,11,9,7,9,3,2,3,5,0,2,1,1
3.92095244784895,0.0180601200000229,1.5912,1.73,792.225179247867,5.63380281690141,111,59,25,20,16,12,13,15,10,9,10,10,11,5,7,15,11,14,8,12,9,6,7,2,2,1,2,2,2,2
3.95106420464575,0.0290476799999753,2.0172,1.75,291.566962239918,4.26136363636364,104,47,22,22,11,9,12,11,11,6,9,10,5,3,4,15,6,11,9,3,7,4,2,4,3,0,0,1,1,0
3.97641310429269,0.0229461199999524,1.6508,1.72,569.237821338787,7.8740157480315,111,32,22,19,15,16,12,13,8,10,5,7,6,8,2,14,15,8,15,8,5,8,8,4,6,2,0,0,2,0
4.00128282857585,0.0166095100000231,1.4298,1.73,674.179028615295,7.36842105263158,83,31,14,9,14,10,13,8,10,6,7,4,6,4,1,8,5,13,5,6,7,5,3,4,1,4,2,1,1,2
4.03109417264603,0.019695573333323,1.3952,1.65,387.756011835958,4.74777448071217,100,37,27,17,12,12,5,14,11,10,8,6,8,7,3,10,8,9,10,6,1,5,5,2,2,0,1,0,1,0
4.05193694437962,0.0267032000000523,2.302,1.7,333.69173579484,3.71287128712871,123,57,32,15,16,18,10,8,9,8,9,10,6,6,7,10,5,17,8,8,7,4,4,3,1,1,0,1,1,1
4.10114085222037,0.0186068766666506,1.5926,1.68,352.550878388209,5.63380281690141,64,28,13,13,6,6,9,2,7,4,7,3,4,2,1,5,3,8,6,6,4,4,1,1,1,2,3,0,0,0
4.12067910647084,0.0196213000001058,1.7062,1.68,313.094722410828,4.38247011952191,83,33,6,14,8,14,6,3,8,2,8,6,4,5,2,8,8,8,8,4,2,4,2,1,2,0,1,0,1,1
4.14809273429618,0.0205722799999094,1.4712,1.68,440.261050650106,8.13008130081301,77,34,13,11,9,10,9,9,10,5,2,2,1,6,2,3,3,4,6,6,4,6,6,1,1,3,1,1,1,0
4.17059558821777,0.0255548466668051,2.1718,1.68,362.218176439463,5.79710144927536,90,38,27,18,23,11,8,10,7,10,3,4,6,1,4,15,10,16,13,7,4,4,4,5,3,3,1,0,0,1
4.19527396424945,0.0196389433331961,1.7354,1.68,450.632935237254,7.3394495412844,91,42,24,14,11,5,7,9,12,8,10,8,6,7,4,8,9,8,7,3,10,8,6,4,3,3,0,0,0,1
4.22463898559027,0.0183959466667872,1.3016,1.66,437.701832441167,6.87022900763359,74,23,21,11,9,7,7,6,10,7,10,4,5,7,4,5,6,8,11,5,4,6,4,4,1,1,1,0,1,1
4.24223485476841,0.0249829333331666,2.1568,1.66,243.409973239662,5.42635658914729,68,31,16,18,11,12,10,8,9,7,0,5,1,5,5,6,2,6,8,10,6,2,7,3,1,0,1,0,0,1
4.27929880146708,0.0270781966666617,1.6102,1.66,180.82591576796,3.55329949238579,59,24,9,12,4,9,8,2,4,6,3,7,4,8,5,3,3,4,6,5,5,1,2,1,1,0,1,1,0,1
4.29972012353382,0.0192677100000707,1.6682,1.64,449.296974683273,5.20833333333333,104,45,27,14,17,26,15,8,6,13,9,7,6,8,1,13,7,8,9,13,8,5,8,1,4,2,0,0,0,0
4.32455660143549,0.0351762399999004,2.4772,1.68,304.242131669519,7.71812080536913,85,35,22,15,9,12,11,9,7,5,7,9,8,4,3,8,7,7,5,4,3,5,9,3,0,2,0,3,1,1
4.35422419050569,0.0346590900001115,2.4786,1.66,213.896060115891,4.57746478873239,80,38,23,17,7,9,9,12,9,7,7,4,6,3,8,7,4,8,5,5,3,4,4,1,1,1,0,0,2,0
4.38355836488276,0.0739263599996303,6.4098,1.66,117.811539099837,6,83,38,16,15,12,11,10,9,11,7,7,6,11,5,7,9,8,5,6,4,2,4,2,5,2,2,2,1,0,1
4.40485283284596,0.0330787600000626,2.3132,1.65,204.004743767425,6.00858369098712,78,29,21,10,7,5,5,5,4,6,7,6,3,4,1,3,5,3,6,5,6,4,4,1,3,0,1,0,1,1
4.42617832111113,0.0347678100001275,3.0102,1.65,205.296337591492,4.80769230769231,95,38,29,15,11,11,9,8,4,5,8,7,5,11,4,7,5,11,7,2,5,5,2,3,3,0,1,1,0,1
4.45435178456927,0.0349761599998372,2.4516,1.63,262.266588587074,5.27859237536657,100,39,22,18,15,10,12,8,7,5,9,7,6,11,1,8,8,6,16,11,4,7,4,3,0,2,0,1,1,0
4.47062104749594,0.0266182800000802,2.3556,1.63,445.518178367381,5.36082474226804,125,58,35,31,23,16,5,19,16,9,8,7,5,12,9,19,9,17,13,17,6,10,4,5,4,1,1,1,0,1
4.50536654205155,0.0308066033333775,2.1518,1.65,536.834046212601,6.03112840466926,152,54,33,31,28,17,12,10,14,8,11,14,10,9,6,16,10,14,17,8,9,6,8,8,1,2,2,2,2,2
4.52967603882764,0.0233707700000312,1.6634,1.65,885.561800361347,5.95744680851064,175,81,53,30,25,29,28,13,20,23,12,14,14,11,8,20,21,23,27,20,16,14,7,10,1,4,4,2,0,3
4.54953624806242,0.0158619599999927,1.3914,1.7,1645.74842286604,6.09080841638981,263,95,60,36,33,29,33,27,24,21,24,21,25,20,12,25,20,27,30,16,7,15,9,12,7,6,3,1,2,6
4.57762487297055,0.0180694800000342,1.2636,1.72,1290.27650097179,7.475317348378,199,73,54,37,32,18,20,24,25,11,4,15,17,11,5,22,20,16,18,23,12,16,12,9,4,7,3,0,2,1
4.59997874238351,0.0296534699998351,2.5674,1.75,1012.13023220256,8.44079718640094,229,85,56,38,37,31,25,26,19,15,23,7,18,18,13,31,13,26,29,22,20,23,14,15,9,5,1,4,1,2
4.63369938436934,0.0233731733333536,1.6616,1.83,1115.0472801288,8.11485642946317,198,100,43,36,37,26,28,23,17,22,15,33,16,14,13,18,16,16,30,18,17,25,19,6,5,5,2,0,3,5
4.65817851529817,0.0183182133332727,1.5952,1.84,2253.73095322912,7.87037037037037,301,112,79,48,44,43,35,23,21,25,26,29,22,21,18,26,16,28,33,24,21,24,20,7,11,7,6,8,2,6
4.68795400745995,0.0239673700000124,1.6702,1.87,1227.05743585867,8.17236255572065,175,64,34,38,23,23,19,17,15,20,19,16,19,10,13,30,16,13,19,19,16,11,15,6,7,3,7,2,4,4
4.7116777666029,0.0732853800005655,6.4098,1.89,444.030086029952,7.44949494949495,198,79,52,27,24,18,29,20,23,16,29,27,22,12,11,30,19,30,24,21,22,14,9,7,11,10,1,3,4,6
4.77026478015272,0.0385850799997943,2.7528,1.88,695.524875921902,6.46029609690444,203,78,55,34,31,24,21,22,21,23,11,22,12,16,13,15,21,17,21,24,11,8,11,12,3,6,2,1,5,4
4.79450452925106,0.0219296166666478,1.877,1.87,1057.91782462928,6.12244897959184,213,70,44,27,40,28,25,19,18,19,20,10,23,15,12,23,11,24,22,12,15,10,12,3,7,6,4,2,1,1
4.82390304680968,0.0291634999999442,2.0586,1.89,552.237764111309,7.39856801909308,122,43,29,19,13,11,23,11,10,13,11,4,10,8,8,11,12,5,13,7,5,7,5,6,5,1,3,2,2,1
4.84755816226655,0.0166166400001477,1.4576,1.9,1467.04748605363,7.88461538461539,123,63,39,28,20,21,18,14,16,19,8,11,10,10,9,13,7,20,13,9,8,7,5,5,5,5,9,3,2,2
4.87695530279933,0.0409983333332549,2.894,1.85,478.590929820184,6.10820244328098,169,68,42,33,17,20,15,17,4,16,12,15,10,5,6,22,13,14,18,15,7,8,8,5,5,1,3,2,3,3
4.90638425056578,0.0424734099998992,2.9946,1.83,409.283025535168,6.85714285714286,151,45,30,18,23,15,10,14,12,16,11,19,13,10,6,19,11,20,24,9,13,7,12,5,5,4,0,2,1,1
4.93007487187739,0.0316401499999673,2.7714,1.82,661.88880446349,7.27272727272727,168,61,40,39,19,21,24,20,17,5,14,11,13,9,10,18,11,16,16,13,16,14,8,2,12,1,5,0,2,0
4.9594708382634,0.0235648333332883,1.6634,1.8,526.468914122734,4.72589792060491,168,60,39,26,14,11,17,15,14,13,16,10,12,7,6,15,14,22,8,11,6,11,3,2,4,2,2,0,1,4
4.98368016177726,0.0280279999999916,2.4024,1.79,616.017748054153,7.82241014799154,135,41,34,22,20,17,10,14,14,16,9,12,9,16,8,11,8,15,9,10,6,8,6,6,7,4,4,2,0,0
5.04523943522483,0.0788065333334957,2.6564,1.75,420.490900840944,6.26057529610829,340,157,72,58,57,42,45,36,27,32,24,23,16,20,15,37,28,27,21,15,16,22,15,16,5,6,4,5,1,5
5.07428797509008,0.0304304000000835,2.1736,1.75,352.601543884295,5.08083140877598,114,48,35,21,14,13,17,8,13,9,8,17,10,11,16,12,10,9,12,6,8,10,2,3,3,2,1,0,1,0
5.09846289103915,0.0285844400000075,2.4536,1.72,474.880945526949,5.45808966861598,149,45,30,26,23,16,18,17,22,12,10,9,10,13,9,12,11,19,12,10,12,7,6,7,2,5,0,0,1,1
5.12754731097229,0.0346211666664821,2.47,1.69,424.728070018751,7.03125,107,36,35,18,14,11,15,12,9,8,9,10,8,7,2,13,4,11,17,4,7,7,4,4,3,3,3,1,2,0
5.15697882229935,0.0181518300000933,1.2798,1.69,731.288101882699,5.83153347732181,128,41,29,26,16,17,17,11,21,14,5,11,12,4,7,13,5,13,17,18,11,7,7,5,2,5,0,0,1,1
5.18087716674163,0.0227454166665657,1.975,1.66,476.041567884499,5.61797752808989,124,64,33,13,18,21,12,12,7,10,6,12,7,8,4,11,12,14,15,9,8,8,7,3,2,4,1,0,0,1
5.2050836595458,0.0274843333333251,2.3558,1.64,389.855588478906,5.45454545454545,116,46,20,18,14,14,12,12,13,10,6,10,10,4,5,7,7,12,8,8,12,8,4,3,2,1,1,1,1,0
5.23448066680116,0.024547999999953,1.7328,1.6,347.04461294693,5.12820512820513,100,41,18,18,21,14,11,2,8,3,14,9,10,3,7,7,8,12,14,5,8,8,4,3,0,0,2,1,0,0
5.26370196344156,0.0157141833333397,1.1158,1.61,966.741614716011,6.31578947368421,146,54,26,20,19,20,22,6,10,15,12,9,8,4,7,11,11,19,18,4,4,10,1,10,3,2,0,1,3,1
5.28763622466927,0.0156714933333998,1.3588,1.61,669.936557291216,6,94,40,35,16,16,12,13,9,11,4,12,6,6,8,4,3,12,8,10,2,8,5,1,8,3,1,0,3,0,0
5.31153208460749,0.0228513699998986,1.9842,1.61,349.922313460927,5.5363321799308,88,36,21,19,13,12,9,4,2,6,5,4,5,7,2,8,4,5,7,9,7,7,3,1,2,0,2,0,1,0
5.34099917841499,0.0209308000000978,1.474,1.59,403.349729399778,4.53172205438066,112,33,18,15,11,13,7,10,5,10,12,6,9,5,6,7,7,13,4,8,5,3,3,4,1,2,1,0,1,2
5.36500009443508,0.0158740933332362,1.3724,1.59,523.540157775724,4.08653846153846,123,46,24,15,13,21,9,16,15,10,13,8,8,5,4,19,13,9,15,8,5,5,3,6,1,1,1,0,0,2
5.39408576697936,0.0355014133334141,2.5328,1.57,219.741200509279,5.91549295774648,106,38,22,17,10,6,15,13,8,8,9,11,8,8,2,11,8,15,7,5,7,10,4,2,4,1,0,0,0,0
5.42344693160301,0.0341241399999505,2.4116,1.59,383.490415776116,5.32150776053215,144,58,28,25,14,14,14,16,10,19,6,9,7,8,8,10,4,11,10,6,6,6,2,5,4,3,2,0,2,1
5.45318689016626,0.0279156000000272,1.9476,1.54,391.711117154258,4.49438202247191,125,47,34,28,14,18,13,17,7,15,13,9,10,6,5,12,11,11,15,10,5,5,3,4,3,3,0,2,0,1
5.47670493589971,0.0307156000000568,2.7102,1.57,339.624655355351,5.18867924528302,130,57,33,17,13,14,9,17,9,10,12,6,5,10,3,12,11,10,12,5,7,4,7,5,2,2,0,2,0,3
5.50101775765347,0.0247479433332844,2.1122,1.57,292.844980403976,3.9039039039039,102,39,24,23,13,16,9,9,4,9,10,6,9,5,7,6,4,3,6,7,9,3,0,5,3,1,0,1,0,0
5.53031125067147,0.0307686866666505,2.1796,1.54,289.812673265545,7.23684210526316,90,23,33,13,13,14,9,6,14,5,10,6,4,5,4,14,2,5,7,5,0,4,5,7,3,1,0,2,0,0
5.55970645021136,0.0342833333332678,2.42,1.59,220.105586388724,3.47593582887701,122,45,19,16,19,18,15,9,9,5,9,5,16,3,6,6,7,7,11,11,3,2,5,2,1,1,1,1,0,0
5.62130038164904,0.0771885400001419,2.6004,1.59,311.919959468122,4.92610837438424,267,95,52,28,38,22,29,11,17,23,20,20,16,14,12,26,20,16,13,16,17,10,7,5,4,6,1,5,2,0
5.66237840712581,0.0370893599997938,3.2112,1.57,383.210130795979,6.12244897959184,90,38,22,23,14,12,11,14,5,13,12,11,6,4,4,10,9,4,7,7,6,2,1,6,3,4,0,2,3,0
5.67532907756558,0.0359065733333645,2.5526,1.6,278.704069024089,5.43478260869565,59,41,25,18,8,6,9,9,6,6,3,7,7,7,2,8,7,9,8,11,5,2,3,2,4,1,0,1,2,3
5.69288887371201,0.0227743333334611,1.6076,1.56,530.314482628078,6.00961538461539,132,53,26,26,17,13,14,9,7,12,8,2,4,9,10,15,13,7,7,4,3,6,1,6,4,6,1,0,1,2
5.71106184500254,0.0258370466666252,2.2598,1.59,465.640464477573,6.51558073654391,93,38,30,15,19,9,8,15,10,8,16,9,8,6,2,7,7,8,6,9,7,7,6,0,3,3,2,0,2,1
5.73567723591487,0.0902713500000363,6.4098,1.6,117.703846555271,7.18562874251497,106,26,31,14,17,12,10,12,7,7,5,7,5,3,5,5,10,13,5,2,8,6,6,4,3,2,2,0,1,0
5.78402009322187,0.0275317433332111,2.3906,1.56,179.589223045944,6.37450199203187,83,23,14,12,17,13,10,10,8,4,2,5,3,1,5,2,6,7,4,3,3,5,6,4,1,0,0,0,0,2
5.80669742238204,0.0251017300000335,1.7866,1.56,295.505899014892,6.56934306569343,82,35,18,13,9,10,10,12,9,9,7,7,5,4,5,3,3,7,4,4,0,5,5,3,1,1,2,1,0,0
5.82346478071472,0.0147372500000039,1.265,1.55,664.815919019083,6.28930817610063,82,35,21,11,10,7,14,8,16,7,9,8,9,4,5,12,8,6,9,9,8,3,6,3,4,1,3,0,0,1
5.8554884117023,0.0286648799999577,1.7268,1.57,279.586151939379,4.33333333333333,96,30,18,10,11,12,13,13,4,11,5,7,7,8,7,8,5,8,4,7,3,3,4,1,1,0,1,3,0,1
5.88594768616473,0.0348591733334315,2.4434,1.59,275.230269230525,6.62020905923345,80,30,16,15,6,17,12,6,7,7,6,11,9,6,3,10,7,6,10,0,4,8,6,1,0,0,1,0,3,0
5.90460128066047,0.0147531666666385,1.0414,1.59,530.436591482005,5.35714285714286,75,25,19,11,15,12,8,7,4,6,6,7,9,8,9,10,7,6,12,7,2,5,3,2,1,1,2,1,0,0
5.92992674052054,0.0247781399999486,1.7826,1.59,294.617586684973,7.6555023923445,59,22,14,9,9,8,3,9,7,8,6,3,4,1,2,2,9,6,3,4,5,4,5,3,1,0,2,0,1,0
5.9583491884774,0.0172005133334265,1.4618,1.56,298.157371032856,5.45454545454545,78,25,21,11,8,4,9,8,1,4,5,2,6,3,1,3,5,5,4,4,1,3,3,2,2,0,2,0,0,0
5.97988828590478,0.0138441599999936,1.2144,1.58,305.80918680489,3.57142857142857,75,29,13,16,6,3,10,5,8,2,8,4,1,2,8,8,5,5,3,2,3,3,0,2,1,1,1,0,0,1
5.9980077240523,0.0217766033333636,1.8746,1.58,269.211791966652,8.49673202614379,44,13,14,4,12,7,5,1,4,4,2,5,1,0,3,4,1,3,6,2,5,3,3,2,2,1,1,1,0,0
6.02049282106797,0.0329214600000623,2.3022,1.58,159.222020510983,3.88349514563107,62,20,18,13,11,5,4,4,5,3,4,6,5,2,4,7,7,5,3,6,4,1,3,0,1,0,3,0,0,1
6.03967868498125,0.018989849999889,1.683,1.58,336.760040477024,4.86111111111111,80,38,16,10,14,9,11,10,3,10,7,8,13,3,6,9,5,7,10,3,2,5,4,0,3,1,0,1,0,0
6.09046975253921,0.0911259899997003,6.4098,1.57,33.6041957164793,4.28571428571429,39,19,7,9,2,4,2,4,3,6,3,2,2,3,3,5,3,3,1,9,5,4,0,1,0,1,0,0,0,1
6.11389060094784,0.0215026800001911,1.8862,1.57,223.175179081154,4.71698113207547,68,24,17,9,9,11,5,10,6,1,2,3,2,5,3,10,8,4,3,1,1,1,5,1,0,2,0,1,0,2
6.13613681239327,0.0200053799998222,1.7172,1.59,298.414974110883,6.01851851851852,68,30,19,11,8,5,5,6,3,3,3,6,3,3,3,3,3,4,11,6,0,3,1,4,1,3,1,0,0,2
6.16621753063978,0.0278829866667849,2.4176,1.56,166.311616982632,6.48648648648649,58,19,5,14,8,8,6,4,2,4,2,5,7,2,3,7,6,5,6,1,1,5,3,1,2,0,0,1,0,0
6.19869048964609,0.017298439999951,1.2182,1.55,396.707056034661,4.64135021097046,86,26,16,9,7,5,3,10,7,3,2,6,10,6,2,4,3,2,6,8,5,3,2,1,0,3,1,0,1,0
6.21728626877191,0.0234719100000861,2.0322,1.55,146.410624264877,5.79710144927536,39,14,12,9,3,3,5,3,2,2,2,6,5,8,1,3,3,1,6,2,1,2,4,1,0,0,0,1,0,0
6.23716833214836,0.0254599100000067,2.1854,1.55,259.963552691216,8.75,57,16,11,6,6,6,6,3,9,2,1,2,3,5,0,2,4,1,1,3,2,3,2,3,2,1,2,0,1,0
6.26907705725644,0.0201546733333697,1.4362,1.57,241.243362513605,6.25,67,22,18,14,11,6,4,3,5,1,5,7,4,1,3,3,4,3,6,5,3,4,4,2,1,2,0,0,0,0
6.29105273743471,0.0179823599999459,1.2906,1.54,330.615183618707,6.72645739910314,58,31,16,14,8,4,9,10,6,6,8,5,1,1,4,6,2,4,5,4,6,3,4,2,5,1,0,0,0,1
6.31431625959681,0.0280486000001204,2.377,1.54,197.808514788964,5.31400966183575,57,26,14,9,8,6,6,4,8,4,2,4,8,4,2,9,5,5,8,1,6,5,1,1,1,2,0,1,0,0
6.33641245523164,0.0236595599999891,2.0754,1.52,370.012558887919,6.35593220338983,76,23,20,11,11,3,3,5,4,7,7,7,2,5,3,5,3,9,9,4,4,2,3,3,1,3,1,1,1,0
6.35027587893561,0.0287014433332383,2.4994,1.52,75.4565456433251,4.04040404040404,31,7,8,5,5,0,5,1,3,3,4,3,3,1,4,3,4,1,0,1,3,0,2,0,1,1,0,0,0,0
6.40056816298466,0.023510999999955,1.6596,1.51,302.47459668918,5.94059405940594,54,19,12,13,8,11,4,5,4,7,1,3,6,8,4,8,4,9,3,3,4,3,3,1,2,1,0,0,2,0
6.43096666985428,0.027239133333448,1.916,1.53,260.151920126493,6.63507109004739,58,27,15,3,10,8,3,5,5,7,7,5,2,6,4,8,6,4,4,4,6,2,4,2,3,2,0,0,1,1
6.48744134712869,0.0555839299998738,1.8874,1.53,245.57620604123,5.61122244488978,172,40,22,17,21,12,16,10,16,15,16,11,14,14,4,10,8,17,16,7,13,9,5,6,2,3,2,0,1,1
6.51487286913049,0.0337891733334285,2.3684,1.53,242.103189185082,7.78688524590164,65,24,20,14,15,8,8,4,12,5,4,3,2,4,2,9,4,5,7,2,8,7,5,1,2,2,1,0,1,0
6.53776773244558,0.0233526933332166,2.0248,1.53,394.490569524903,5.74324324324324,86,37,13,12,13,8,15,9,8,11,6,3,5,3,7,6,5,6,8,11,7,5,2,1,6,0,1,2,0,4
6.55982186159587,0.0294686700001081,2.5514,1.52,228.160995972714,7.21649484536082,55,19,13,10,5,6,7,5,5,7,4,4,2,4,5,6,3,5,4,6,5,2,4,4,2,0,0,2,0,2
6.58282571367884,0.0154068000000477,1.332,1.52,463.210431056741,6.16740088105727,64,19,18,13,12,9,10,7,5,2,6,4,3,4,0,5,4,10,10,4,4,4,2,4,0,2,0,2,0,2
6.60524788344856,0.0331323999998387,2.3666,1.52,201.281111081052,5.92885375494071,68,23,21,14,15,8,9,7,5,8,3,6,6,7,5,7,3,9,8,3,3,3,5,3,1,2,0,1,0,0
6.63311455394717,0.017430600000044,1.5048,1.46,313.309899024295,7.8125,72,35,11,14,17,8,8,8,3,5,7,3,4,5,2,9,9,4,4,4,4,12,4,3,1,0,0,0,0,1
6.65558886210775,0.0247406666666193,1.7464,1.5,157.303567767677,4.34782608695652,60,17,17,12,4,6,5,3,3,3,4,4,2,5,3,6,5,3,3,5,6,1,4,1,1,1,0,0,0,0
6.72128018944028,0.0485117166668436,1.627,1.5,322.46312071807,5.15873015873016,146,57,35,22,28,11,10,12,20,11,10,12,11,5,12,8,19,10,18,7,14,5,6,4,4,1,2,3,1,2
6.74916914960838,0.0343797299999819,2.4354,1.5,178.969815449022,7.42574257425743,69,13,9,10,16,4,6,5,9,3,10,3,3,1,3,4,8,3,1,4,3,4,6,0,2,1,1,1,0,0
6.77558813003637,0.0161860466666959,1.1534,1.5,337.176227219405,5.53191489361702,73,25,24,4,10,8,3,7,5,4,4,8,8,7,3,6,3,8,5,5,2,3,5,1,1,3,0,0,0,3
6.79272140910407,0.0181041999999196,1.572,1.47,537.908591719977,8.63636363636364,64,23,10,8,7,9,5,4,5,11,7,4,7,3,3,6,5,8,6,2,4,7,2,2,1,0,5,2,0,0
6.81881139153523,0.0243237999999519,2.076,1.49,331.494565648842,6.69856459330144,55,30,18,9,4,9,9,2,6,4,7,9,3,3,5,4,1,4,3,7,3,3,2,2,2,3,0,0,2,0
6.84682832684572,0.0301921400000209,2.6562,1.47,211.839025078088,4.74308300395257,69,30,21,10,12,13,6,7,9,6,3,8,4,1,1,4,7,12,6,7,5,2,6,1,1,1,0,0,1,1
6.9113964479944,0.0884829866666148,2.9626,1.46,200.297431120987,6.48464163822526,190,68,38,31,30,15,20,14,15,11,16,8,14,7,6,11,12,13,14,5,10,12,7,5,4,5,1,3,1,3
6.93516232275591,0.0234750600000977,1.6828,1.49,297.76616229678,5.83657587548638,82,26,12,6,10,11,7,4,5,10,5,9,5,5,10,5,4,5,9,6,6,4,4,4,2,0,0,0,1,1
6.99158368118146,0.0200047199999908,1.7548,1.49,570.241324688667,7.31707317073171,66,21,12,10,15,13,10,7,3,4,5,9,3,5,5,4,7,9,8,8,4,5,0,1,3,4,2,2,1,0
7.01204077574216,0.0748878299999355,6.4098,1.55,114.763360026466,5.13833992094862,63,33,13,12,14,9,11,8,4,8,4,4,2,9,3,8,8,10,4,6,7,3,5,0,0,1,1,2,1,2
7.06410642830248,0.0730717199999663,6.4098,1.5,138.384634147142,8.67579908675799,67,18,19,5,9,8,5,4,8,3,7,6,2,4,5,7,5,2,6,4,6,7,4,0,3,1,1,0,3,0
7.08810960405348,0.0214139966666159,1.5098,1.51,236.43467048309,5.88235294117647,53,24,18,6,7,6,8,3,1,5,5,5,6,4,5,5,3,2,4,1,5,5,1,1,1,2,0,1,0,0
7.11002395597346,0.0205065866668361,1.7552,1.53,569.032396505011,8.36120401337793,75,35,26,11,11,7,11,4,11,8,6,3,6,11,1,7,9,11,9,6,6,7,6,2,2,4,2,2,0,2
7.14237159723347,0.0176480399998816,1.2546,1.5,509.73741357181,5.75539568345324,83,33,20,16,6,11,12,8,9,6,6,3,8,5,3,7,7,6,5,4,4,2,4,3,2,3,0,0,2,0
7.16991898230147,0.0228232200001761,1.9962,1.5,265.026232879494,3.84615384615385,67,24,14,11,7,6,4,5,7,7,5,7,7,5,2,5,11,8,13,5,5,1,5,0,1,1,0,0,1,1
7.20063544451186,0.0265188000000137,1.848,1.5,417.980609106594,8.82352941176471,64,25,20,12,8,10,5,5,6,8,6,3,11,6,4,4,0,11,3,4,2,4,4,3,2,4,1,1,2,0
7.23268598530744,0.021301959999916,1.5252,1.5,479.818338913884,9.34959349593496,75,20,15,12,10,14,10,5,4,5,2,2,4,6,2,8,8,7,10,2,2,8,6,3,1,1,1,1,2,1
7.2586035212628,0.0256101033333689,2.2046,1.52,227.024177384711,7.2463768115942,61,23,12,12,7,4,5,8,4,14,7,1,3,1,2,5,4,5,6,2,6,6,3,2,3,0,0,1,0,0
7.32582665927217,0.0372470366666857,1.2506,1.51,469.575461776451,6.48464163822526,176,67,42,19,30,19,12,12,18,8,26,15,9,10,11,15,12,21,12,6,8,8,11,5,6,4,1,2,1,4
7.35560817683571,0.0212761999999359,1.527,1.5,246.55715137173,6.40394088669951,65,21,15,8,8,6,3,4,4,3,6,2,5,3,3,10,4,6,5,4,5,4,2,5,1,0,1,0,0,1
7.37603784944281,0.0177929299999648,1.5186,1.53,335.509861159926,6.52173913043478,56,19,16,8,9,4,5,6,7,7,2,5,5,3,2,2,2,4,2,4,4,4,3,1,0,2,1,0,1,0
7.40544455487924,0.0306219733334196,2.1464,1.52,193.46150003734,4.76190476190476,74,32,15,12,14,7,7,7,6,6,4,7,4,3,4,7,3,6,10,4,8,3,5,2,0,1,0,1,0,0
7.43383850987113,0.015575920000047,1.3784,1.52,523.294491073113,6.32411067193676,76,30,11,15,9,7,8,8,3,3,5,6,4,6,3,7,8,10,7,9,2,4,3,3,2,2,1,0,1,0
7.46529320751531,0.0207873066666461,1.4708,1.49,127.052790406531,2.06185567010309,56,21,10,9,10,9,7,5,7,9,6,2,3,5,2,9,4,4,2,6,4,2,1,1,0,0,0,0,0,0
7.49553125743524,0.0229911833332788,1.621,1.5,363.522418802414,7.54716981132075,66,28,16,6,8,7,4,9,4,2,4,4,1,2,8,1,6,8,5,5,2,6,4,1,0,0,2,2,1,0
7.56559277239431,0.0507166666666592,1.7,1.51,280.91414933967,6.25,160,65,22,17,19,12,11,12,18,14,8,15,11,10,9,11,6,13,16,10,6,8,6,1,10,5,0,0,1,1
7.63006526480997,0.0155752499999346,1.093,1.55,342.42587061182,7.05882352941176,35,17,19,7,8,9,7,3,6,5,6,2,3,3,1,2,6,5,4,4,6,1,4,2,3,2,0,0,0,1
7.65421299956479,0.0223733000001596,1.954,1.54,286.738316060368,7.69230769230769,42,22,8,7,7,3,5,7,3,4,5,1,5,0,2,5,1,7,2,2,6,2,3,1,3,0,1,2,0,0
7.68286621144058,0.0166858999999912,1.182,1.57,387.056312429941,6.22406639004149,72,24,14,14,12,4,9,10,8,5,5,7,3,4,3,5,4,11,6,3,3,4,1,4,4,1,1,0,0,0
7.70617671719075,0.0736058699997564,6.4098,1.55,68.1621017207237,4.3956043956044,53,24,11,7,7,8,11,5,6,3,4,3,4,3,0,5,5,3,7,3,2,2,1,1,1,2,0,0,1,0
7.74170711780317,0.0243953333332755,1.72,1.55,309.683991804409,5.33980582524272,70,22,9,7,13,4,3,5,5,4,5,4,2,2,4,9,5,6,5,8,3,2,1,1,1,4,0,1,1,1
7.77144907015275,0.0269892466667677,1.8962,1.55,270.513386804045,5.67685589519651,70,30,10,8,7,11,11,6,10,5,5,3,2,1,6,4,4,6,4,8,5,3,4,2,2,0,0,0,2,0
7.78775153563487,0.0120703999999532,1.0496,1.55,442.640256001881,6.25,64,22,11,8,9,8,9,3,2,4,5,3,3,4,2,4,4,2,8,3,2,4,1,2,3,1,0,1,0,1
7.82241317734349,0.0250472399999984,1.7764,1.55,279.143901923219,6.72268907563025,63,25,16,8,14,5,7,6,8,9,7,6,5,6,8,6,8,3,5,5,2,6,3,1,1,3,2,0,0,0
7.84704940913366,0.0213472933334361,1.8536,1.56,207.819387514657,3.82775119617225,66,19,12,8,7,9,11,7,10,6,6,4,5,6,0,7,2,5,2,4,5,1,2,2,0,3,0,0,0,1
7.87702758015367,0.0240931266667234,1.6868,1.56,169.374318394774,2.29357798165138,61,29,16,9,10,11,8,5,4,7,4,4,3,3,4,4,5,7,11,6,2,4,0,0,0,0,0,0,1,0
7.90270708885561,0.0314441299999543,2.2222,1.58,219.587539905424,5.22388059701493,86,28,19,14,12,11,8,7,4,9,5,3,6,2,6,7,4,6,9,6,2,3,3,3,3,1,0,0,1,2
7.92740153356628,0.0738195299996724,6.4098,1.6,75.9406808623623,4.39024390243902,57,27,15,8,10,3,8,5,2,3,6,3,2,7,5,7,4,5,10,5,4,4,1,1,1,0,1,0,1,1
7.98723203737029,0.0184230799999478,1.2974,1.6,254.810262649229,5.97014925373134,65,21,15,13,8,5,5,7,2,4,4,5,3,4,6,7,3,5,3,3,1,4,4,1,2,0,0,1,0,0
8.01272528367605,0.0473684066668632,2.8478,1.63,198.533339534297,4.18006430868167,102,42,24,14,14,7,7,7,8,8,6,4,5,4,2,12,5,9,4,7,7,2,2,3,1,1,0,3,1,2
8.04564528939304,0.0300932266665284,1.7984,1.59,356.282893247951,7.55287009063444,100,34,20,16,19,12,11,11,11,6,7,6,2,5,4,11,4,6,7,6,8,6,7,2,6,2,1,0,1,0
8.07473034481861,0.0358900500001177,2.5186,1.59,197.013660559965,4.63576158940397,97,38,18,12,9,10,7,12,9,8,8,3,4,3,7,11,5,5,8,6,8,4,3,2,3,1,0,1,0,0
8.10581161713778,0.0220500000000605,1.575,1.59,320.360721764334,6.53266331658291,62,26,15,6,12,6,3,6,3,5,4,5,4,3,1,4,3,6,4,5,3,2,3,2,2,1,2,0,1,0
8.13427724880682,0.0320928299999831,2.2734,1.59,326.57317236497,6.25,95,23,18,17,6,6,5,5,7,7,8,2,5,7,5,8,5,14,3,6,3,6,2,1,0,3,2,1,2,0
8.15985963382369,0.0318008799997349,2.7336,1.59,151.702366077963,4.08163265306122,76,29,19,10,6,15,8,5,4,5,6,7,4,4,2,6,3,7,9,3,7,1,3,4,2,0,0,0,0,0
8.20553743349428,0.0418023900001349,1.8958,1.59,396.864571585804,6.53061224489796,163,57,28,25,18,13,18,11,9,15,10,5,12,9,4,13,12,6,10,11,9,9,5,4,2,3,7,2,0,3
8.23264094231281,0.0199283699998892,1.7254,1.59,246.928722988036,4.70588235294118,33,21,9,9,14,4,4,6,7,3,1,6,5,3,3,5,4,5,9,7,4,3,0,2,1,1,0,1,0,1
8.2528128052922,0.0204968300000023,1.8006,1.59,304.580559781164,9.09090909090909,48,11,10,8,7,3,4,2,3,3,7,2,1,3,0,7,4,7,0,6,4,3,7,1,1,0,0,1,1,0
8.27552825747719,0.0311071666668412,2.1958,1.6,162.436695936114,3.01507537688442,58,18,17,6,14,8,9,5,5,8,5,6,2,1,4,4,6,8,4,3,2,0,1,3,0,0,0,1,1,0
8.31044679210631,0.0192754666666138,1.681,1.59,375.688447082932,5.57620817843866,84,38,22,15,15,10,3,6,4,7,5,3,3,4,5,6,6,1,5,5,7,6,4,1,1,1,0,1,1,1
8.33849080058353,0.0205010933333618,1.7648,1.59,500.023995973466,7.40740740740741,73,30,19,8,10,8,9,8,4,4,4,1,7,3,5,1,10,4,4,7,6,4,4,5,1,0,0,1,3,1
8.35920162572108,0.0196606666666608,1.6852,1.59,321.536037247356,3.87931034482759,76,29,20,8,9,11,5,2,2,4,5,5,1,4,5,6,4,7,8,6,6,2,1,3,1,0,0,1,1,0
8.39053181410288,0.0267217166666774,1.8974,1.59,214.017474719438,6.07476635514019,64,23,12,11,13,3,6,8,5,5,4,5,6,1,4,5,2,6,5,6,7,6,4,1,0,0,1,1,0,0
8.413004120024,0.0183298499998981,1.587,1.6,421.564632852397,5.55555555555556,71,35,15,6,14,6,3,4,6,1,8,6,6,3,3,7,6,5,6,3,7,0,3,3,4,0,1,2,0,0
8.43533298612241,0.0224550166666979,1.933,1.6,280.947705314573,5.74162679425837,55,19,11,10,12,9,13,6,4,6,6,5,1,7,2,5,5,8,4,4,5,2,5,0,1,1,3,0,0,1
8.46010472186923,0.0291485866666378,2.0624,1.6,336.204370754927,6.71641791044776,78,36,14,14,17,2,11,9,4,4,6,4,5,5,3,8,5,12,5,5,3,6,2,3,1,3,0,1,2,1
8.49090461257954,0.0215343333334026,1.54,1.59,359.840662134368,6.63900414937759,83,28,10,7,11,8,11,4,10,7,6,6,2,3,3,3,2,5,6,6,4,4,3,3,3,0,2,0,1,1
8.5113199466984,0.019853446666683,1.7066,1.59,542.186948212662,7.77777777777778,74,23,22,18,8,12,9,4,6,8,4,7,5,5,5,3,7,8,11,4,6,5,3,6,2,1,2,0,2,0
8.53574220567599,0.014948050000006,1.0614,1.6,407.925908760659,4.29184549356223,68,39,22,8,5,13,4,8,6,5,3,4,2,1,6,5,3,8,9,4,0,2,3,1,1,1,0,1,1,0
8.59305952880498,0.0362111066667519,2.5352,1.6,15.6982839995148,2.56410256410256,13,1,2,4,2,0,4,1,0,2,0,0,0,1,0,1,2,2,1,1,1,1,0,0,0,0,0,0,0,0
8.61852265174728,0.0297043066667763,2.1268,1.6,373.372634170516,5.69395017793594,78,27,18,13,16,11,10,9,5,7,8,5,6,3,3,10,8,3,10,5,10,3,6,1,1,1,0,0,4,1
8.6425607070816,0.027220049999916,2.3166,1.61,290.229587249051,4.38247011952191,72,35,15,7,11,13,8,4,4,7,3,6,4,6,3,5,9,10,9,3,6,3,2,1,1,1,1,0,2,1
8.67166826002433,0.021696010000029,1.5442,1.62,468.329933629432,8.07174887892377,68,18,13,12,4,7,10,8,6,2,4,4,4,2,7,8,4,7,6,9,2,5,2,3,2,2,1,1,2,0
8.69479122417516,0.0181172599999709,1.5846,1.6,430.072122510909,6.95364238410596,95,30,18,10,9,12,7,9,9,10,10,6,5,8,7,11,4,6,4,6,5,10,5,3,1,1,0,0,1,1
8.71944576110106,0.033438999999936,2.3604,1.59,231.281450622879,4.48430493273543,79,23,20,9,10,7,8,6,5,3,5,3,1,2,1,5,4,7,5,4,6,1,1,0,3,1,2,1,1,2
8.74423304728572,0.029315426666791,2.5418,1.59,405.350433575962,8.55018587360595,70,25,17,15,22,9,6,8,4,6,6,6,1,9,4,5,8,5,8,5,7,5,5,4,2,3,1,1,2,2
8.76807811770846,0.0216048199999814,1.8492,1.59,498.97781941797,8.84615384615385,62,36,12,19,14,9,6,7,4,7,5,7,3,2,4,13,4,6,9,6,2,4,5,6,1,2,3,2,0,0
8.79487771952994,0.0165817866665707,1.1816,1.59,260.912374002047,5.61797752808989,51,16,11,13,5,8,5,4,1,3,4,3,11,3,5,8,2,5,3,3,4,5,2,0,1,1,1,0,0,0
8.82779612908552,0.02530873999994,1.7844,1.59,394.925821688108,9.05660377358491,70,21,21,16,9,8,11,11,9,7,4,5,5,2,5,11,2,3,7,8,6,10,6,1,3,2,0,0,2,0
8.85150876421815,0.0129539666666459,1.133,1.6,666.257664350741,5.32319391634981,76,35,14,15,9,6,8,12,6,9,4,8,6,4,3,9,2,8,5,4,6,4,1,2,2,1,2,1,1,0
8.87525153484364,0.0157379500000942,1.3394,1.6,472.188345526471,6.19834710743802,76,39,4,12,9,5,7,4,6,3,6,6,6,4,6,4,3,12,3,7,5,4,1,5,2,2,0,0,1,0
8.92736025971752,0.0689575466667476,2.3192,1.64,300.649430640094,7.19178082191781,182,58,40,30,27,18,16,7,15,18,14,9,12,5,7,9,15,19,13,18,10,9,8,10,5,2,4,3,1,2
8.95154633192764,0.0315102666666161,2.756,1.64,468.303084111208,9.89399293286219,82,20,22,19,12,7,5,7,6,10,2,5,4,5,5,7,9,10,11,3,4,8,3,4,5,2,1,2,3,4
9.00586128928985,0.0214370866665957,1.8668,1.68,377.054813695668,5.79268292682927,101,37,14,12,12,11,10,12,12,8,9,8,6,4,9,5,7,14,7,4,7,7,4,3,1,3,1,0,0,1
9.03250382315298,0.0278121199999213,1.9586,1.69,330.94929922822,7.92079207920792,90,33,17,14,11,4,5,4,9,5,8,5,8,9,3,13,5,13,10,6,7,7,7,6,1,1,2,0,0,0
9.0561397859861,0.027201413333527,2.3216,1.71,326.242219260224,4.94186046511628,100,44,23,18,12,15,11,18,9,3,4,3,5,4,7,11,5,8,7,14,6,4,3,3,4,1,1,1,0,1
9.12917091478269,0.0281959266667308,2.0116,1.8,172.487341091692,5.3921568627451,60,19,16,7,7,8,11,5,5,1,6,3,5,6,2,5,1,7,11,2,6,2,3,4,1,1,0,0,0,2
9.15013932304475,0.0299247999998582,2.536,1.8,403.939899570734,6.0702875399361,87,47,14,14,13,10,5,10,6,9,5,10,9,5,4,11,4,8,7,7,9,6,3,4,0,1,0,2,3,0
9.2097431563991,0.0236347999999084,2.0552,1.82,479.87787463997,8.63095238095238,86,48,22,22,12,8,10,8,5,10,5,9,6,5,3,10,6,10,12,6,4,7,7,9,2,1,1,2,0,1
9.2349516884677,0.0246493333333259,2.1128,1.82,440.621705333515,6.5625,83,33,26,15,13,9,10,8,10,6,9,2,4,10,7,5,7,11,15,9,7,5,6,1,3,3,1,2,0,1
9.26527647141936,0.0209573800000378,1.4934,1.82,465.603781197777,8.53658536585366,59,39,17,10,12,6,6,2,9,5,7,3,6,3,5,4,4,11,7,4,6,6,6,1,4,0,2,1,1,2
9.29055873680016,0.0128887199999817,1.1016,1.82,1352.01575609643,8.52130325814536,107,35,31,13,14,17,12,9,8,11,5,11,9,9,7,11,9,11,14,12,10,8,6,7,1,5,4,2,1,3
9.35434087493301,0.0530178366666909,1.7962,1.85,558.252506910352,5.77540106951872,250,96,56,46,41,35,32,29,18,18,20,24,20,16,14,34,25,36,35,27,9,17,9,8,7,3,5,1,4,5
9.38491665598111,0.0201807299999707,1.4262,1.85,879.814702802324,8.10234541577825,127,50,22,29,23,19,16,10,13,10,9,6,9,11,9,9,10,8,17,11,13,6,12,5,4,7,1,3,0,1
9.43497770135702,0.0236528933333529,2.0332,1.85,753.083218158442,8.87290167865707,121,47,27,17,19,11,6,11,11,16,5,7,10,3,6,6,9,9,18,9,12,13,8,2,4,4,1,3,2,1
9.46516040898628,0.0267433733332279,1.9148,1.83,578.571420847794,7.05128205128205,139,41,22,13,25,13,14,15,11,13,8,12,11,3,4,19,17,17,20,11,7,12,6,4,3,3,4,0,1,1
9.49040360334728,0.0236190266666463,2.0216,1.85,617.145248284517,7.53880266075388,122,52,35,16,23,14,13,6,15,4,14,15,5,12,9,16,12,11,9,6,8,11,7,4,5,3,3,0,1,1
9.52072934604958,0.0899508600001623,6.4098,1.85,177.67398139465,7.09534368070953,124,52,29,18,19,15,14,13,17,10,7,10,8,9,7,12,5,18,11,8,13,10,7,2,7,1,0,4,1,1
9.55126598401289,0.0253665066666416,1.7948,1.86,562.123410175205,7.54257907542579,113,50,28,20,18,11,19,6,11,6,13,6,7,9,5,10,9,11,14,5,9,6,7,7,5,2,2,1,1,2
9.57629988054729,0.0230485166667249,1.9898,1.85,910.128790548,8.44155844155844,133,53,19,22,21,13,10,13,11,15,12,17,8,3,6,9,10,13,15,8,12,8,8,5,7,2,2,5,2,2
9.60716260122646,0.0216392500000509,1.515,1.85,828.385583552456,6.6,160,52,39,29,20,10,10,16,10,7,7,10,6,8,6,14,12,13,18,13,7,8,6,9,2,1,3,0,4,3
9.66237186495592,0.0463054600001053,3.3036,1.83,314.298754621427,7.69230769230769,108,32,20,19,24,14,9,8,8,18,4,4,5,4,6,8,10,8,10,13,4,6,7,1,5,3,3,2,1,0
9.69273325931242,0.0348608600000466,2.4812,1.83,526.849742122852,6.11916264090177,156,74,54,28,19,16,25,22,19,15,12,12,12,8,13,23,19,14,14,9,19,15,4,7,4,2,3,3,0,3
9.71808851029511,0.0230207999999417,1.962,1.82,954.582929049047,8.59538784067086,121,43,38,26,20,15,17,12,17,8,7,13,12,9,6,18,10,13,13,13,5,8,7,9,6,3,2,1,5,3
9.74837608976194,0.0334633900000761,2.3874,1.82,438.29263449483,9.00692840646651,125,46,28,10,16,8,16,11,12,9,10,10,9,8,10,13,11,14,17,7,4,16,6,4,9,1,2,0,1,1
9.77326045060781,0.0248898199998895,2.1612,1.8,731.684479756125,6.69077757685353,162,50,47,21,15,15,14,19,17,25,8,16,12,12,8,15,11,21,11,9,8,13,8,5,4,1,2,0,4,1
9.80419703505563,0.0421769000000604,2.946,1.8,345.627841150428,7.12166172106825,94,35,22,16,12,13,7,15,11,3,7,7,5,7,3,17,5,13,8,10,3,4,2,6,4,2,2,1,3,1
9.83434290876238,0.0314433000001309,2.254,1.8,231.947262017826,6.08108108108108,92,39,17,15,16,10,9,7,9,3,6,8,5,2,3,5,5,7,6,8,6,8,5,1,0,2,2,0,0,1
9.86491786839897,0.0249832399999637,1.7656,1.77,792.473865463887,7.91896869244936,161,71,40,23,17,23,10,12,10,9,7,11,10,10,8,16,14,9,18,9,12,10,8,9,7,2,4,2,1,2
9.88980558288624,0.0177425766665879,1.5406,1.79,759.689449186501,5.72687224669604,128,53,33,30,18,12,13,19,10,7,10,14,10,8,3,11,10,12,12,7,8,9,3,5,1,4,1,2,1,0
9.95117423707068,0.0262448399999377,1.8504,1.75,636.3447972516,6.41711229946524,108,43,21,13,18,17,13,16,6,9,9,11,6,5,8,13,5,14,5,4,6,5,6,0,0,2,6,1,4,1
9.98185755174204,0.0402229199998861,2.8326,1.76,181.27268829787,6.31970260223048,73,29,20,14,11,8,10,10,8,5,3,3,7,4,3,7,6,6,7,10,8,8,4,2,1,0,1,1,0,3
10.0064906294779,0.0183973199999915,1.6138,1.75,895.794425140842,7.38916256157635,116,55,26,19,18,23,11,8,7,6,16,6,9,4,4,11,10,5,14,3,5,5,10,4,2,1,3,1,4,1
10.0371038638998,0.0299483333335014,2.114,1.73,269.34704855852,6.47482014388489,79,31,16,12,7,7,11,6,13,7,3,5,10,1,5,9,11,8,8,8,3,6,4,4,1,0,2,1,0,2
10.0677154258212,0.0374056666665951,2.6404,1.7,283.166051387629,7.93103448275862,85,42,12,15,9,3,13,5,7,5,8,7,6,7,5,9,2,8,12,5,2,6,6,3,2,1,4,0,1,1
10.0983636324581,0.0192751499999543,1.359,1.71,447.522777248407,5.01392757660167,119,40,22,12,16,17,9,8,8,5,4,9,11,6,5,6,11,9,12,4,8,6,3,4,3,1,0,0,1,2
10.1230350305851,0.0228515999999764,2.0016,1.71,535.455874210435,4.95626822157434,111,42,17,19,8,10,5,8,8,9,10,8,7,6,4,2,13,9,17,9,4,3,0,6,2,0,2,2,2,1
10.1482094877847,0.0350781500000092,3.011,1.7,250.870582593215,6.28930817610063,97,39,20,14,9,8,9,9,9,7,10,5,4,5,5,15,4,8,9,9,3,6,5,5,1,1,1,0,1,1
10.2177184512747,0.0591802333334024,1.8398,1.66,270.123527369359,5.24079320113314,226,61,46,30,25,21,28,19,16,18,21,13,14,15,9,22,21,23,15,12,14,13,6,7,6,5,0,0,0,2
10.2484023495669,0.0201015199999431,1.4156,1.69,476.26683744222,5.48628428927681,125,53,29,20,20,10,12,6,8,1,9,12,9,4,13,7,2,15,10,7,7,6,5,5,3,2,0,1,0,2
10.3524122116916,0.0535146400000543,1.1118,1.67,504.80790970648,5.45634920634921,287,118,80,49,46,40,27,24,26,20,21,21,19,20,7,38,18,29,27,23,13,16,9,15,5,4,2,1,3,0
10.3650723964678,0.0302130399999373,2.1736,1.65,235.181975222583,5.49450549450549,87,26,15,14,12,5,10,6,8,10,5,5,5,10,1,13,6,5,6,7,2,3,4,2,3,2,0,1,0,1
10.3851952997205,0.0265736999999614,1.878,1.65,407.298490262671,8.49673202614379,93,34,19,7,11,12,9,9,12,3,7,8,4,8,1,9,10,6,8,5,5,4,8,5,4,2,2,1,0,1
10.4128573694391,0.0248314799999886,2.1782,1.67,211.099208887528,6.08695652173913,63,26,17,12,7,6,8,9,8,8,6,6,4,2,4,10,6,5,5,3,1,5,4,1,3,0,1,0,0,0
10.439072093517,0.0283383333333248,2.429,1.64,204.484841268945,4.61538461538461,87,37,17,12,7,7,7,5,7,3,8,4,4,6,3,10,4,7,4,4,5,3,1,3,2,3,0,0,0,0
10.4656333335111,0.0364917466666984,2.5942,1.65,224.76014565939,6.18181818181818,83,23,12,14,11,9,7,12,12,5,4,6,6,5,5,9,3,8,11,4,9,4,3,2,6,1,0,1,0,0
10.5003186180396,0.0318727866668306,2.2472,1.65,166.139734538838,5.08474576271186,77,23,24,10,7,5,8,7,2,4,5,8,8,6,4,6,3,3,2,7,5,5,1,3,1,1,1,0,0,1
10.5300464506295,0.0342183199998481,2.9712,1.65,265.665713461758,5.98006644518272,89,28,14,15,16,16,11,11,9,7,6,4,5,4,6,9,6,3,14,6,4,3,5,5,1,2,0,1,1,0
10.5552174033434,0.0274186866668152,2.3302,1.65,249.966765576043,5.07246376811594,85,28,20,13,17,8,7,5,4,9,6,9,4,4,3,4,6,9,9,6,6,5,2,3,1,2,0,1,0,0
10.5806369711286,0.0256342466665537,1.8332,1.68,297.272241875147,6.74603174603175,73,33,20,10,14,6,9,6,9,6,3,6,4,3,2,7,5,8,4,3,4,4,5,2,3,1,1,0,1,2
10.6394502513937,0.0568861666666958,1.91,1.66,254.015141507442,4.45062586926286,229,90,51,38,23,25,23,22,17,16,14,12,16,8,11,21,9,19,16,12,15,10,7,9,2,3,0,1,0,1
10.6718993015505,0.039070186666628,2.7644,1.65,178.696340365154,6.58914728682171,94,28,16,8,10,9,3,7,5,2,5,5,4,1,4,3,11,8,10,4,4,6,3,2,3,2,1,0,0,0
10.6994337672481,0.0295738799999864,2.5942,1.68,265.711147201692,6.08974358974359,89,37,22,18,15,10,8,8,6,5,4,5,8,5,5,8,12,8,7,8,5,6,5,3,2,2,1,0,0,3
10.731803599247,0.0273084266666396,1.9322,1.63,192.339942821527,3.23886639676113,77,20,20,9,3,8,9,6,6,4,6,9,9,7,4,8,3,12,5,8,6,2,1,1,2,2,0,0,0,0
10.7656076365256,0.0244233333333348,1.7,1.68,425.450778957851,5.98802395209581,101,52,14,15,12,5,7,18,7,14,8,9,2,6,5,7,7,11,4,6,4,2,7,2,3,2,3,0,1,2
10.7898351382503,0.0194040300000022,1.7046,1.68,477.495305481359,6.59340659340659,73,36,13,22,13,9,8,7,9,4,4,5,3,8,2,6,3,6,11,8,5,4,5,3,1,1,3,0,1,0
10.8457229491905,0.0374444000000365,2.6124,1.66,144.945104785057,3.62903225806452,77,31,16,11,17,9,5,9,10,10,3,4,4,4,2,4,3,5,7,2,6,1,3,3,0,1,0,0,1,1
10.8724045989838,0.0226060266666823,1.9888,1.69,269.061144077103,4.81481481481481,84,31,20,15,14,9,6,10,6,5,6,5,2,5,5,8,4,6,5,9,2,2,5,2,1,2,1,0,0,1
10.9057848205156,0.0355714799999978,2.5228,1.67,170.296011247965,6.03448275862069,68,21,8,12,13,8,11,5,7,5,3,6,6,8,5,5,7,3,4,8,5,3,3,4,2,2,0,0,0,0
10.9286166908941,0.0162680533333468,1.3984,1.67,399.647795301816,6.03174603174603,85,43,28,13,13,12,7,13,11,5,6,6,8,4,7,6,8,8,5,3,5,9,4,4,1,0,1,0,0,1
10.953087714885,0.0389662699999434,2.7538,1.69,169.810041249097,7.69230769230769,76,36,22,14,10,4,5,5,5,4,3,9,2,1,3,6,5,8,8,9,5,8,5,5,1,1,0,0,0,0
10.9764474014184,0.0218057733335135,1.8664,1.67,362.953511685571,6.07142857142857,75,40,12,18,10,7,8,8,5,8,3,5,5,3,6,11,7,4,15,8,5,6,3,4,2,1,0,0,1,0
11.0065763678884,0.0290323366666514,2.0566,1.67,238.763845757877,7.04845814977974,61,29,13,14,13,9,7,7,2,7,4,7,2,6,0,5,4,10,5,4,2,5,3,3,2,2,0,0,1,0
11.0401900637729,0.0359819133331748,2.5732,1.67,143.237275755099,4.3956043956044,82,30,25,9,13,4,13,10,9,6,5,11,6,3,4,5,6,8,5,4,3,3,3,3,2,1,0,0,0,2
11.068107149578,0.0343514100000492,2.3994,1.68,316.63301026529,6.84523809523809,102,41,13,16,12,13,14,11,12,10,9,6,6,1,2,9,6,9,8,8,5,4,4,9,0,4,0,1,1,0
11.1145670506301,0.0168660599999855,1.4436,1.67,370.659352171875,8.06451612903226,69,26,16,10,14,10,7,7,8,5,7,6,9,5,2,5,3,5,5,5,4,4,11,3,1,1,0,0,0,0
11.1472160122719,0.0307819099999553,2.1754,1.67,117.462147426985,3.09734513274336,72,23,16,9,13,9,8,5,4,6,6,8,2,1,3,7,4,8,5,3,7,3,2,1,1,0,0,0,0,0
11.1740065149216,0.0213476399999902,1.8726,1.67,384.044099140516,4.3343653250774,113,33,18,13,15,13,6,14,3,9,5,5,6,11,8,6,8,7,3,7,6,5,1,1,3,1,1,2,0,0
11.2014966300224,0.0197318200000264,1.4044,1.7,361.779251748939,4.66926070038911,63,37,20,16,7,6,8,5,6,7,6,7,4,8,6,8,4,5,9,10,3,3,4,1,0,2,1,0,1,0
11.2246825396884,0.02127598666677,1.8056,1.7,306.991017420927,4.62962962962963,100,31,30,14,12,13,9,4,10,12,9,6,9,5,5,11,9,11,2,4,3,2,3,7,1,2,0,0,0,1
11.292637134993,0.0634080666666816,2.147,1.68,277.273813332738,4.6639231824417,205,97,69,33,35,26,27,18,16,14,21,16,9,12,14,8,19,20,9,16,11,4,9,11,3,4,0,2,1,1
11.3188881864384,0.0909180033331176,6.4102,1.7,114.618085207,7.27272727272727,99,47,22,16,20,12,8,6,9,5,7,9,9,2,2,10,2,3,8,5,5,7,8,4,1,1,0,1,2,0
11.3436836458462,0.0210142700000055,1.8038,1.71,470.055232177288,6.96378830083565,108,34,29,15,19,15,7,10,10,8,4,3,5,7,5,5,7,10,13,8,12,9,8,4,0,2,2,0,0,0
11.3688845782079,0.0247884800000447,1.7664,1.73,392.401526706671,7.66550522648084,91,35,15,16,13,7,12,5,8,7,4,7,5,4,1,10,10,6,4,2,3,5,3,5,3,4,1,0,1,0
11.3988996942679,0.0258690299999624,1.8282,1.67,360.587317506249,6.46153846153846,84,44,19,16,11,11,9,9,9,8,1,5,10,5,6,15,9,10,9,9,5,0,13,3,1,3,0,1,0,0
11.4292140463392,0.020117999999994,1.7244,1.71,300.832518346044,6.53846153846154,78,30,19,12,6,8,7,11,7,3,5,7,5,9,2,8,5,6,6,7,2,9,3,3,1,0,0,1,0,1
11.5225997758377,0.0716884833333701,2.407,1.69,292.443766074516,5.61622464898596,180,60,46,34,35,27,16,21,14,11,13,14,17,13,8,13,12,26,17,12,16,9,8,4,6,3,1,1,4,0
11.5460396276141,0.0197375533334512,1.7188,1.7,390.187363602746,3.27380952380952,118,30,19,12,11,10,12,11,7,12,11,4,5,7,6,8,7,10,11,5,9,2,3,3,1,0,0,1,1,1
11.5752064719132,0.0248179966666078,1.7498,1.67,306.66576796543,3.71621621621622,91,34,26,15,15,14,5,6,9,5,9,1,4,5,3,12,5,9,6,6,5,3,2,0,2,1,0,3,0,1
11.6066278983419,0.0522939499998759,3.687,1.7,230.379390137747,7.23514211886305,121,46,24,19,21,10,7,8,8,7,9,8,3,7,5,9,12,12,8,7,8,8,6,4,5,3,1,0,1,0
11.6346372118168,0.0316287066666928,2.7188,1.74,384.895455672469,6.30372492836676,94,39,22,18,18,11,19,11,7,10,8,6,5,3,9,8,12,3,7,9,8,7,3,2,4,2,1,1,2,0
11.6612187728634,0.0276416399999983,1.9604,1.69,264.222252310478,6.59340659340659,91,31,18,8,15,11,8,6,6,10,5,3,6,3,2,6,5,3,8,1,9,8,5,2,0,1,0,2,0,0
11.6872454636446,0.0186316633334231,1.6178,1.7,437.782253923729,5.26315789473684,111,51,30,14,8,13,5,10,10,9,10,10,8,5,9,10,7,7,10,2,3,7,4,3,1,1,3,0,0,0
11.7212534409278,0.0360950666664245,2.566,1.71,171.028342126591,4.14201183431953,108,56,25,13,23,10,8,11,4,7,9,3,6,6,2,6,3,7,11,4,2,6,3,3,1,0,0,0,1,0
11.7515097217642,0.0202587200001327,1.4334,1.72,420.537460266432,4.97512437810945,121,57,23,27,20,12,7,13,11,9,8,13,5,5,7,5,5,5,11,11,7,6,6,5,1,1,0,1,0,3
11.7775658977724,0.0181001166665458,1.5626,1.74,362.848667806964,4.51807228915663,107,32,19,14,15,10,14,9,9,8,8,9,4,6,7,8,9,7,7,6,9,7,4,1,2,0,1,0,0,1
11.8116500619925,0.0309375600001881,2.1864,1.73,224.775052699056,5.20446096654275,74,32,16,14,9,13,5,6,5,8,3,10,3,6,4,6,5,15,9,6,6,2,5,1,3,3,0,0,0,1
11.8393158714413,0.0195941299998775,1.3946,1.75,584.010140106292,4.81927710843374,104,48,27,33,21,15,14,13,15,9,11,9,7,10,8,14,3,10,13,8,3,5,2,5,2,3,0,2,1,2
11.8672994126212,0.0168100866667531,1.1852,1.76,568.589568417204,5.64102564102564,126,41,30,19,13,12,12,13,15,16,6,3,6,7,6,13,6,7,4,8,5,11,3,1,4,1,0,1,1,1
11.8977043405479,0.0320789999999386,2.2644,1.78,380.550346356493,6.14525139664805,119,45,28,10,11,10,13,5,7,6,8,7,9,6,4,12,6,12,7,3,8,3,8,1,5,1,0,2,2,0
11.9248466284149,0.0246088133332241,2.1368,1.78,259.02071943304,3.44827586206897,85,28,23,12,16,13,12,10,8,6,9,11,7,4,3,14,9,10,11,8,9,2,2,6,0,1,0,0,0,0
11.9579395702131,0.0270237000000886,1.8964,1.81,320.802781454361,5.0561797752809,91,48,24,23,12,10,13,10,9,9,5,7,6,12,15,10,5,2,7,12,8,7,2,2,3,3,1,0,0,0
11.985709557829,0.019673986666694,1.6936,1.85,583.222912884952,5.39906103286385,110,47,31,12,18,13,14,10,14,13,19,12,7,2,6,14,9,15,17,10,10,8,5,4,2,2,1,0,1,1
12.0180698497868,0.0383621200000513,2.7304,1.83,314.394582430982,5.93607305936073,123,60,25,18,20,11,15,12,12,15,4,14,10,9,5,11,12,6,15,7,8,6,6,5,5,2,1,0,1,0
12.0481348296442,0.0367252533333652,2.6108,1.86,447.156497404784,4.78170478170478,128,66,34,26,18,17,14,16,11,14,6,9,12,7,7,15,13,20,12,8,5,6,3,2,1,3,4,0,4,0
12.0685453410385,0.0220797533332353,1.9172,1.88,728.666546093245,5.55555555555556,132,46,29,17,19,17,21,13,5,8,13,13,4,5,4,20,9,12,18,10,10,7,3,1,6,2,2,1,3,3
12.0958196495045,0.0325953833333162,2.309,1.88,395.390045759451,6.2015503875969,107,46,28,16,17,13,7,11,13,5,11,7,5,11,8,13,14,12,6,5,8,4,5,4,4,4,0,2,1,1
12.1231269984707,0.0276616066667051,2.3812,1.88,656.785112996655,7.07635009310987,176,60,41,20,15,17,16,14,11,10,10,10,11,12,12,12,7,10,11,12,12,11,9,9,2,1,1,2,3,0
12.1572877460128,0.0260514666666893,1.852,1.9,333.090313183265,5.83333333333333,96,31,18,23,12,9,10,8,14,11,11,10,9,8,6,14,6,9,16,9,9,10,6,1,2,1,1,0,0,0
12.1888336210807,0.0162668533332576,1.1402,1.91,988.9486541194,5.91603053435114,158,55,29,30,22,15,17,7,11,7,9,14,7,11,9,26,14,15,18,10,9,7,8,6,1,5,1,2,1,1
12.2163125698084,0.0261921333333561,1.862,1.91,418.064250662791,4.9800796812749,139,49,41,15,30,14,17,9,9,8,14,11,17,10,9,15,12,20,18,8,12,6,9,4,6,0,0,0,0,3
12.3067912331617,0.0361116400000106,1.2118,1.95,1027.13646564197,7.10172744721689,282,119,65,53,36,32,31,28,24,23,13,36,27,18,15,30,31,24,29,31,21,15,20,10,11,8,3,4,3,3
12.3641572854222,0.0193568000001044,1.6832,1.95,665.640946174316,6.11246943765281,108,40,31,22,16,13,14,9,12,10,9,12,9,8,8,11,13,14,5,9,11,7,8,2,2,2,1,2,1,1
12.4130010728925,0.0155355666667059,1.3412,1.98,784.535030417377,7.27762803234501,107,37,22,14,13,13,9,17,11,12,6,9,5,12,8,12,5,8,12,5,7,7,5,5,4,3,1,2,0,3
12.4448878265907,0.0199279166666747,1.415,1.98,560.323296345882,5.75342465753425,99,41,24,16,10,12,18,7,9,12,6,8,10,7,3,17,3,13,11,9,9,7,3,4,2,2,1,1,1,2
12.4773709341676,0.0160582933332802,1.3984,1.96,766.342652824269,7.09534368070953,132,38,29,23,17,15,18,11,11,10,10,14,9,7,7,10,9,17,13,6,13,8,8,9,4,3,0,0,0,1
12.5019469727302,0.0164834199999641,1.4396,1.98,326.815592417833,3.44827586206897,103,36,25,12,15,9,9,7,6,12,9,5,6,8,4,10,5,10,8,7,2,4,3,2,1,0,1,0,0,3
12.5317820750962,0.0182696800000346,1.2776,1.98,828.219360067808,8.19672131147541,97,40,26,16,17,20,15,6,8,6,5,10,8,2,7,7,12,10,10,6,8,5,7,6,6,2,0,1,3,2
12.5613373103925,0.0179604999999656,1.2678,1.97,850.541448301895,6.58914728682171,162,55,27,23,30,13,18,16,14,9,9,8,8,5,8,16,13,11,9,11,17,9,7,10,3,2,1,1,1,0
12.6244697520492,0.0554332500001759,1.8738,1.99,319.972272741024,6.22083981337481,179,63,45,23,30,22,25,19,10,22,19,22,14,7,12,12,18,18,23,9,11,9,12,7,5,3,3,1,0,2
12.6851811664454,0.0261285366666047,1.8422,2,389.159413858827,9.56175298804781,76,25,16,7,16,7,6,4,6,3,3,4,9,1,4,7,6,9,10,3,5,4,8,4,4,2,0,1,1,2
12.7161658930362,0.0253894333333435,1.8028,2.01,244.932377680945,4.8,75,32,17,9,13,8,5,6,7,9,4,4,3,4,5,7,5,2,5,8,10,4,6,0,0,1,0,0,1,0
12.7919125827843,0.0169569399999911,1.2012,2.03,294.558371407066,7.02702702702703,70,13,13,8,6,4,3,6,2,5,3,5,4,2,2,6,3,8,2,2,5,4,4,2,1,1,1,0,0,1
12.8555500869122,0.0381667000000722,2.669,2.05,277.842494231907,6.50887573964497,85,39,25,16,20,19,8,11,8,5,13,2,2,4,3,9,11,10,10,6,10,3,5,5,3,4,2,0,0,0
12.8747706405559,0.0118993199999945,1.0438,2.06,870.936607294269,6.54545454545455,71,24,25,11,11,7,13,8,6,10,4,8,5,3,3,13,3,8,9,6,9,3,4,4,2,2,1,0,2,3
12.903369925136,0.0349022133333636,2.4812,2.06,281.178102792415,7.90513833992095,76,24,18,13,8,7,5,6,7,7,7,3,7,2,3,6,10,8,4,7,5,5,4,4,1,3,1,1,1,3
12.9391763172312,0.0297998999999567,2.106,2.06,448.073598111164,5.40540540540541,159,54,30,28,21,12,11,21,12,12,12,12,8,12,11,13,11,20,14,9,8,4,9,5,6,3,0,0,1,2
12.9938290536508,0.0201818333332947,1.4246,2.08,418.062154328417,8.45771144278607,56,20,11,11,6,2,5,4,3,2,4,5,4,3,7,10,6,12,3,9,1,4,1,5,4,1,0,1,1,0
13.0154789526304,0.0135889899999731,1.1598,2.08,505.178157165656,5.75079872204473,84,35,27,18,8,12,5,14,10,7,7,4,8,8,3,13,7,6,10,5,4,7,5,4,0,1,1,0,0,1
13.0450747201936,0.0231290666664919,2.0408,2.07,325.988660768555,5.55555555555556,80,25,17,17,11,7,5,10,11,8,7,2,15,3,6,8,8,7,9,8,8,5,4,3,2,0,2,0,0,1
13.0726294837969,0.0330099466667902,2.3192,2.07,321.651235194021,5.74018126888217,83,33,23,13,18,10,10,12,7,14,7,10,3,7,9,8,13,3,12,7,10,5,3,2,3,2,3,1,0,1
13.1032493469905,0.0230988666667083,1.646,2.06,395.5275650553,7.32484076433121,87,23,16,15,13,17,6,6,9,6,6,6,11,13,4,12,10,7,8,9,7,10,4,3,2,3,1,0,0,0
13.1537690775045,0.0159425566667029,1.1374,2.06,690.553294459342,8.42105263157895,101,37,30,17,16,13,12,10,11,4,11,8,5,5,4,7,13,22,12,5,5,13,8,3,5,2,1,0,0,1
13.1848974595409,0.016375739999999,1.1614,2.06,763.409914229477,7.94117647058824,91,39,35,16,12,9,14,7,11,8,7,7,3,6,4,8,14,12,7,1,2,7,5,6,4,1,0,2,2,0
13.2349348040164,0.0907043300005515,6.4102,2.06,127.223407612171,6.96969696969697,79,34,23,18,17,10,11,11,7,10,4,6,7,7,4,13,11,6,16,8,5,7,4,2,0,9,0,0,1,1
13.2653740069741,0.0255379199999629,1.8048,2.06,413.933569650677,5.01089324618736,124,47,33,20,20,14,18,12,12,8,6,10,7,12,3,17,14,21,20,11,7,6,7,5,2,3,0,0,0,2
13.2953254593399,0.0909180033331176,6.4102,2.06,195.957347712603,6.8359375,152,51,31,18,22,15,14,13,18,16,12,13,12,4,4,17,14,9,18,13,11,10,8,4,5,2,1,4,1,0
13.3246133928922,0.0301200900001105,2.6078,2.06,407.562165584942,6.23655913978495,130,49,34,17,23,12,14,11,14,11,15,14,7,9,9,12,9,8,18,11,9,9,8,3,5,2,2,0,0,2
13.3835522658268,0.0616455433331443,2.0698,2.07,408.135460596618,5.10204081632653,272,89,47,41,36,27,30,23,28,25,14,24,19,15,13,21,26,28,27,17,15,10,11,9,4,4,2,2,3,4
13.4043905373402,0.0132661366666682,1.1654,2.07,881.350830310162,7.58620689655172,79,33,16,20,11,12,9,10,6,6,7,7,5,4,1,11,2,5,14,3,7,5,5,2,4,2,1,1,2,2
13.4356404208609,0.0157970600000961,1.1164,2.07,574.098112943301,5.35211267605634,92,30,18,24,22,17,12,14,9,14,6,10,2,6,5,11,6,10,12,12,4,6,3,2,4,3,1,0,0,1
13.4645333067823,0.0126829499999609,1.0794,2.07,999.671124930623,5.65217391304348,124,45,34,18,20,17,18,10,16,12,12,10,10,6,5,17,11,15,17,8,9,4,6,6,3,6,1,0,0,0
13.49295927551,0.0233829199999296,1.6782,2.07,657.859607604712,5.71992110453649,135,61,36,26,20,19,18,23,5,13,14,8,14,7,7,15,10,12,15,10,10,7,9,4,1,5,0,0,3,1
13.516624078465,0.01533288000003,1.3218,2.07,956.029162964817,6.54205607476636,119,46,37,21,16,12,14,14,8,16,13,11,5,11,3,8,8,18,9,5,6,7,3,3,9,1,1,3,1,2
13.5413003329995,0.0131390766666554,1.1246,2.07,1113.96984828308,7.36196319018405,144,68,30,22,21,8,9,12,11,12,13,7,4,12,8,14,11,12,14,11,10,11,7,6,5,5,2,0,0,1
13.5673340282383,0.0395633999999426,2.796,2.06,300.075581368967,4.5045045045045,135,43,31,17,18,17,14,12,13,16,7,11,8,9,7,12,11,15,11,10,7,3,3,8,1,3,0,0,2,1
13.5911158306869,0.0296900100000034,2.6082,2.06,523.193458433995,5.17241379310345,155,52,34,23,22,14,8,17,13,12,17,13,9,13,11,12,14,13,18,12,13,7,3,5,6,2,1,2,1,0
13.6212448157178,0.026957186666856,1.9096,2.04,570.867748731794,5.83657587548638,161,58,32,26,22,17,11,16,8,12,8,9,14,12,10,20,7,10,11,12,8,12,2,7,2,1,3,1,2,0
13.6558309824807,0.0306670466666505,2.1724,2.02,349.485159417798,5.29801324503311,125,48,30,21,21,22,13,13,11,14,15,15,11,8,6,11,11,9,12,2,11,9,3,3,6,2,0,1,0,0
13.6781179737993,0.0370326833332455,2.611,2.02,325.432679654394,7.04960835509138,103,44,26,18,18,17,14,4,13,7,9,9,8,10,7,10,7,12,8,6,6,6,8,5,3,2,1,1,1,0
13.7006201354321,0.0325748999998738,2.8326,2.01,353.04505900338,5.33049040511727,152,51,23,26,16,12,12,11,9,8,8,8,15,12,8,15,9,18,16,6,9,7,5,4,6,1,2,0,0,1
13.7243572226561,0.0203197866667998,1.7318,1.99,567.61859222056,5.94965675057208,146,43,29,18,15,12,18,15,5,16,12,8,4,5,11,9,4,11,10,13,7,13,6,2,0,1,2,1,1,0
13.756531018096,0.0254789199998525,1.8156,2.06,522.723280517652,4.6189376443418,122,49,36,22,20,17,16,9,11,13,8,5,11,9,5,13,8,9,15,7,8,4,4,4,2,1,1,1,3,0
13.7829791839685,0.0252280600000478,1.7642,2.01,333.813848124285,5.94594594594595,108,52,38,18,14,8,9,14,9,10,7,8,7,5,5,6,4,7,8,8,3,5,5,7,3,1,1,0,0,2
13.8036459975053,0.0211183600000024,1.8552,2.01,403.160192684068,4.86322188449848,100,45,19,20,15,12,9,9,15,5,1,5,9,4,5,13,5,8,4,6,4,3,6,1,3,0,1,1,1,1
13.8600116303558,0.0275692200000142,1.9212,2.01,371.675295270729,6.47058823529412,95,39,31,15,16,15,11,8,6,6,4,12,5,4,7,6,11,11,4,9,3,8,5,3,1,1,2,1,1,0
13.88582450724,0.0171709999999045,1.2488,2.02,574.805345364987,5.22388059701493,118,51,31,22,14,7,12,10,9,10,6,7,9,4,3,13,12,11,13,10,9,5,7,5,1,1,1,1,0,1
13.9485230266084,0.190905210000098,6.4098,1.99,130.384951107057,6.23501199040767,265,82,50,40,36,33,30,21,14,20,16,24,7,15,15,20,20,18,22,22,12,17,10,10,5,3,1,4,2,1
13.9687669704811,0.0257789066667908,2.2384,1.97,291.234086629895,4.94505494505495,112,44,28,18,12,14,9,13,12,7,6,8,7,5,3,10,13,7,7,4,7,5,5,5,1,1,1,0,0,1
13.9983980825888,0.032919150000044,2.343,1.96,254.16241021856,5.81717451523546,107,44,24,18,14,15,9,14,9,7,7,7,3,6,2,9,4,15,11,7,8,7,9,2,1,1,0,1,0,2
14.0230814247927,0.0170630933332576,1.4816,1.93,578.257778161639,4.98533724340176,97,40,28,6,17,9,3,8,6,10,15,4,6,4,9,8,11,11,18,7,7,2,5,4,3,0,2,0,1,1
14.0457491023945,0.0388569300000201,2.7078,1.91,271.317287195635,5.57275541795666,108,31,16,19,12,10,12,7,10,10,3,5,9,6,2,5,10,12,10,6,2,3,5,2,1,3,1,2,1,0
14.0734954865396,0.0353160800000472,2.5136,1.86,231.021142517983,7.2289156626506,106,42,20,13,11,8,10,15,9,2,7,10,3,3,8,6,7,7,7,10,4,10,5,4,3,2,0,0,0,1
14.1027330999495,0.0224636499999307,1.9118,1.88,482.56330116463,6.23306233062331,108,41,18,20,10,19,13,14,8,9,9,9,9,4,5,9,5,12,7,10,7,6,5,5,3,1,2,0,1,1
14.1521760645947,0.0466653600000006,1.5792,1.86,370.47663721056,4.31654676258993,221,67,54,29,25,20,21,18,21,19,21,18,14,14,8,12,20,20,17,11,15,8,9,3,4,2,1,0,3,1
14.1769025404026,0.0313130000001328,2.715,1.86,189.321331319913,5.09090909090909,92,27,18,23,9,10,5,7,4,8,1,7,5,5,5,10,3,10,6,4,2,3,6,3,0,1,0,1,0,0
14.2068889946051,0.0414399999997983,2.96,1.83,170.00577276419,5.43130990415335,94,40,24,14,21,12,12,7,4,3,8,4,3,3,5,10,3,10,7,6,6,6,4,2,3,1,1,0,0,1
14.2276653913375,0.0252887333333972,2.1832,1.8,276.449917050164,3.2,119,42,33,9,23,14,5,10,9,7,9,10,9,5,5,10,8,10,12,6,8,5,0,2,2,3,0,0,0,0
14.2572340649363,0.0229858199999986,1.6302,1.8,399.76343347585,5.01672240802676,101,35,13,19,16,6,2,8,6,9,6,6,4,5,4,9,6,8,4,8,9,4,0,5,2,0,1,3,0,2
14.2779589954938,0.0325427566666387,2.7854,1.78,165.694339371507,3.27868852459016,90,26,16,13,11,6,5,4,5,5,9,5,5,2,3,3,6,4,7,6,5,2,3,1,0,0,1,0,1,0
14.2983503973415,0.0380584000000687,2.712,1.76,177.341027634152,4.0590405904059,80,29,21,8,13,6,11,6,5,12,10,7,4,3,6,6,5,7,7,6,8,4,3,1,0,1,1,0,1,0
14.3220198157391,0.0298780500000755,2.5794,1.76,267.45919053398,4.54545454545455,94,32,17,20,19,9,13,8,12,8,6,5,5,5,4,8,10,9,11,10,10,7,2,1,2,2,0,1,0,2
14.3468541832741,0.0196465600000051,1.6864,1.74,312.359012127167,5.57377049180328,94,28,23,22,13,9,10,8,8,3,6,6,2,4,7,8,7,8,12,6,4,3,10,3,1,0,0,0,0,1
14.3692773046259,0.0284738599999381,2.4868,1.73,297.325778015286,6.10169491525424,68,45,23,13,17,10,12,9,9,6,9,10,6,5,4,6,4,7,6,5,3,3,5,3,4,1,1,0,1,1
14.3912087038998,0.019768199999983,1.692,1.66,351.943537954644,4.85074626865672,88,33,19,13,13,10,7,7,8,1,3,3,2,4,3,7,8,12,4,5,5,2,4,3,2,0,1,0,1,1
14.4198520429441,0.0354818333332655,2.5046,1.74,233.788904748027,6.88405797101449,90,36,18,9,14,6,7,5,2,7,5,2,7,11,4,7,6,7,4,5,5,8,4,2,1,1,2,0,1,0
14.448781347217,0.0403337066666267,2.8538,1.71,217.929517429922,4.80225988700565,112,50,18,19,11,14,9,7,7,4,9,8,8,9,7,6,9,16,4,5,5,5,1,5,3,1,1,0,1,1
14.4725806090672,0.0353614800001297,3.0616,1.7,242.793216059697,5.14469453376206,101,41,19,18,8,9,13,6,6,5,3,5,9,3,6,11,8,7,8,4,5,5,4,0,2,2,2,0,1,3
14.4940901148389,0.0301873466667947,2.6174,1.68,238.16101862336,7.61904761904762,54,25,13,14,5,6,10,7,8,2,9,7,3,6,1,7,2,4,4,4,3,5,6,1,1,0,1,1,1,1
14.5273813430297,0.0264547733333071,1.8718,1.68,220.276418719274,7.6,77,28,16,10,11,11,8,7,5,5,2,5,3,3,4,4,10,4,10,6,2,9,5,2,3,0,0,0,0,2
14.5488880341138,0.031530846666616,2.7578,1.66,276.749371550595,6.64556962025316,102,39,14,12,15,10,7,13,4,12,4,8,6,3,10,3,4,13,9,4,3,4,8,5,0,3,0,0,1,2
14.574672564522,0.0257767900000067,2.2126,1.64,314.414195059357,4.43548387096774,71,20,21,13,14,10,8,6,3,5,7,6,2,5,2,7,8,5,12,8,4,1,4,1,0,1,2,1,1,1
14.603091086828,0.0188900166666471,1.6546,1.66,339.811801953628,5.91133004926108,59,23,11,9,7,9,11,9,3,3,6,3,1,1,5,5,6,3,10,5,2,3,3,1,1,1,2,1,0,1
14.6242680754965,0.0144759999999957,1.2408,1.66,344.988280927009,3.47826086956522,69,37,14,9,6,11,9,5,7,6,5,3,6,3,3,6,3,5,6,4,5,1,3,2,1,0,0,0,1,1
14.6689543556561,0.0221443999999142,1.9256,1.64,305.927573050764,5.26315789473684,80,38,13,6,14,16,3,3,4,5,2,5,1,4,7,3,5,8,11,4,2,3,2,4,0,3,0,0,1,0
14.695967416889,0.0240706666666594,2.0632,1.64,225.922359380465,4.56852791878173,76,28,18,5,7,7,4,4,3,4,4,2,1,4,2,2,5,3,5,1,3,4,1,0,0,2,0,1,1,0
14.7301035579316,0.0158062066666676,1.1002,1.63,544.26404515449,5.71428571428571,81,40,23,18,7,10,7,9,5,5,2,3,6,4,5,8,9,3,8,7,4,5,5,1,1,1,1,0,2,0
14.753469836354,0.0427357800001553,3.1194,1.65,153.707901888324,4.36681222707424,62,23,20,10,10,9,12,9,5,7,3,2,3,6,6,6,6,6,10,2,2,2,1,2,1,1,1,2,0,0
14.7803090363218,0.0433783066665638,3.0584,1.64,93.046470629608,3.39622641509434,82,29,18,16,10,9,13,4,7,4,5,10,8,3,2,9,5,8,5,5,4,4,3,1,1,0,0,0,0,0
14.8251867439064,0.020296900000085,1.201,1.64,251.709790640025,3.1496062992126,64,28,17,19,11,8,3,11,11,7,10,6,4,3,4,10,6,6,7,8,3,1,2,1,3,0,1,0,0,0
14.84394181266,0.0295066999998857,2.5658,1.65,185.270241722292,8.23529411764706,59,19,9,12,11,2,6,5,3,6,5,1,0,2,3,0,7,3,0,0,3,3,3,3,2,2,0,1,0,0
14.87590875552,0.0158411666666364,1.1182,1.63,369.500631036035,5.82959641255605,63,33,19,11,6,5,8,7,9,3,8,3,3,5,4,3,5,4,5,4,2,3,6,1,0,2,0,0,1,0
14.9009551435113,0.0729648900000083,6.4098,1.63,76.8351766547019,5.31400966183575,59,21,17,14,8,8,7,6,6,5,2,4,2,3,2,10,3,4,4,7,4,2,2,3,2,1,0,1,0,0
14.9205901883023,0.0203266633333158,1.7398,1.62,117.583675856284,2.58620689655172,35,14,9,7,6,5,5,6,3,2,1,1,3,3,2,3,0,2,1,3,2,0,1,1,0,0,0,1,0,0
14.9454566283792,0.0335971800001399,2.4084,1.63,110.062902618384,3.86740331491713,51,20,20,11,5,6,3,5,8,6,2,3,2,2,2,7,5,3,4,3,6,1,4,0,0,2,0,0,0,1
14.9684190065092,0.0368983033333016,3.1582,1.63,211.904267805595,5.72519083969466,78,35,19,14,12,5,9,6,7,10,8,4,3,6,2,8,5,9,4,2,1,6,4,1,0,1,0,1,2,0
14.9908006882005,0.0177874400000247,1.5312,1.59,160.032348230379,1.97044334975369,61,19,14,12,10,7,8,4,6,6,7,4,6,3,4,6,5,4,5,4,4,2,0,1,1,0,0,0,0,0
15.0210052604054,0.0264830399999738,1.8738,1.62,209.071613604677,4.68085106382979,75,34,17,14,4,7,11,5,7,2,4,3,4,2,5,3,3,11,7,2,4,1,4,2,2,0,2,0,0,1
15.0444139021294,0.0243483199999332,2.1234,1.63,186.101706881884,4.60829493087558,65,26,12,10,12,4,6,9,3,4,7,7,5,6,3,3,7,2,5,7,4,7,0,0,0,3,0,0,0,0
15.0749600703746,0.01657501333338,1.1618,1.65,147.502625485971,1.0989010989011,49,28,10,9,8,7,4,4,6,5,6,2,5,4,2,3,8,11,6,0,3,1,0,0,0,1,0,0,0,0
15.104574787704,0.0205482000001108,1.7868,1.63,256.532501185665,3.77358490566038,56,25,16,12,22,6,4,2,5,7,6,0,5,7,3,3,4,7,5,6,3,3,1,1,1,0,1,0,1,0
15.1244028958257,0.0123698466666257,1.0772,1.61,460.093132428508,3.42205323193916,81,44,17,10,18,7,12,6,2,7,6,2,1,3,2,4,6,8,6,6,6,2,3,1,1,1,0,0,1,0
15.1475693124149,0.0265029999999493,1.8708,1.63,115.180299690007,2.7027027027027,61,21,13,13,2,4,6,6,3,8,4,5,3,3,4,5,4,5,2,2,6,1,1,1,2,0,0,0,0,0
15.1749061489715,0.0229312666667188,1.636,1.68,333.506516324602,6.16740088105727,74,20,19,4,12,8,5,8,7,2,6,3,4,6,2,2,3,7,8,7,6,2,7,0,1,2,0,1,1,0
15.236049742633,0.0289239999999913,2.4792,1.63,186.401678226079,5.97826086956522,42,24,12,11,11,8,1,4,3,9,2,7,2,4,7,8,6,4,4,2,2,2,2,3,1,2,0,1,0,0
15.2603652169523,0.0321046799999852,2.8162,1.65,242.580174144331,6.69456066945607,69,32,15,12,11,6,4,12,5,6,2,6,3,4,2,5,3,6,11,5,4,5,5,3,0,1,0,0,2,0
15.2806917198851,0.0254278799999397,1.7928,1.63,241.036460972696,5.11627906976744,58,32,13,10,10,5,6,8,9,5,6,4,0,3,5,4,6,6,5,5,4,2,4,1,1,1,0,2,0,0
15.3015535666523,0.0145086666666623,1.2436,1.64,456.077490765006,5.16605166051661,96,42,15,12,15,9,4,8,3,6,5,5,9,3,0,4,4,6,4,3,4,5,2,1,2,2,1,1,0,0
15.3407955426427,0.0256957333334648,1.8464,1.64,100.570483827955,3.04568527918782,60,28,13,14,13,6,7,1,3,4,2,8,1,5,3,6,4,2,9,2,0,3,2,0,1,0,0,0,0,1
15.3656313231408,0.0284013333333248,2.4344,1.64,359.511896288148,5.40540540540541,117,30,24,19,13,4,8,6,8,8,6,9,9,4,3,8,7,13,7,4,8,5,2,1,4,2,2,2,0,1
15.3836153372954,0.0326619999999902,2.7996,1.62,202.802152729977,5.90717299578059,68,29,16,8,11,7,9,10,3,3,4,6,5,4,2,11,8,5,6,1,7,2,5,2,2,1,2,0,0,0
15.4079740515021,0.0160375199999926,1.4068,1.64,506.328437975524,5.65371024734982,82,32,19,16,14,11,5,10,7,10,6,3,6,7,2,6,6,5,12,3,5,3,8,2,0,1,0,0,2,0
15.4393650791711,0.0278674133332672,1.9648,1.64,343.784175072949,7.3469387755102,87,32,12,13,11,7,10,5,5,3,3,2,2,3,1,4,3,8,6,6,4,5,3,3,1,0,4,1,1,0
15.4630000305391,0.042936249999963,3.675,1.64,232.223907072588,5.45454545454545,101,46,24,9,10,10,8,9,14,9,5,5,4,6,2,8,10,9,11,6,6,5,6,1,2,0,2,0,2,0
15.4851985601427,0.0269993800000343,2.3788,1.66,422.76404195023,6.45161290322581,86,37,19,17,19,10,14,7,19,7,5,6,4,8,6,13,8,14,9,4,7,4,9,1,3,1,1,2,1,1
15.5067273612257,0.0232201200000852,2.0104,1.65,216.778947114726,3.49344978165939,83,23,22,10,4,7,4,6,6,2,4,7,3,8,4,5,6,1,7,5,4,3,2,0,1,1,0,0,1,0
15.5382972140888,0.0339943333332683,2.3996,1.65,260.444019487175,6.25,103,37,16,20,18,7,12,9,7,9,5,4,6,4,7,8,3,7,7,3,8,8,3,2,3,2,0,2,0,0
15.5643987544173,0.0319518399998582,2.7744,1.66,292.559993233205,5.64971751412429,115,41,24,15,12,7,7,10,7,4,5,4,12,8,7,12,12,5,7,14,6,5,5,7,1,0,1,0,1,0
15.5817575251353,0.0209254000001128,1.8196,1.67,752.627131578211,6.20985010706638,138,66,31,24,24,11,9,17,8,13,9,14,7,6,9,9,9,11,10,9,4,7,5,5,4,2,2,1,3,1
15.6157734296367,0.0296935799998888,2.0862,1.67,438.846045873634,6.03112840466926,145,47,33,28,24,18,21,11,14,14,7,17,7,12,10,13,8,11,15,15,13,9,12,6,1,0,2,1,0,0
15.6368620673841,0.0276805000001493,2.407,1.67,975.32121094919,5.22540983606557,301,115,62,45,44,30,36,23,16,18,24,33,15,16,8,26,18,21,31,24,19,12,13,10,7,3,1,1,4,1
15.6685123730555,0.039036183333349,2.7718,1.67,827.813317296118,7.08502024291498,281,106,61,56,35,36,27,28,20,33,22,14,25,16,6,23,19,31,33,27,19,20,18,12,6,5,3,4,2,1
15.6952350663606,0.0294221199998606,2.4934,1.67,946.235231065782,5.42168674698795,294,114,70,44,50,39,39,22,16,18,28,21,19,21,10,19,19,31,21,26,21,13,12,13,3,5,3,4,1,1
15.7132880919871,0.0289717333334562,2.512,1.67,1112.7053586427,6.5331928345627,248,129,70,44,28,28,36,26,22,21,25,17,19,20,12,31,24,26,29,18,14,18,12,8,10,4,2,3,5,1
15.7525455071283,0.0364456799999977,2.5848,1.66,895.893531225405,5.94059405940594,280,133,60,48,49,24,35,23,23,26,30,13,24,9,11,30,19,25,40,30,18,15,7,14,9,6,4,1,4,3
15.7767215724326,0.0268441766666697,2.3582,1.69,1153.36723340608,6.58513640639699,305,108,79,48,44,42,36,32,28,19,32,21,25,12,11,26,22,31,26,29,17,20,16,16,7,4,3,2,2,2
15.7974753563227,0.0257010599998571,2.2252,1.67,704.364563211345,4.86725663716814,211,68,44,30,24,23,19,23,20,14,20,13,16,18,12,24,17,14,13,12,10,8,5,9,2,4,1,3,1,2
15.8229209330497,0.0261322199999621,1.8468,1.69,967.814493863394,7.11297071129707,205,78,45,35,25,19,19,24,21,17,23,18,6,12,6,17,19,24,20,14,19,12,14,5,6,8,1,3,2,5
15.8560748725271,0.0317452833334135,2.7406,1.69,960.194237949899,7.39827373612824,220,93,56,39,37,34,23,20,16,21,23,16,19,10,13,17,16,18,28,17,15,11,19,9,6,4,2,6,3,1
15.8744372322276,0.0337220900000088,2.8946,1.71,706.648555646118,6.01226993865031,220,106,55,42,33,28,35,18,22,14,11,24,10,10,11,25,19,26,24,17,16,17,6,11,5,5,2,0,3,1
15.9066971807411,0.0356195600000476,2.5352,1.69,670.599274875234,6.79190751445087,208,86,46,34,31,19,12,11,13,16,13,17,12,13,11,21,13,11,20,17,21,17,8,7,5,2,3,1,4,3
15.9285881394819,0.031544699999902,2.178,1.72,638.403572269064,6.50406504065041,179,63,47,27,27,13,21,24,15,18,12,11,9,12,10,18,11,11,19,14,14,10,7,7,7,3,2,3,1,2
15.9585849576656,0.030166103333513,2.6894,1.71,746.122654925901,6.62460567823344,189,66,42,28,15,24,24,17,13,19,15,15,6,10,12,15,17,21,15,16,13,9,10,7,4,3,3,5,1,0
15.9810350042684,0.0286738400000237,2.4648,1.71,302.71053912949,4.85933503836317,122,45,23,19,19,17,15,8,5,9,9,8,7,6,10,11,9,10,8,9,3,5,7,2,2,1,1,1,0,0
16.0035641466611,0.0447143766665606,3.1526,1.71,283.197067521989,5.62613430127042,181,68,36,25,21,23,11,19,14,12,9,7,7,13,9,16,14,9,7,11,8,14,4,6,3,2,1,0,1,3
16.0227825322118,0.0253627199999883,2.2248,1.71,791.204647457205,5.72687224669604,215,71,55,30,32,19,18,19,13,12,18,15,15,14,5,12,18,21,19,8,13,7,9,6,5,8,1,2,1,1
16.0508209822316,0.0351603700000182,2.4502,1.69,291.880386796821,4.05405405405405,134,40,29,23,20,16,17,11,11,11,8,10,7,7,14,10,11,13,15,11,8,3,6,5,1,1,1,0,1,0
16.0789729414739,0.039962833333156,3.47,1.7,298.223686415224,4.24628450106157,152,52,29,17,27,15,15,13,9,11,10,5,9,5,8,16,9,9,16,14,10,6,7,2,1,1,0,1,2,2
16.1072269093184,0.019705770000082,1.4126,1.68,962.320348760902,7.01402805611222,135,60,41,23,19,16,17,14,20,14,14,7,7,9,3,10,13,12,13,8,9,4,9,9,4,3,1,1,4,1
16.1297151689775,0.0307903199998567,2.1582,1.71,554.843877048232,6.72566371681416,161,69,34,24,28,14,15,11,12,17,13,19,16,8,11,13,12,15,13,10,12,14,6,5,5,4,2,1,1,1
16.1595399603479,0.021777090000112,1.5354,1.71,933.862536413759,5.65723793677205,161,83,40,25,23,20,23,14,12,19,11,16,10,13,6,23,14,13,20,13,8,8,5,9,3,1,2,2,4,6
16.1837695801728,0.074144646666213,6.4102,1.71,193.25365944591,5.51330798479087,146,64,41,21,28,19,8,11,28,9,15,8,4,8,13,14,18,13,14,7,8,11,6,4,1,4,0,1,2,3
16.2040525118711,0.0244123533334589,1.7212,1.71,590.121849376373,6.50224215246637,145,49,28,20,22,16,8,12,15,17,7,3,10,7,8,6,13,9,7,10,5,7,9,2,2,3,3,2,1,1
16.2323604343031,0.0415361566666,2.9918,1.71,350.036109065987,5.46875,152,55,46,19,16,16,19,10,11,12,13,18,7,7,5,15,12,18,12,13,8,8,7,5,2,2,0,3,1,2
16.2648852112904,0.0257840800000133,1.7968,1.69,517.66989888178,3.85906040268456,194,66,31,30,28,24,23,9,12,19,13,12,8,10,11,9,11,22,14,17,10,8,6,3,1,2,0,2,1,2
16.2882444835256,0.028198999999859,2.445,1.71,339.767124340736,5.83333333333333,120,46,23,18,15,11,11,11,5,7,6,6,3,13,1,8,4,10,10,8,3,6,2,6,3,1,2,1,0,0
16.315184929474,0.0372332400000672,2.6532,1.71,272.796078099731,5.94059405940594,84,26,26,17,16,7,9,10,7,6,6,9,5,7,6,10,7,9,6,6,6,5,3,3,3,1,0,1,2,1
16.3483451600317,0.0161401666667047,1.13,1.74,777.946067246824,6.39269406392694,140,53,22,19,19,15,12,10,16,17,10,8,8,5,6,15,10,6,7,5,7,5,11,6,1,1,1,2,1,2
16.3701913870916,0.0236067566666694,2.0738,1.72,547.568591079488,5.5441478439425,147,73,34,24,18,15,9,19,13,13,3,8,13,3,9,13,12,7,10,5,12,8,5,6,2,3,1,1,1,1
16.3886267180358,0.0305606399999226,2.6046,1.71,280.467308094541,3.93013100436681,120,45,43,24,25,18,18,15,16,8,11,13,7,6,9,10,7,14,9,11,11,7,3,4,3,1,0,0,0,2
16.4156554443444,0.0402966266668153,2.8852,1.73,350.064474820085,6.39810426540284,120,55,27,23,17,14,15,11,4,11,3,11,11,5,7,14,11,14,12,6,4,7,5,3,3,4,2,2,1,1
16.4405191915518,0.0247527933333678,2.1308,1.74,349.108304237547,5.21541950113379,140,61,20,30,19,9,10,16,11,4,10,7,5,8,8,12,8,11,10,8,11,13,5,3,0,1,1,0,0,0
16.4652035285964,0.0244544999999532,1.7262,1.76,442.974357613425,7.21003134796238,92,31,22,10,17,9,9,7,8,8,12,8,7,6,5,11,5,11,6,6,6,6,4,3,7,0,1,1,1,1
16.4990028583441,0.0230333466665652,1.6472,1.74,572.814781527662,6.06796116504854,113,39,23,25,21,18,15,11,16,9,9,15,4,9,6,5,5,11,5,10,18,6,5,3,4,4,2,0,1,1
16.5480553909599,0.066476800000175,2.444,1.75,436.741688547227,6.37300843486411,324,110,74,49,49,27,30,27,21,27,33,32,25,17,20,27,27,20,24,27,9,25,16,8,9,1,5,3,1,4
16.5820530183586,0.0169527300000226,1.2066,1.75,691.549601397669,8.24742268041237,110,46,22,15,23,19,9,11,6,7,7,9,10,11,6,11,11,7,6,7,3,10,8,7,2,2,2,1,0,0
16.6030082127906,0.0261258233332817,2.2298,1.76,486.987711747602,6.11353711790393,137,48,30,24,20,16,13,13,3,7,12,16,6,10,7,18,11,11,12,8,8,7,9,5,3,1,1,1,1,2
16.6324057262579,0.0332646133333934,2.3704,1.76,455.668836534166,6.96055684454756,133,54,30,28,11,11,11,10,11,9,6,7,4,7,6,16,12,10,9,11,5,12,7,0,3,2,2,1,3,3
16.6526140117568,0.0179020399999105,1.5522,1.76,937.211010186954,6.97674418604651,138,56,23,18,19,6,7,18,12,11,14,5,10,6,2,11,7,12,10,7,8,4,7,6,5,3,0,1,4,0
16.6809463395777,0.0154545533333912,1.0858,1.76,830.182991436397,6.38297872340426,134,59,28,14,12,13,12,14,12,9,7,10,8,6,2,17,5,12,9,5,8,13,4,2,2,1,2,1,2,3
16.7075693023514,0.0213351699998339,1.8366,1.76,408.74471747367,5.27704485488127,96,42,31,16,20,15,10,8,11,10,13,5,12,8,5,16,3,8,14,8,8,3,7,7,2,0,1,0,0,1
16.7346784811732,0.0243529000000098,1.7292,1.77,562.502279222527,7.76942355889724,121,36,24,17,19,18,10,11,11,7,9,5,2,9,10,13,8,12,8,9,9,5,11,4,6,1,3,0,1,1
16.7578091439413,0.0163727533333468,1.4074,1.75,625.289511098115,5.0125313283208,111,55,21,21,13,11,12,10,8,7,9,7,10,10,10,13,7,12,12,9,11,7,4,2,4,2,0,0,1,0
16.7819673736132,0.0893154533337477,6.4102,1.74,161.701283680038,6.57894736842105,112,58,36,13,19,11,18,13,19,14,9,9,12,7,10,10,13,16,9,12,6,7,9,3,4,3,2,1,1,0
16.8099222104937,0.0366321666665966,2.5858,1.74,259.586879535445,6.33245382585752,105,41,22,15,15,17,19,11,9,12,10,10,6,9,5,13,6,7,11,6,6,9,5,5,4,0,0,0,1,1
16.8349742621054,0.0244879333333674,2.108,1.73,376.696817827206,5.73065902578797,120,36,19,21,19,12,5,10,3,8,4,8,3,3,3,15,6,12,6,6,10,5,2,6,4,1,2,0,0,2
16.8655423479936,0.0200562099999709,1.4174,1.73,584.198548582276,5.81896551724138,122,59,33,27,14,14,18,18,13,8,11,11,12,8,8,19,8,11,10,7,6,7,7,4,5,2,1,1,0,1
16.8928821385235,0.0366185800000661,2.6094,1.72,263.332642267503,3.80952380952381,120,48,25,17,27,12,11,15,10,10,12,15,10,8,4,13,12,10,10,9,6,3,2,3,4,2,1,1,0,0
16.9222165856083,0.0425859999998018,2.985,1.74,301.098715665869,4.24028268551237,177,53,47,33,26,26,15,13,14,12,14,11,14,8,5,9,12,16,16,13,8,8,5,3,4,1,1,1,1,1
16.9504823695548,0.0243414366667918,1.7162,1.74,639.301457417941,5.10396975425331,156,60,25,29,20,20,25,16,11,10,9,16,7,11,7,19,7,16,12,10,16,6,4,6,3,3,3,1,1,2
16.9682993734601,0.0228219166666431,1.999,1.74,564.257617836488,6.71462829736211,112,43,31,20,26,10,12,10,6,8,9,9,8,8,7,22,13,9,14,8,4,5,9,5,4,2,0,3,0,1
16.9929385486595,0.0349966000000092,3.004,1.76,547.741447955742,6.23655913978495,129,64,42,22,18,12,9,15,14,9,9,12,10,6,10,11,2,10,13,8,11,2,8,4,3,3,3,2,4,1
17.0536995061547,0.0801899999998419,2.7,1.81,638.929249786028,8.58059342421812,314,135,100,46,52,47,40,35,29,29,33,30,27,13,24,34,28,28,41,25,30,32,16,18,11,13,9,2,6,8
17.0755713238304,0.0162704499999646,1.421,1.81,1109.51628522633,7.39957716701903,120,50,36,29,19,12,21,21,8,9,8,8,9,4,8,13,8,20,10,14,11,9,6,6,4,5,1,2,2,0
17.1051282706453,0.0370890100000192,2.5846,1.83,349.029418207401,7.42705570291777,105,39,19,20,13,17,13,12,7,10,8,6,6,7,5,17,9,9,5,10,12,7,5,5,5,4,1,0,1,1
17.1309411575404,0.0346363699999497,2.4478,1.83,718.507144959531,7.98668885191348,156,80,37,28,17,15,26,17,18,10,13,11,12,7,6,17,11,17,27,14,14,10,12,6,7,4,5,0,4,3
17.1604174424536,0.0205996000000565,1.4714,1.83,1103.03718636312,5.94679186228482,175,67,48,22,36,24,22,11,16,19,17,8,10,12,8,18,13,20,25,15,15,8,3,7,8,4,5,0,3,4
17.2062756183246,0.0327893333333009,2.32,1.87,415.158748127917,6.18556701030928,103,38,24,22,12,12,12,7,11,9,10,4,6,12,5,13,15,12,12,13,12,5,5,4,3,2,4,0,1,2
17.2308806445663,0.0206279933333972,1.7834,1.83,813.215745784288,8.58283433133733,136,55,32,18,19,16,20,16,13,16,9,9,9,7,8,19,11,18,14,7,6,12,14,6,6,1,1,2,1,2
17.2557767738278,0.0147687500000373,1.275,1.87,981.133164582113,6.08519269776876,139,53,28,29,25,17,14,11,12,19,11,13,9,8,6,12,7,12,13,14,11,7,8,2,5,4,4,0,0,0
17.2812628829219,0.0208321866665697,1.4602,1.87,715.154674207685,8.35443037974684,117,41,27,16,13,16,15,11,13,11,4,6,3,6,7,7,10,20,7,6,6,7,6,6,6,6,0,0,2,0
17.3011999463032,0.0243594000000754,2.106,1.87,776.895453552386,7.54352030947776,131,51,37,25,16,23,9,20,15,12,12,13,15,7,7,22,15,16,12,11,9,4,15,5,3,6,3,3,0,0
17.3271066419516,0.0207727000000472,1.482,1.87,821.788786202598,7.24299065420561,111,53,31,25,14,14,6,17,10,9,3,15,12,3,4,16,8,16,8,12,10,6,6,6,3,5,0,3,2,3
17.3590936007954,0.0273930799998477,1.9156,1.85,572.739224899384,7.48987854251012,145,50,30,21,23,15,22,7,13,14,10,6,10,16,7,7,11,14,17,8,11,14,7,4,5,3,3,0,1,1
17.3871527621946,0.0268378799999876,2.3542,1.85,654.278528935179,6.71378091872791,162,55,37,27,27,21,19,10,11,9,16,8,8,10,15,19,20,14,14,13,13,11,13,3,3,2,3,3,0,3
17.4130233435917,0.0345843066666967,2.4586,1.87,428.780255574953,6.53465346534653,169,37,33,17,21,23,14,16,9,12,11,13,8,9,12,18,5,18,10,8,9,12,7,4,5,1,2,0,2,3
17.4291082683527,0.0211028666666841,1.814,1.87,671.855025466059,6.57894736842105,128,51,27,23,15,13,12,17,11,13,7,14,5,6,6,18,9,10,14,14,13,9,5,8,1,4,1,2,0,2
17.4606162975658,0.0404103699999787,2.8626,1.87,508.068063340453,9.09090909090909,146,48,22,21,21,15,19,12,14,12,12,10,7,5,6,10,18,13,16,17,6,13,8,9,6,1,4,2,2,2
17.5178496302417,0.0757348999999888,2.5386,1.88,438.467985820335,5.9204440333025,323,124,66,59,49,33,34,28,29,35,18,20,25,22,12,22,19,22,28,26,23,19,10,8,10,9,3,1,4,1
17.5382227378775,0.025349940000093,2.1948,1.85,487.669078193015,7.16049382716049,111,34,28,17,16,23,9,11,11,13,22,8,7,6,1,9,13,11,9,8,9,9,4,6,5,3,1,1,0,2
17.5735653869515,0.0288233699999316,2.0322,1.87,530.498114110415,8.19672131147541,127,48,18,21,14,18,14,19,7,6,7,8,9,7,8,11,7,14,14,7,8,11,6,8,4,2,0,3,1,4
17.602735760874,0.0306460000000841,2.189,1.87,612.598573506526,7.17054263565892,144,69,25,25,16,18,25,10,7,11,9,18,5,4,9,17,14,15,12,11,15,8,6,10,7,1,1,1,3,3
17.6228512937788,0.0340394799998298,2.9514,1.87,524.714165704882,8.41346153846154,108,44,21,26,21,27,12,11,13,6,5,8,8,6,10,11,5,7,13,10,9,13,8,3,0,3,2,3,3,4
17.6490292468502,0.0218179000000088,1.5492,1.84,655.203547989448,7.10659898477157,117,50,26,23,13,15,12,9,12,11,5,4,6,8,5,9,6,8,9,12,6,5,6,4,4,5,1,2,1,0
17.6728645470717,0.0267705900000982,2.3178,1.84,576.878891462001,8.82352941176471,100,48,27,21,18,18,20,12,13,3,12,9,6,8,3,8,10,12,11,6,7,7,12,6,3,2,3,3,0,3
17.6993536739077,0.0320514966665906,2.2598,1.84,546.583151586401,7.87037037037037,117,49,37,21,12,15,10,15,9,9,6,7,9,5,6,10,13,10,19,14,5,10,7,5,2,3,2,3,2,4
17.7234578343642,0.03488876999997,2.9862,1.87,385.462086702417,5.85774058577406,149,54,35,23,15,17,9,10,4,15,14,7,14,18,2,15,6,17,5,14,7,8,8,4,1,3,1,3,0,0
17.7512248067331,0.0183730466667084,1.3108,1.87,675.14324070727,5.47045951859956,135,49,29,16,16,19,13,11,15,12,14,11,11,5,2,19,8,11,13,10,13,7,4,7,3,0,3,1,0,2
17.7851579453575,0.0204394500000481,1.431,1.84,651.825525727152,5.62248995983936,145,75,40,14,16,17,18,16,14,15,10,12,8,6,7,13,11,11,10,7,5,5,6,6,5,4,0,1,1,4
17.8078869343997,0.0253175999999738,2.2176,1.84,502.433399058612,6.95443645083933,121,47,30,15,18,11,14,10,11,10,8,8,7,8,7,10,13,11,13,7,9,8,6,6,3,3,2,1,0,2
17.8284627287444,0.0231921066666079,1.9766,1.81,418.696652774008,5.29100529100529,126,37,26,20,18,15,8,13,5,11,11,8,6,6,3,7,6,8,4,8,12,6,4,4,0,3,3,0,0,0
17.878308493009,0.0209397599999544,1.8288,1.81,410.532385262298,5.26315789473684,108,36,24,19,15,10,16,11,9,12,10,6,11,11,6,19,3,10,8,8,8,5,6,6,1,1,1,0,0,1
17.9029410463116,0.019827450000065,1.3914,1.76,710.91196908004,6.79156908665105,121,41,24,16,20,14,16,15,10,17,7,9,6,7,11,13,15,14,11,5,6,7,8,2,2,6,3,0,1,2
17.9525676293256,0.0841269899999526,3.0986,1.77,439.748710303756,7.13623725671918,309,117,73,50,42,33,30,32,27,36,27,20,22,19,19,25,17,22,38,28,16,25,12,12,8,6,8,4,2,0
17.976358430195,0.0238595099999481,2.0838,1.81,600.058810941295,6.07843137254902,151,50,38,20,20,15,12,19,14,10,12,12,16,6,8,18,13,16,11,8,10,7,9,8,2,1,1,3,0,1
18.0055739484333,0.0197963999999988,1.404,1.82,876.797645436704,5.59322033898305,164,81,34,28,25,15,20,17,13,17,13,24,10,10,12,14,10,15,16,13,6,8,6,8,4,2,2,0,3,1
18.029404820574,0.0306329399999565,2.6182,1.84,475.789339770091,6.96055684454756,118,46,36,15,16,4,12,18,12,9,6,16,5,14,4,10,15,11,11,10,13,8,6,5,3,4,2,2,0,0
18.0828410578709,0.0203604799999673,1.7808,1.82,843.328429687412,6.50759219088937,137,50,27,21,27,16,18,6,7,10,8,11,11,5,8,12,8,12,14,12,11,4,6,6,2,6,4,0,2,2
18.1139405375474,0.02248426666673,1.576,1.81,703.546961744483,9.06921241050119,126,43,24,17,17,12,16,10,20,15,4,10,12,10,6,5,5,7,9,8,5,9,6,8,7,4,1,3,0,2
18.1368921795214,0.0162839500000218,1.159,1.8,1413.98582548224,6.88405797101449,152,62,36,28,19,13,17,9,21,20,15,12,9,7,11,12,12,15,23,12,9,6,7,10,5,2,0,2,6,3
18.1531982942613,0.0175814133332454,1.5244,1.81,812.5013825814,7.52688172043011,103,34,20,13,16,17,19,10,7,12,9,9,8,9,9,9,8,12,7,7,6,5,5,8,3,2,2,1,2,1
18.1869093837843,0.0289132000000282,2.0172,1.81,649.095318107423,7.24346076458753,151,61,31,23,18,23,15,15,11,14,11,6,8,6,9,11,9,8,14,9,8,9,7,7,1,3,3,5,1,1
18.2318782295598,0.0297529333333094,1.369,1.79,1037.88629468469,7.64563106796117,237,83,72,32,33,28,33,22,22,25,17,11,8,10,11,18,17,17,28,14,23,12,10,15,9,7,5,4,1,3
18.2624446933335,0.0281138933334125,1.9706,1.77,656.594026003537,7.37704918032787,145,65,30,22,15,10,17,5,12,15,7,10,13,6,7,12,13,13,16,10,9,7,5,8,8,4,0,1,3,2
18.2924406358984,0.0358658466667482,2.5588,1.79,358.943418059293,6.68380462724936,102,41,31,17,24,12,17,7,7,12,6,11,9,4,6,12,8,15,7,7,8,9,5,3,3,1,2,2,1,0
18.3203649985741,0.0303627866667102,2.1208,1.79,355.411409672844,5.93824228028504,128,46,35,17,11,15,10,11,13,9,16,3,11,8,8,9,11,9,10,12,4,6,9,4,2,3,0,0,1,0
18.3425945078165,0.0324056399999851,2.8426,1.77,589.688258409565,10.4477611940299,112,49,20,17,13,9,18,10,13,8,6,9,11,7,6,14,8,4,12,8,6,9,10,8,5,1,5,2,2,1
18.3730585763909,0.0384155199997864,2.6864,1.77,264.599212402907,3.67170626349892,138,58,39,16,20,13,18,7,10,9,7,11,8,8,7,14,15,16,10,13,9,6,3,1,4,0,2,1,0,1
18.4004119852334,0.0205906800000955,1.4778,1.77,1055.13014379214,7.90513833992095,139,70,38,25,21,9,22,11,18,11,13,11,5,4,5,12,9,15,12,8,8,9,6,7,5,5,1,3,4,0
18.4213247870072,0.0208754199999175,1.7324,1.76,580.782000710048,4.63414634146341,144,47,24,19,25,13,10,9,12,6,10,10,5,7,2,9,10,9,9,8,3,4,1,3,2,3,4,1,1,0
18.4387218577231,0.030293799999981,2.721,1.76,427.390040469752,8.02292263610315,121,37,20,13,10,3,9,11,8,9,6,5,5,7,8,7,6,13,11,3,9,6,5,6,3,6,0,1,1,0
18.456262745045,0.0316067200002071,2.7564,1.74,404.893768268027,5.99520383693046,117,45,31,19,21,16,14,10,12,11,15,8,9,8,4,14,8,13,9,4,4,5,6,2,6,1,3,1,1,2
18.4875919552177,0.0268991499999609,1.901,1.74,346.838774937901,4.53257790368272,124,38,21,15,10,10,8,7,10,8,10,7,5,6,8,9,9,5,15,6,6,4,4,1,5,0,0,0,2,0
18.5154527081951,0.0244880999999652,2.093,1.74,528.933773751523,5.88235294117647,111,43,39,17,21,12,14,10,8,16,11,5,9,2,9,8,13,9,11,8,8,7,4,4,2,4,0,1,2,3
18.5391286189737,0.0315608999998674,2.2148,1.73,375.530784029253,6.06060606060606,96,40,22,14,13,6,14,12,9,5,9,6,4,8,7,6,5,11,6,7,10,4,5,6,0,1,0,1,3,0
18.5647531748859,0.0327221000001013,2.829,1.71,433.339202487881,6.95443645083933,125,45,29,17,19,10,14,8,11,10,5,14,5,8,8,9,11,11,8,7,14,5,9,8,1,1,2,2,1,1
18.5897096543264,0.0247956800001038,2.2008,1.76,485.53135257688,6.35838150289017,109,49,17,17,16,13,6,7,5,8,5,11,4,3,6,14,6,8,9,6,5,5,4,3,3,0,4,3,0,1
18.6146617272106,0.0314379200000259,2.7024,1.73,333.28839022804,7.09677419354839,95,41,19,16,15,6,5,4,10,2,10,2,2,3,6,7,8,15,5,10,7,7,3,3,2,6,0,0,1,0
18.6500845989376,0.0314501099998966,2.2122,1.75,431.085475418985,0.399071330243033,4241.47184698487,52,33,14,13,12,12,6,10,11,13,7,8,7,1,8,11,12,6,5,10,2,6,5,5,0,0,0,0,0
18.6665437532713,0.0326093999998736,2.8356,1.73,507.289540961788,0.288086764955092,5651,39,18,10,18,13,10,7,15,11,4,5,9,14,2,10,9,10,11,10,8,4,5,4,0,2,1,1,0,0
18.7003876210578,0.0294257166666785,2.0894,1.73,356.997356671442,6.22950819672131,87,34,19,13,18,7,12,11,8,10,5,2,3,4,11,8,7,12,8,5,2,3,4,2,4,2,2,1,1,0
18.7247976167578,0.0315552000001338,2.736,1.71,408.276583329038,6.80100755667506,108,54,23,23,16,14,13,11,8,6,8,6,9,9,5,6,14,5,12,12,8,7,7,5,3,2,1,0,2,1
18.7506229779982,0.0358031200000513,2.5008,1.72,230.952271046464,5.12820512820513,102,44,19,20,16,7,10,11,3,6,10,8,7,12,3,12,6,12,13,5,7,4,5,5,1,2,1,0,0,0
18.7753620517834,0.0288542066664901,2.4946,1.72,372.282610232876,4.21545667447307,131,57,22,17,12,16,19,12,13,10,9,7,8,4,6,14,10,11,12,7,12,2,7,3,4,0,0,0,2,1
18.8105749144828,0.0221560700001347,1.5658,1.72,382.098581949718,5.43130990415335,99,36,23,18,14,13,12,6,6,3,12,3,1,5,5,11,6,11,8,1,3,2,3,6,1,1,4,0,0,0
18.8312171255775,0.0295724399998152,2.1048,1.72,367.326278998613,7.69230769230769,103,31,22,19,9,14,16,11,9,8,9,11,12,9,4,6,9,12,8,7,7,7,13,1,5,0,1,0,1,0
18.8557072525746,0.0121523866667252,1.0552,1.7,1216.19985640424,6.61577608142494,113,48,21,22,11,15,13,11,6,12,8,8,4,6,7,8,8,19,10,12,5,8,5,3,4,0,1,2,3,1
18.8906581595966,0.0169049600000226,1.2032,1.71,673.071783900293,6.31578947368421,115,38,22,16,16,11,11,13,8,6,12,10,9,7,7,9,12,8,12,7,7,1,7,7,6,2,0,0,1,1
18.9070519415737,0.0146500199999185,1.2684,1.71,871.11198798448,5.48926014319809,135,54,25,17,18,12,11,9,11,8,14,8,9,4,5,11,9,11,7,6,12,6,4,2,5,2,1,2,1,2
18.9306222283889,0.0191793599999835,1.6416,1.74,534.191526829166,7.50853242320819,70,40,19,13,7,6,16,7,12,4,9,5,7,5,7,10,7,8,8,4,7,7,3,2,5,3,1,0,1,1
18.9662498986676,0.0439118400000091,2.6138,1.71,303.003783002917,6.88935281837161,140,47,35,23,11,25,21,16,12,10,9,14,9,9,5,9,7,16,11,12,5,12,7,6,4,2,0,1,1,2
19.0260263444479,0.0490116800001446,1.6558,1.73,648.528045586272,6.64739884393064,314,117,74,54,49,33,32,31,26,20,20,16,17,14,11,30,25,26,24,16,20,17,15,15,9,5,3,2,3,2
19.0624446919412,0.0299998799999322,1.8036,1.73,537.672203559561,6.88259109311741,140,58,30,22,19,19,17,17,12,12,9,10,9,8,2,14,9,15,17,11,10,5,10,7,3,5,2,2,0,2
19.0910719528754,0.0210955466667385,1.2458,1.72,918.811759603188,6.00924499229584,189,68,29,25,25,26,25,22,17,17,15,13,11,5,10,30,15,21,22,16,9,12,9,5,4,2,5,1,1,0
19.1232920660357,0.0278483199999724,1.9704,1.73,518.161412954643,6.99300699300699,124,52,23,19,16,16,7,17,6,15,10,8,7,9,6,12,12,10,7,10,13,9,0,6,9,2,3,1,0,2
19.1493146635509,0.0283480499999125,2.4126,1.73,512.979214498906,7.88863109048724,116,49,25,19,22,17,19,15,9,8,10,9,12,6,7,9,9,11,9,6,10,10,8,4,5,4,1,1,1,1
19.1786534292116,0.0246225299999837,1.7778,1.71,432.945274720493,5.18018018018018,128,55,21,24,25,16,12,15,13,7,9,9,8,8,3,22,9,10,8,10,9,8,3,6,1,4,0,1,0,0
19.2384095376825,0.0706937200000362,2.3736,1.72,495.897222856693,8.84433962264151,239,90,58,32,40,30,18,26,16,13,24,25,14,9,13,33,22,18,18,22,13,19,15,10,10,9,6,3,3,0
19.2550039752967,0.0268618133335093,2.3426,1.72,579.299563507694,5.96026490066225,111,58,35,21,17,18,16,9,16,9,8,10,6,12,11,11,10,15,14,9,10,7,4,5,4,3,0,1,3,1
19.3165415441172,0.0676993333332296,2.282,1.71,411.103945519534,6.96022727272727,214,67,46,32,35,30,23,15,20,15,12,15,14,19,7,16,13,17,19,13,13,10,10,4,8,5,4,5,3,1
19.3681274811184,0.0242960499999424,1.713,1.72,350.228267747821,6.38977635782748,101,24,20,13,16,9,8,11,10,5,12,7,4,5,3,12,7,4,8,6,8,4,5,5,3,2,1,0,0,0
19.386805074784,0.0186500900000898,1.6194,1.72,597.175008987948,3.16301703163017,124,39,27,18,25,11,14,13,6,15,10,8,5,7,7,14,8,17,12,8,10,2,6,0,0,0,1,2,2,0
19.4156777790723,0.0199608266665919,1.4024,1.71,431.703083007894,5.89970501474926,109,40,14,10,11,14,11,4,10,4,12,5,8,7,2,12,2,17,9,11,7,8,5,4,1,0,1,1,0,2
19.437469184978,0.0165955700000231,1.4286,1.72,921.555229990603,7.88732394366197,92,42,23,17,16,18,6,15,7,9,5,7,6,6,7,15,6,5,15,3,7,8,2,7,2,2,2,3,2,2
19.4615185635605,0.0134428799999938,1.1792,1.73,865.107497099635,7.26072607260726,96,25,18,12,16,9,9,7,9,3,8,4,8,4,3,5,7,9,14,9,6,7,4,1,2,4,2,1,1,2
19.4875284106712,0.0201572466667421,1.4162,1.72,738.90757176889,9.6514745308311,112,35,24,16,19,8,13,5,8,9,11,7,11,8,2,13,3,16,5,7,5,10,5,10,3,3,2,3,0,5
19.5173775653257,0.0173603999999588,1.224,1.73,991.96303782308,8.69565217391304,112,36,25,14,20,14,13,14,9,2,4,8,3,5,4,12,9,18,17,9,9,8,8,5,2,4,3,3,1,3
19.5404378062597,0.073183116666591,6.4102,1.76,263.676051498938,8.36820083682008,135,47,39,23,23,12,8,13,14,14,11,11,10,7,6,8,12,8,18,13,6,8,12,5,4,5,1,3,2,4
19.5692144735371,0.0185706000000609,1.3032,1.73,653.018393523711,7.9646017699115,81,41,21,18,19,14,11,9,6,6,5,6,9,3,5,12,10,9,7,13,7,7,8,7,1,0,1,2,1,3
19.5893771999014,0.0120154266666066,1.0418,1.73,1268.59832588571,8.3756345177665,103,32,17,21,19,10,18,9,12,9,5,12,15,3,10,17,7,14,10,11,7,4,8,8,6,3,2,2,0,2
19.6359014376658,0.0176204000000345,1.519,1.75,1142.48960434928,8.49256900212314,124,41,31,24,16,15,15,12,9,13,8,12,9,5,10,16,12,19,12,9,19,5,11,8,4,5,5,1,1,3
19.6599558133432,0.0267463966665059,1.8682,1.75,775.274337607447,7.2093023255814,102,45,22,30,21,17,9,13,17,10,9,10,6,9,6,10,12,15,13,11,12,5,2,8,2,5,0,7,2,2
19.6844028635216,0.021128800000163,1.848,1.73,482.999009601541,9.09090909090909,71,17,7,16,7,8,8,3,2,6,5,11,6,1,3,4,8,11,6,7,3,5,4,3,2,4,0,3,0,1
19.7526779793121,0.191023960000056,6.4102,1.74,196.515094624483,8.51528384279476,254,95,48,41,38,36,34,28,17,18,17,23,18,22,8,30,27,31,13,24,16,22,19,11,4,10,2,5,5,3
19.7786816071313,0.0384142733333131,2.7212,1.74,305.463026824979,9.91735537190083,64,14,15,8,11,6,9,8,4,9,2,6,6,3,4,8,7,9,10,11,4,7,6,1,3,2,3,1,1,0
19.8099446323932,0.0176270466666248,1.2428,1.72,882.130623074773,7.87172011661808,96,28,23,12,15,17,18,6,5,12,7,8,7,2,3,13,9,7,7,10,11,7,3,4,2,5,2,2,2,3
19.8407299873289,0.0219276666665802,1.57,1.72,406.475053597812,8.71559633027523,54,21,15,4,7,9,7,8,11,3,3,6,6,3,3,6,4,10,6,7,6,3,6,1,4,3,1,1,0,0
19.8975997318824,0.0275284666666906,1.957,1.71,196.302020615072,8.7719298245614,39,11,19,11,4,7,3,7,4,1,4,6,1,3,2,10,7,5,5,2,5,6,5,0,1,3,0,0,0,0
19.9538794694957,0.0222768200000671,1.9714,1.71,630.21619380555,7.61904761904762,115,48,25,22,16,18,10,16,15,7,3,7,8,7,8,11,9,18,9,6,10,9,5,3,9,3,2,1,0,1
19.9796690573356,0.0258593399999633,2.2102,1.71,382.625205297595,7.16981132075472,75,25,12,15,8,9,9,7,6,11,3,4,6,10,4,4,8,12,7,5,6,0,8,3,2,2,3,1,0,1
20.0109327892212,0.0321195766665905,2.2646,1.71,334.175712721017,7.64331210191083,80,32,24,11,8,15,21,3,13,9,9,8,8,5,7,7,3,9,9,4,5,6,5,4,3,2,3,1,0,0
20.0360953207461,0.0180360499999813,1.5798,1.71,1026.30530961893,6.49350649350649,136,60,27,16,21,23,16,10,8,8,9,6,13,8,8,9,12,13,18,7,4,6,4,5,4,4,2,0,5,2
20.0676520294424,0.0208479300000299,1.4562,1.71,561.86573684051,6.35451505016722,85,25,22,17,19,12,8,7,6,6,5,4,9,3,8,6,6,9,10,7,6,1,7,4,1,1,1,2,2,0
20.0930388585268,0.0305007400001469,2.6484,1.71,234.351042016435,6.66666666666667,76,24,15,14,10,9,9,7,8,4,7,4,6,7,3,12,8,11,6,9,3,7,5,1,3,1,1,0,0,0
20.2063343644694,0.0209142666665738,1.816,1.74,343.307628024481,7.14285714285714,65,17,21,4,8,7,8,6,4,7,1,3,3,3,3,6,8,7,6,4,4,2,1,4,4,3,1,0,0,1
20.2630582464008,0.0219146433332415,1.8598,1.77,375.623312338062,5.22875816993464,82,31,18,12,21,15,12,10,9,6,8,10,8,6,3,5,3,9,8,10,4,3,5,1,2,4,0,1,0,1
20.3052712718967,0.0919806300000475,6.4098,1.79,89.4218520445537,5.80110497237569,117,38,31,15,9,6,7,6,6,8,11,8,4,9,2,15,7,13,11,8,10,12,5,2,0,0,2,0,0,0
20.3703605668765,0.02440066666662,1.7224,1.81,201.537009778176,6.13207547169811,54,27,14,10,5,5,7,9,3,8,3,6,10,7,6,3,6,3,6,3,4,5,1,4,3,0,0,0,0,0
20.3953221694364,0.0275543333333251,2.3618,1.81,326.350592982214,3.6319612590799,113,60,37,14,19,17,14,9,10,9,6,6,7,13,5,9,9,14,11,10,6,4,3,2,3,0,2,1,0,0
20.4193435888773,0.0331334499999657,2.9022,1.81,172.00035005068,4.76190476190476,84,39,17,8,13,7,7,6,4,4,9,3,5,1,2,7,3,7,5,4,5,4,2,4,1,0,0,0,1,0
20.4400036637311,0.0272393333333251,2.3348,1.82,336.46357364734,5.79268292682927,88,39,24,17,9,16,12,7,5,9,5,7,9,5,8,11,5,6,10,7,10,7,5,1,3,1,1,0,1,0
20.464057620495,0.0270209666666387,2.3668,1.82,194.770090531367,5.34979423868313,58,30,16,16,11,7,8,4,9,3,8,8,7,4,2,6,4,12,8,4,5,6,2,3,1,1,0,0,0,1
20.4945304525148,0.0304498333335042,2.1494,1.82,231.098357768312,4.91228070175439,92,26,21,9,10,15,5,7,4,7,6,6,10,8,4,9,6,8,6,5,7,3,4,2,1,3,1,0,0,0
20.5228429920905,0.0360733333333225,3.092,1.82,215.182395992425,6.71140939597315,89,31,22,17,18,11,3,8,5,11,6,12,6,2,8,7,4,4,8,5,1,7,5,4,1,2,0,0,1,1
20.5506138411194,0.0211445133332832,1.4908,1.8,342.266308244926,4.08805031446541,80,36,20,15,20,10,9,14,10,8,13,7,6,7,2,10,3,6,11,10,8,3,3,3,1,2,1,0,0,0
20.6006639473667,0.0238290800000165,2.0964,1.82,219.481586429598,3.86100386100386,69,33,25,15,16,7,11,6,7,7,3,6,6,2,5,10,5,6,7,0,3,1,6,0,0,2,0,1,0,1
20.6305413719634,0.026958100000007,2.314,1.82,329.238263709055,8.86699507389163,55,28,12,8,9,6,6,4,4,3,4,5,6,1,2,6,3,6,4,6,7,7,2,2,1,3,1,1,1,0
20.6547482715925,0.0156017699999661,1.3626,1.83,520.758943657777,6.47773279352227,68,30,15,14,6,8,9,5,9,6,6,8,6,2,3,3,7,13,9,3,1,2,6,4,0,1,1,1,1,0
20.6759158772283,0.0289595700000076,2.4858,1.83,258.28570579437,7.80487804878049,66,15,16,12,13,7,2,3,7,2,1,3,6,2,2,4,7,3,8,5,5,5,2,4,3,0,0,1,1,0
20.7041474072212,0.0317731600000036,2.7912,1.83,195.872007591724,4.98084291187739,88,29,17,10,14,6,5,9,5,3,12,8,6,2,2,6,6,9,4,3,4,4,4,1,1,1,1,1,0,0
20.7311150936579,0.0418532400000792,2.9268,1.83,150.63104149942,3.78787878787879,86,34,17,16,11,14,11,6,4,6,7,5,4,5,2,6,3,4,6,3,4,2,1,1,1,3,1,1,0,0
20.7556248202488,0.0208130600000644,1.7994,1.83,462.684426128823,7.07070707070707,83,35,18,15,12,6,18,6,10,4,10,8,7,7,4,5,6,4,7,6,5,6,2,6,3,1,2,0,1,1
20.7814618971788,0.0351961199999004,2.4786,1.87,210.138648194276,6.84410646387833,70,36,23,9,9,6,9,13,5,3,12,3,4,3,5,5,8,3,10,3,6,7,6,1,1,2,0,0,1,0
20.8112913633296,0.028166666666678,2,1.83,222.16400768382,2.64705882352941,100,43,19,21,11,8,12,11,7,11,5,6,7,12,6,15,9,12,6,6,4,4,0,1,1,1,2,0,0,0
20.8315208776929,0.0332991999999086,2.904,1.83,216.842695517899,5.53846153846154,98,38,26,16,16,13,10,10,11,5,7,2,5,5,3,10,3,10,7,5,7,3,9,4,1,0,0,1,0,0
20.8557881908232,0.0233180933334322,2.0218,1.8,316.028980195179,5.078125,78,23,23,13,9,10,10,6,5,8,8,4,6,4,4,8,2,6,9,3,4,2,3,2,2,2,1,0,1,1
20.8765806768208,0.032919809999817,2.8502,1.83,171.580291401353,4.10958904109589,67,25,9,13,10,6,7,4,1,8,0,5,8,6,4,6,5,7,9,7,3,3,1,2,1,1,0,0,1,0
20.9007169518901,0.0302304600002325,2.5838,1.81,128.181389859625,3.80952380952381,71,25,8,7,13,7,9,4,4,6,8,3,7,5,2,4,6,2,5,4,2,3,1,2,1,0,1,0,0,0
20.9309189734574,0.0439000099999769,3.1098,1.8,197.291382121327,5.99369085173502,83,35,23,16,10,10,10,11,7,11,12,8,4,3,9,13,9,6,10,4,4,3,4,5,4,1,2,0,0,0
20.9571739584207,0.0239585666666763,1.7012,1.8,350.798489561202,5.53745928338762,101,28,20,8,18,14,9,6,5,9,1,10,12,4,2,10,11,6,10,1,5,7,3,0,2,3,1,0,1,0
20.9811120012078,0.0273938666665915,2.389,1.81,192.984822241094,6.06060606060606,90,30,8,18,9,12,8,4,6,4,5,4,4,8,6,9,3,8,6,5,1,5,6,3,2,0,0,0,0,0
21.0031667628972,0.0352577933332636,3.0092,1.79,203.20398619464,7.75193798449612,68,34,24,9,17,8,11,6,8,5,6,7,5,2,4,3,1,7,4,4,5,10,5,2,1,0,1,0,1,0
21.0551390663446,0.0966369166666252,3.2666,1.77,189.059120966871,4.70588235294118,169,72,47,38,27,22,16,20,17,21,13,12,5,12,8,10,8,12,14,14,10,5,5,3,5,3,1,4,2,1
21.0780244784998,0.0206557533333973,1.7858,1.76,353.399953953972,4.28571428571429,78,38,20,16,11,9,10,8,11,9,13,2,6,5,4,3,5,10,4,2,4,2,1,2,5,0,0,1,1,1
21.1245490000682,0.012402639999973,1.0832,1.76,632.273376127936,6.31970260223048,76,35,28,19,10,6,1,8,4,7,10,6,3,4,3,5,5,7,5,5,5,4,4,4,1,1,2,1,0,0
21.1502325103875,0.0318629699999537,2.2518,1.75,208.799425210901,4.49101796407186,104,39,26,17,9,8,11,10,9,6,7,8,3,13,5,10,9,11,8,4,2,7,1,3,3,0,0,1,0,1
21.1838395495,0.0270724999999482,1.911,1.73,370.613195060129,5.30973451327434,107,50,17,9,11,10,11,6,8,13,8,6,6,5,6,9,9,9,11,4,6,5,4,1,3,3,0,0,2,1
21.2102454474323,0.0285109766666615,1.6954,1.72,342.785830124557,6.59025787965616,109,41,28,11,12,9,8,17,8,11,8,6,8,0,2,8,12,7,8,5,8,7,5,5,1,3,1,1,0,0
21.2353500144027,0.0160294600000364,1.1436,1.74,527.484087788748,4.10094637223975,93,38,25,18,21,6,13,10,5,5,5,11,4,6,6,10,7,3,8,5,5,7,1,1,1,0,0,0,3,1
21.2837038608267,0.0227242400000157,1.9992,1.71,341.756260732798,6.90909090909091,75,31,19,14,14,15,8,8,9,9,5,4,3,2,4,7,6,5,7,2,9,7,6,2,1,2,0,0,1,0
21.3073756961669,0.0271112399999615,2.3172,1.75,468.782491983599,8.02005012531328,119,49,19,14,13,16,6,10,18,11,6,6,9,8,7,13,8,12,12,3,8,7,8,6,7,2,1,1,0,1
21.3293549257099,0.0309483500000782,2.6718,1.7,289.293673560961,6.22837370242215,87,36,20,11,12,11,10,6,10,7,6,5,5,2,4,5,5,8,4,13,4,4,5,3,2,1,2,0,1,1
21.3562957346727,0.0219395999999986,1.556,1.7,465.117339212561,6.93333333333333,96,41,31,16,16,13,7,13,8,14,10,11,11,4,5,9,14,8,8,6,8,10,7,4,2,2,0,0,1,1
21.3850005378572,0.0266187199999737,1.8834,1.67,474.391480107645,6.54911838790932,110,42,25,12,15,10,20,12,9,9,13,12,12,9,4,13,4,8,12,9,11,7,4,3,6,3,2,1,0,0
21.4085996303704,0.0215432499999777,1.887,1.69,634.9552206953,7.08661417322835,93,37,28,18,14,12,11,13,14,10,12,12,3,8,6,8,14,16,12,7,6,5,6,4,3,5,2,2,0,1
21.482227844913,0.0163598999999366,1.4226,1.66,600.293042197669,6.0377358490566,79,30,17,11,13,7,2,6,7,8,8,2,0,5,5,10,10,7,5,11,6,4,1,4,2,1,0,4,0,0
21.498783722523,0.0305324800002,2.6022,1.67,341.537127580491,8.08080808080808,83,38,18,15,16,7,11,13,11,4,3,3,1,6,9,9,5,7,7,5,2,4,6,1,7,4,1,1,0,1
21.5245019983474,0.0163013866666505,1.1534,1.64,622.686339814833,5.94900849858357,101,34,28,19,17,13,10,10,11,6,9,6,6,6,4,5,6,12,10,12,7,6,3,4,6,0,1,0,1,0
21.5538131980316,0.0210382299999542,1.8374,1.66,718.6333694195,6.36792452830189,127,29,20,19,23,14,8,7,10,14,6,12,10,10,6,12,13,15,16,12,14,7,3,5,7,2,0,1,2,0
21.5785060338023,0.0298386666666577,2.5576,1.64,351.300410749658,6.69014084507042,83,37,21,17,14,9,7,7,5,5,6,4,8,3,4,6,7,4,9,3,6,2,2,5,5,2,0,2,1,0
21.5988238377616,0.032062800000088,2.2902,1.64,343.246631729131,7.69230769230769,81,29,29,14,8,6,9,7,6,7,10,4,3,4,4,12,8,7,8,4,4,6,3,6,2,1,1,1,2,1
21.6187697357082,0.0186713999999276,1.6236,1.62,326.093567557519,4.31034482758621,117,41,20,14,18,12,15,10,6,10,5,10,2,5,1,9,10,11,8,3,6,6,4,1,4,0,0,0,0,0
21.6432204399266,0.0238316633333128,2.0398,1.62,357.689617791502,4.22535211267606,79,43,17,19,13,9,5,8,13,14,2,6,3,5,5,3,5,7,8,5,3,2,2,1,2,1,1,2,1,0
21.6689407065014,0.0260457166666771,1.8494,1.61,326.028328944873,5.74018126888217,98,35,22,26,15,6,12,9,9,11,3,5,6,5,7,11,10,8,5,3,6,5,4,4,1,3,2,0,0,0
21.6936720008587,0.0311823333334121,2.692,1.64,280.219744631275,6.36942675159236,86,33,23,15,18,6,10,8,12,4,9,8,2,5,6,14,7,7,8,8,5,3,7,5,3,0,1,1,0,1
21.7148028489362,0.0301299699999003,2.6238,1.62,227.897548045703,4.24028268551237,81,45,16,13,10,13,3,5,11,7,3,6,8,4,3,8,7,8,7,6,7,2,3,4,1,1,0,0,1,1
21.7380227915652,0.0201861466667292,1.7452,1.62,312.808874863663,4.21052631578947,74,36,16,16,19,13,11,5,4,9,2,4,7,5,8,8,5,11,9,7,4,3,3,2,0,4,0,0,0,0
21.7604366969604,0.0124709333333436,1.072,1.64,661.79138726562,7.4235807860262,71,25,12,9,13,8,4,2,3,7,7,6,4,7,3,10,1,3,8,5,4,6,2,1,4,1,2,0,1,0
21.7876704042411,0.0415344733332348,2.9284,1.65,247.587385855733,6.73758865248227,90,29,14,15,12,12,7,8,8,5,4,3,3,3,4,7,6,9,9,5,10,3,3,3,5,2,2,0,1,0
21.8160754578288,0.0343522500000459,2.445,1.63,239.327576546056,6.03174603174603,91,45,18,12,11,9,10,10,9,7,4,2,6,5,6,8,9,9,8,8,9,5,3,8,2,0,0,1,0,1
21.8399498547274,0.0283529399998423,2.4548,1.65,549.417804130942,0.475415247310436,4206.19110163235,37,21,13,9,5,3,11,8,4,9,4,6,10,3,9,9,7,12,3,7,7,4,2,3,2,2,0,1,2
21.8647553017443,0.0354723600000293,3.0492,1.64,375.726715205024,0.274489620861211,5622,47,22,14,10,9,12,7,10,7,3,13,3,2,6,8,4,4,4,3,3,6,3,4,2,0,1,0,0,0
21.8947028072359,0.0435532133333712,3.0962,1.64,140.632880964494,2.8735632183908,120,40,29,12,14,8,13,11,6,10,8,5,10,11,4,6,6,10,1,10,4,4,0,3,0,1,2,0,0,0
21.9244020040224,0.0235950000000447,1.65,1.65,378.81722325074,3.8659793814433,88,58,28,20,27,16,13,11,8,8,10,9,7,9,5,7,11,7,13,13,5,3,4,2,2,2,1,1,0,0
21.9449348694419,0.0156979166666504,1.375,1.67,712.949332770687,5.6657223796034,109,41,25,16,16,16,10,8,7,12,12,7,5,1,5,12,9,6,8,4,4,3,3,5,4,0,2,2,1,1
21.9749659790377,0.026933850000036,1.917,1.65,153.625933837289,5.14018691588785,72,20,15,11,5,4,7,10,3,6,4,6,4,1,5,6,4,5,8,3,4,5,3,1,2,0,0,0,0,0
21.9996621394194,0.0245769999999926,2.1066,1.66,229.287007888826,3.37078651685393,81,24,22,12,10,7,10,6,14,11,4,5,12,7,3,11,3,4,6,1,5,1,3,1,2,0,1,1,0,0
22.0248387334203,0.0912328199996583,6.4098,1.66,94.6730310585241,6.64556962025316,92,37,29,14,11,7,11,8,4,9,6,4,7,5,7,5,9,12,8,5,5,6,7,2,2,3,0,1,0,0
22.0454195468951,0.0193972000000022,1.704,1.64,298.908610171385,6.66666666666667,75,32,12,14,12,10,12,7,6,2,7,1,6,7,3,7,4,3,10,3,5,4,5,7,1,0,0,0,0,0
22.0748559067919,0.0323044666666981,2.2538,1.64,234.771323318814,5.73248407643312,88,32,24,14,21,12,11,12,8,10,4,2,5,2,4,9,5,11,11,6,5,5,5,4,1,2,1,0,0,3
22.1012061048492,0.0179935066667501,1.2914,1.63,371.324299747835,4.49101796407186,94,38,21,13,15,16,8,14,9,6,3,9,6,3,7,11,10,10,11,5,10,5,6,2,1,1,0,0,0,0
22.1246531996337,0.0184091999998669,1.587,1.65,381.936563079961,5.66801619433198,67,18,19,12,16,8,10,5,8,5,3,6,5,5,7,8,4,7,10,5,5,4,3,2,2,0,3,0,0,1
22.1518001034569,0.036496046666719,2.5492,1.65,205.202381706527,5.29801324503311,92,28,19,14,16,9,16,3,6,11,9,5,4,6,5,16,4,2,9,5,7,6,3,2,1,2,2,0,0,0
22.1817306683824,0.0337937466667914,2.4196,1.65,201.66279282432,5.35211267605634,103,59,25,13,17,11,8,7,9,8,3,6,10,6,6,12,8,5,7,8,5,10,6,0,2,0,1,0,0,0
22.2095442832761,0.0275852399999983,1.9564,1.63,304.300057373167,7.35294117647059,77,32,11,15,4,10,8,9,6,7,5,7,8,10,5,5,7,7,9,7,3,5,7,3,1,2,1,1,0,0
22.2340647733775,0.0407539999998846,2.87,1.65,220.967178260914,6.44067796610169,88,38,19,11,14,8,13,5,5,7,9,7,3,4,8,7,6,9,6,5,4,9,1,3,1,1,3,0,1,2
22.2631010422645,0.0238346399999985,1.6904,1.63,610.327268851931,5.70071258907363,118,54,28,19,13,12,16,12,8,13,4,16,10,10,7,10,2,9,14,12,10,3,10,1,1,3,3,1,2,2
22.2842122023938,0.0739263600003135,6.4098,1.65,85.9747354257624,5.53745928338762,93,26,14,11,18,14,12,6,8,8,11,14,2,6,3,10,4,10,11,4,5,5,6,4,2,0,0,0,0,3
22.3075382354808,0.0253165499999219,2.1546,1.66,319.440954296182,6.84410646387833,72,33,16,18,11,7,8,7,9,8,8,7,3,5,5,7,0,4,10,5,2,6,6,0,2,2,0,1,1,0
22.3346639829936,0.0331336399999519,2.3416,1.62,218.459425989586,5.46218487394958,64,29,11,13,13,3,10,8,7,5,5,5,6,7,2,8,7,4,8,3,7,3,5,3,0,0,0,0,2,1
22.3546670464997,0.0211632100000269,1.8646,1.65,454.57866641966,7.02341137123746,69,32,23,17,13,14,11,5,5,8,7,5,7,11,7,10,5,6,10,6,7,6,6,2,3,2,1,0,1,1
22.3835881798011,0.0148965333333186,1.054,1.65,264.625642054672,2.43055555555556,91,33,17,18,15,15,9,5,9,6,5,7,4,5,1,5,2,15,6,6,7,4,2,1,0,0,0,0,0,0
22.4091969596495,0.0261290000001466,1.8444,1.66,436.245955635725,6.94789081885856,108,53,21,13,17,15,13,16,9,7,10,13,7,6,7,17,10,11,9,6,7,11,6,4,2,2,2,1,0,1
22.4340972729397,0.029593413333236,2.0816,1.66,415.110735455337,5.6,118,38,27,15,14,10,14,20,8,7,6,6,5,3,3,11,10,13,10,8,8,5,2,4,4,2,2,0,2,1
22.4626998135711,0.0427344800000571,3.0416,1.65,329.476346081564,4.96613995485327,128,48,32,20,15,19,11,19,10,7,10,15,13,8,6,13,16,8,9,9,5,5,3,3,2,4,1,2,2,1
22.4871276719074,0.0340735333334194,2.9416,1.66,307.775412604961,8.76132930513595,90,43,29,14,14,10,5,8,7,7,9,6,2,4,4,12,6,8,11,6,7,11,8,3,3,2,1,1,0,2
22.5090422236467,0.0468699999996971,3.27,1.66,210.138829078163,5.84958217270195,117,34,24,21,12,12,8,12,9,10,6,4,13,8,5,11,6,8,9,5,4,6,7,1,2,0,4,1,0,1
22.5360748590081,0.0218168133334345,1.5658,1.66,640.070624227627,5.87002096436059,134,57,28,24,26,13,13,17,9,16,8,11,13,12,8,16,9,16,8,5,6,6,9,4,3,2,1,1,2,0
22.5665376108072,0.0351969333333676,2.4556,1.66,252.558256291561,5.18134715025907,122,49,27,18,16,8,11,11,12,5,6,5,4,4,7,12,10,9,12,11,7,5,4,6,2,3,0,0,0,3
22.6307880782242,0.0842767199998338,2.8376,1.66,281.226024962176,6.13931523022432,232,103,75,40,35,30,29,25,16,16,15,19,20,12,13,25,17,16,26,20,11,11,14,12,6,4,3,0,2,1
22.6557102602355,0.0200760533333899,1.4072,1.66,507.372119866333,4.93827160493827,121,57,24,20,15,16,10,8,7,8,13,7,10,6,5,15,12,10,8,6,7,5,6,3,2,2,0,1,1,0
22.6753137828155,0.0211106599998645,1.8682,1.68,520.550578540866,5.45977011494253,97,49,29,13,14,17,13,6,5,6,8,3,7,7,6,8,6,8,9,10,8,5,4,4,0,2,2,0,2,0
22.7021336932532,0.0299890500000121,2.1294,1.74,219.629672785559,4.24242424242424,118,32,25,11,9,13,13,10,9,6,10,9,4,4,1,10,2,11,8,6,5,6,3,2,0,1,2,0,0,2
22.7301906258853,0.0265589800000137,1.8508,1.81,428.205552080243,4.76190476190476,156,49,28,25,21,14,18,7,9,11,11,3,6,13,7,12,7,18,11,5,9,7,4,3,3,2,2,0,1,1
22.7521644631689,0.0134277800000015,1.1796,1.87,871.369624545574,5.48926014319809,132,45,26,16,6,9,11,22,12,6,11,8,8,5,6,22,3,13,11,10,14,7,6,2,5,0,2,0,1,2
22.7769733176555,0.0218703333333268,1.8746,1.85,564.996173384191,6.23145400593472,92,39,22,19,13,15,11,12,7,3,6,7,7,4,6,10,9,9,13,6,6,0,4,5,5,2,4,0,1,1
22.8085869358805,0.031010860000056,2.2098,1.91,407.439547035211,6.18556701030928,97,55,35,11,19,13,8,16,8,8,10,5,7,9,6,11,7,9,14,8,8,6,7,3,3,1,1,1,2,1
22.8405627928449,0.0235968233334326,1.6598,1.83,473.814392233582,5.54156171284635,108,45,20,19,15,20,16,7,12,15,6,8,12,11,9,13,5,8,10,7,9,7,5,2,3,1,2,2,0,0
22.8657744092762,0.0372506133332311,3.2486,1.85,223.492808674124,5,99,29,25,16,20,11,12,11,12,7,8,7,11,5,4,12,5,8,12,6,3,7,3,0,5,0,1,0,1,1
22.890834577757,0.0233662466665816,1.9858,1.85,487.034679588586,5.83090379008746,100,50,16,16,17,8,16,8,9,3,6,6,6,6,6,9,5,7,13,8,8,7,3,3,2,0,1,3,1,0
22.9185202732318,0.0287650033333987,2.0522,1.81,450.379660850213,6.77966101694915,123,55,29,26,12,15,7,11,2,11,11,8,5,8,9,7,8,13,13,7,5,4,7,7,4,1,4,1,0,1
22.9429118623341,0.01610891666665,1.411,1.82,531.20047627145,6.11620795107034,95,36,20,12,10,7,11,9,7,9,7,10,8,7,4,9,8,9,7,12,10,6,5,5,1,3,0,0,0,0
22.9665897699836,0.018783549999942,1.5986,1.8,566.529702253275,6.59340659340659,122,37,26,10,14,9,8,12,9,6,8,7,3,9,10,9,7,13,12,3,6,6,10,2,3,1,0,0,2,1
22.9910171440119,0.0420359333333502,2.9848,1.76,296.668412797822,7.96915167095116,117,41,28,10,18,15,12,15,7,8,10,8,8,9,6,11,5,8,7,11,4,12,4,6,3,3,2,0,1,1
23.021365297448,0.0401721600001504,2.8224,1.8,238.057124496207,4.93562231759657,145,62,34,15,20,20,15,17,13,9,8,11,7,7,4,11,11,9,9,7,9,8,3,7,3,1,1,0,0,4
23.0484937090921,0.0162070999999832,1.4196,1.79,665.897526054288,5.96205962059621,105,43,18,22,16,12,14,8,4,11,7,12,7,9,7,11,7,6,9,9,10,7,6,3,2,1,1,1,1,3
23.0786784118461,0.0391826400000523,2.7888,1.79,184.353859257396,5.48387096774194,106,41,21,5,14,2,10,11,8,14,6,3,11,6,7,4,4,3,6,7,4,7,5,0,2,1,1,1,0,0
23.1032617380609,0.0469216066668423,3.2966,1.81,264.988198993036,6.66666666666667,119,44,27,24,15,20,8,14,11,10,11,5,8,2,5,13,11,9,10,4,8,7,6,2,8,1,1,1,1,3
23.1232350372569,0.0222682666666056,1.942,1.82,459.67629761662,5.25059665871122,125,57,31,26,22,10,10,10,15,8,9,9,4,7,4,12,6,10,11,4,7,7,5,2,4,2,1,0,1,0
23.1593132934727,0.03090548333326,2.179,1.83,453.055194156513,6.27705627705628,133,53,35,25,15,14,11,14,9,8,6,11,13,3,2,20,12,15,19,7,8,6,8,4,6,2,1,1,1,4
23.1924755262439,0.0347612000000339,2.4252,1.83,410.875574328353,5.30973451327434,146,60,39,16,18,8,14,6,11,11,4,9,12,7,7,15,11,10,12,6,6,2,7,4,5,0,2,2,2,0
23.2413403791629,0.0421666333331947,2.966,1.84,235.096779477754,5.14285714285714,100,41,24,12,14,8,12,12,8,10,10,8,4,6,8,8,10,9,12,6,10,6,3,2,2,1,3,1,0,3
23.2709894094758,0.0417188566668812,2.9414,1.82,303.548664567463,6.10687022900763,126,44,28,9,18,11,12,9,8,8,7,13,5,8,3,11,8,15,13,7,6,7,7,1,0,4,3,1,1,1
23.3349152016699,0.047810559999878,1.4848,1.82,583.237011432471,6.14035087719298,259,100,66,51,39,36,29,14,18,17,20,28,14,13,15,27,27,20,29,19,15,8,17,9,7,8,4,2,1,4
23.3731818967344,0.0386280000001449,2.32,1.81,312.342789133323,5.45023696682464,121,58,31,20,15,11,13,8,14,17,10,9,5,6,8,12,10,10,10,7,4,5,2,6,3,3,2,2,0,2
23.3957371527443,0.022626933333228,1.586,1.81,768.716364169177,8.64485981308411,126,51,32,12,20,7,18,10,12,13,8,10,13,6,5,8,9,9,8,8,6,5,11,7,5,3,2,2,2,2
23.4221234478371,0.025858380000003,2.2716,1.8,348.696121147297,5.44412607449857,111,32,15,19,7,16,14,14,11,9,12,5,5,9,6,4,4,11,10,7,9,4,3,6,2,3,1,0,0,0
23.4422923018679,0.0165908000001181,1.416,1.8,932.34627274579,7.03363914373089,93,27,29,20,10,14,10,6,7,5,7,13,7,3,6,9,6,10,9,7,6,4,3,3,1,5,3,0,4,0
23.4725060067228,0.0219136566665499,1.5634,1.8,573.626192820723,6.91823899371069,98,33,32,12,14,13,4,9,10,8,10,8,7,1,1,4,10,10,5,4,3,6,3,2,3,1,2,4,1,2
23.5101798147957,0.022374646666668,1.5574,1.8,432.417986126587,3.80710659898477,126,44,29,21,15,12,11,8,8,10,11,11,8,6,2,16,8,11,11,6,5,4,2,2,3,2,0,0,2,1
23.5392788069438,0.0213338666667061,1.8824,1.8,623.455545403498,7.77385159010601,79,40,16,17,15,12,4,4,7,3,5,3,8,6,3,5,3,11,10,4,6,4,4,4,2,2,0,4,2,0
23.6004391872833,0.0571087200000167,1.9164,1.79,314.10626434955,6.38297872340426,181,70,35,36,25,22,15,18,9,12,20,11,17,6,2,16,17,21,20,10,9,12,8,6,2,7,3,0,1,1
23.6338231252645,0.0231308000000635,1.6522,1.79,283.81936613298,4.40677966101695,87,40,24,9,14,7,11,9,7,7,3,10,10,3,6,6,8,4,8,5,4,2,3,3,2,2,1,0,0,1
23.6616412915629,0.0215444833332822,1.519,1.81,358.146909202733,3.91061452513966,115,34,19,23,18,21,12,12,9,11,5,9,7,4,7,9,6,12,4,4,3,5,3,1,1,1,1,2,0,0
23.6943165981893,0.0251037899999174,1.7658,1.81,464.552962958813,7.46268656716418,96,37,19,18,14,10,11,8,6,5,10,4,5,9,5,4,7,12,13,8,9,10,5,3,3,0,1,2,1,0
23.7330820652941,0.0132701400000792,1.1556,1.8,680.143822325797,5.08982035928144,100,41,17,19,17,14,8,9,10,4,6,9,5,3,5,11,6,14,10,5,4,5,3,3,2,2,0,1,1,1
23.7743739707032,0.0149100233333255,1.0562,1.77,751.652405054766,7.00280112044818,107,40,21,14,16,16,7,9,14,6,6,11,10,4,5,7,6,10,10,7,6,3,6,4,7,3,2,0,0,0
23.8115226202647,0.0212267766666163,1.4966,1.79,543.26981756466,4.78589420654912,118,44,24,12,19,8,10,14,15,8,16,7,6,8,4,18,10,11,10,9,7,3,7,3,3,0,0,0,3,3
23.8410648642242,0.0118272000000434,1.024,1.79,847.582282564153,5.94059405940594,84,26,17,10,17,12,5,7,10,8,7,8,6,4,3,12,8,13,9,10,9,4,5,3,1,2,2,0,1,1
23.8609413382271,0.0128571600000106,1.1052,1.79,466.937247780316,4.69798657718121,94,23,23,10,17,12,16,8,9,8,6,5,5,2,3,9,6,8,8,9,3,2,7,4,0,0,1,0,0,1
23.8816877892724,0.0178968900000239,1.2738,1.78,608.12769238272,5.70570570570571,104,31,16,12,11,18,10,8,7,8,7,9,9,2,7,12,6,10,12,8,7,4,6,1,2,2,2,1,1,0
23.922083856661,0.0223962399999366,1.5772,1.79,722.607335568159,7.19794344473008,112,36,23,12,17,14,11,12,9,12,9,11,11,5,7,8,13,10,9,12,8,4,7,5,3,1,3,4,1,1
23.9513193410711,0.0172894399999526,1.5078,1.81,615.941314699564,5.60224089635854,102,34,26,12,13,9,16,14,10,10,10,10,6,5,7,12,4,13,8,9,7,3,4,3,5,1,4,0,0,1
23.9638770869481,0.0218990200000415,1.5314,1.82,594.911950353515,8.1570996978852,89,37,20,13,15,12,17,12,5,10,5,13,6,4,2,6,8,11,9,7,3,6,3,5,5,3,4,0,1,0
23.9761755216399,0.0235256000000646,1.6804,1.8,638.484598802598,6.19047619047619,130,45,24,19,17,16,11,14,12,12,7,10,10,5,9,9,6,10,9,8,11,6,6,6,1,1,1,2,3,1
23.9864558054148,0.0181326599999743,1.5498,1.79,579.445407627103,6.66666666666667,99,39,28,19,19,9,10,5,10,12,8,10,6,5,7,9,10,9,13,5,4,9,4,1,4,4,1,1,0,1
23.9965115036675,0.0132980299999711,1.1614,1.79,761.256463505532,5.11182108626198,92,25,26,17,17,10,9,6,8,6,6,9,5,4,7,8,5,10,11,11,5,6,2,3,1,1,0,0,3,1
24.0090153240996,0.0191950733332614,1.3486,1.79,650.199474926694,7.36543909348442,110,26,23,15,14,9,10,11,13,1,9,4,11,3,7,17,2,13,11,12,6,5,6,6,4,2,1,1,1,2
24.019189444376,0.0192654000000487,1.6632,1.79,469.33033111745,5.55555555555556,113,33,24,11,18,4,10,7,10,6,7,13,7,10,2,11,6,8,13,4,6,8,3,2,2,2,1,0,1,3
24.0314443061786,0.0222642000000927,1.596,1.77,621.964308386353,7.53623188405797,88,29,39,22,19,15,13,7,12,7,5,7,7,5,8,3,6,4,4,10,9,5,3,4,5,5,2,0,2,1
24.0439177944103,0.0251623999999288,1.772,1.75,722.574280089368,8.46681922196796,114,38,25,23,16,15,15,16,14,15,7,7,10,8,5,14,9,12,19,10,8,9,7,7,4,3,3,3,1,1
24.054018139792,0.0181768999999296,1.5806,1.77,458.363655163221,5.04201680672269,117,33,26,12,13,8,13,4,12,9,9,6,6,10,4,14,9,12,8,5,9,5,5,6,1,0,0,0,1,0
24.0664796859131,0.0222962000001147,1.572,1.77,561.339848234152,7.05521472392638,89,34,22,16,12,11,9,16,10,5,9,4,8,8,4,8,11,5,8,5,9,3,6,5,2,3,0,3,1,1
24.0789957426601,0.0213464999999103,1.498,1.77,605.419192814778,6.56565656565657,120,42,24,24,17,15,13,8,6,11,5,13,10,6,3,8,5,12,7,15,6,5,6,6,1,4,3,0,1,0
24.0891706966484,0.0147293666667039,1.2716,1.77,886.198396914441,7.88643533123028,101,42,14,13,9,8,4,8,12,3,12,4,5,9,7,10,4,8,7,9,3,6,5,6,1,2,0,3,2,1
24.1014097796255,0.0164385466666172,1.1798,1.81,672.758293628941,8.70967741935484,78,28,20,15,9,17,11,9,12,5,5,8,6,7,8,6,6,6,12,8,7,8,7,2,5,3,1,1,0,1
24.1139114509411,0.0163768733333946,1.1506,1.77,635.036261926956,4.34782608695652,89,42,29,15,13,12,16,15,14,7,10,5,7,9,8,17,3,14,14,5,8,2,3,5,1,2,1,1,1,3
24.1239695089901,0.0161147299999649,1.4074,1.78,662.691554847809,6.68896321070234,77,26,14,16,15,10,7,10,10,6,8,4,4,9,6,6,8,10,15,12,6,4,4,5,2,2,2,0,1,0
24.1365879019262,0.0232538866666681,1.6186,1.81,469.824652068811,7.14285714285714,88,31,15,14,10,4,10,8,4,5,4,8,8,1,3,8,5,8,15,6,5,4,4,5,2,1,0,3,1,0
24.1489471413298,0.0216936133333522,1.5422,1.81,489.84686435476,5.98290598290598,103,38,22,14,14,12,9,15,9,6,2,8,7,4,10,8,5,13,9,18,4,5,4,3,5,1,2,1,0,0
24.1591382387827,0.0182328800000357,1.5718,1.82,711.908212357453,7.21649484536082,84,28,8,16,7,15,8,11,7,6,7,6,5,10,5,9,8,7,13,7,3,6,2,3,2,2,1,3,2,0
24.171462233843,0.0216365933333724,1.5418,1.85,342.818576565401,6.0377358490566,91,28,14,11,19,8,10,5,5,4,3,4,8,4,2,3,6,8,6,5,5,4,3,3,3,1,1,1,0,1
24.1974792779311,0.0455800499999603,1.539,1.87,449.805866318641,5.19662921348315,234,70,45,39,27,21,20,13,19,18,22,15,12,11,10,15,13,21,28,14,8,13,4,6,4,3,2,3,2,0
24.2100273285469,0.0222962833333858,1.561,NaN,NaN,NaN,NaN,NaN,NaN,NaN,NaN,NaN,NaN,NaN,NaN,NaN,NaN,NaN,NaN,NaN,NaN,NaN,NaN,NaN,NaN,NaN,NaN,NaN,NaN,NaN,NaN,NaN,NaN,NaN,NaN,NaN
24.2225856017318,0.0221993199998766,1.5524,NaN,NaN,NaN,NaN,NaN,NaN,NaN,NaN,NaN,NaN,NaN,NaN,NaN,NaN,NaN,NaN,NaN,NaN,NaN,NaN,NaN,NaN,NaN,NaN,NaN,NaN,NaN,NaN,NaN,NaN,NaN,NaN,NaN
24.2348836551365,0.0214592000000589,1.5328,NaN,NaN,NaN,NaN,NaN,NaN,NaN,NaN,NaN,NaN,NaN,NaN,NaN,NaN,NaN,NaN,NaN,NaN,NaN,NaN,NaN,NaN,NaN,NaN,NaN,NaN,NaN,NaN,NaN,NaN,NaN,NaN,NaN
24.2472274477377,0.0210778100000282,1.5002,NaN,NaN,NaN,NaN,NaN,NaN,NaN,NaN,NaN,NaN,NaN,NaN,NaN,NaN,NaN,NaN,NaN,NaN,NaN,NaN,NaN,NaN,NaN,NaN,NaN,NaN,NaN,NaN,NaN,NaN,NaN,NaN,NaN
24.25980011892,0.0207563033333631,1.4498,NaN,NaN,NaN,NaN,NaN,NaN,NaN,NaN,NaN,NaN,NaN,NaN,NaN,NaN,NaN,NaN,NaN,NaN,NaN,NaN,NaN,NaN,NaN,NaN,NaN,NaN,NaN,NaN,NaN,NaN,NaN,NaN,NaN
24.2698161884253,0.0136001999999937,1.193,NaN,NaN,NaN,NaN,NaN,NaN,NaN,NaN,NaN,NaN,NaN,NaN,NaN,NaN,NaN,NaN,NaN,NaN,NaN,NaN,NaN,NaN,NaN,NaN,NaN,NaN,NaN,NaN,NaN,NaN,NaN,NaN,NaN
24.2800497400387,0.0171441400000045,1.4716,NaN,NaN,NaN,NaN,NaN,NaN,NaN,NaN,NaN,NaN,NaN,NaN,NaN,NaN,NaN,NaN,NaN,NaN,NaN,NaN,NaN,NaN,NaN,NaN,NaN,NaN,NaN,NaN,NaN,NaN,NaN,NaN,NaN
24.2924198738862,0.020285633333188,1.4404,NaN,NaN,NaN,NaN,NaN,NaN,NaN,NaN,NaN,NaN,NaN,NaN,NaN,NaN,NaN,NaN,NaN,NaN,NaN,NaN,NaN,NaN,NaN,NaN,NaN,NaN,NaN,NaN,NaN,NaN,NaN,NaN,NaN
24.3024929237498,0.017663253333449,1.5404,NaN,NaN,NaN,NaN,NaN,NaN,NaN,NaN,NaN,NaN,NaN,NaN,NaN,NaN,NaN,NaN,NaN,NaN,NaN,NaN,NaN,NaN,NaN,NaN,NaN,NaN,NaN,NaN,NaN,NaN,NaN,NaN,NaN
24.3150697932669,0.0207563033333631,1.4498,NaN,NaN,NaN,NaN,NaN,NaN,NaN,NaN,NaN,NaN,NaN,NaN,NaN,NaN,NaN,NaN,NaN,NaN,NaN,NaN,NaN,NaN,NaN,NaN,NaN,NaN,NaN,NaN,NaN,NaN,NaN,NaN,NaN
24.3273517515668,0.0230780933332317,1.6504,NaN,NaN,NaN,NaN,NaN,NaN,NaN,NaN,NaN,NaN,NaN,NaN,NaN,NaN,NaN,NaN,NaN,NaN,NaN,NaN,NaN,NaN,NaN,NaN,NaN,NaN,NaN,NaN,NaN,NaN,NaN,NaN,NaN
24.3376298252263,0.0180881999999743,1.546,NaN,NaN,NaN,NaN,NaN,NaN,NaN,NaN,NaN,NaN,NaN,NaN,NaN,NaN,NaN,NaN,NaN,NaN,NaN,NaN,NaN,NaN,NaN,NaN,NaN,NaN,NaN,NaN,NaN,NaN,NaN,NaN,NaN
24.3499999583525,0.0201701500000081,1.4322,NaN,NaN,NaN,NaN,NaN,NaN,NaN,NaN,NaN,NaN,NaN,NaN,NaN,NaN,NaN,NaN,NaN,NaN,NaN,NaN,NaN,NaN,NaN,NaN,NaN,NaN,NaN,NaN,NaN,NaN,NaN,NaN,NaN
